Subject,Method,raw_gate,effective_gate,confidence,updated,effective_source_weight,effective_ema_weight,effective_batch_weight,probe_gate,min_gate,batch_index,batch_size,true_class_0_count,true_class_0_ratio,true_class_1_count,true_class_1_ratio,true_max_class_ratio,true_num_present_classes,g_mi,effective_mi_gate,diversity_norm,sample_entropy_norm,w_source,w_ema,w_batch,rho,n_eff,alpha,entropy_updated,loss_entropy,gate_threshold,gate_aware_ema,dynamic_mixture_weights,pred_class_0_count,pred_class_0_ratio,pred_class_1_count,pred_class_1_ratio,pred_max_class_ratio,pred_num_present_classes,true_imbalance
S1,EMATent,0.9698038101196289,0.9698038101196289,0.6314455270767212,1.0,0.20905885696411133,0.5,0.29094114303588864,0.0,0.0,0,64,47,0.734375,17.0,0.265625,0.734375,2,,,,,,,,,,,,,,,,,,,,,,
S1,EMATent,0.9653634428977966,0.9653634428977966,0.6426746845245361,1.0,0.21039096713066102,0.5,0.289609032869339,0.0,0.0,1,64,19,0.296875,45.0,0.703125,0.703125,2,,,,,,,,,,,,,,,,,,,,,,
S1,EMATent,0.8411892652511597,0.8411892652511597,0.7412459254264832,1.0,0.24764322042465212,0.5,0.2523567795753479,0.0,0.0,2,64,41,0.640625,23.0,0.359375,0.640625,2,,,,,,,,,,,,,,,,,,,,,,
S1,EMATent,0.9941267967224121,0.9941267967224121,0.667651355266571,1.0,0.20176196098327637,0.5,0.29823803901672363,0.0,0.0,3,64,36,0.5625,28.0,0.4375,0.5625,2,,,,,,,,,,,,,,,,,,,,,,
S1,EMATent,0.9533295035362244,0.9533295035362244,0.6331074833869934,1.0,0.2140011489391327,0.5,0.2859988510608673,0.0,0.0,4,10,0,0.0,10.0,1.0,1.0,1,,,,,,,,,,,,,,,,,,,,,,
S1,DynaMixEMATent,,,,,,,,,,0,64,47,0.734375,17.0,0.265625,0.734375,2,0.04509161412715912,0.9698038101196289,0.9698038101196289,0.9247121810913086,0.43660837754578247,0.27245047941832895,0.29094114303588864,0.3842424034936198,62.06744384765625,0.19999999999999996,1.0,0.6503852605819702,0.2,0.0,1.0,30.0,0.46875,34.0,0.53125,0.53125,2.0,0.234375
S1,DynaMixEMATent,,,,,,,,,,1,64,19,0.296875,45.0,0.703125,0.703125,2,0.06568963080644608,0.9356231093406677,0.9356231093406677,0.8699334859848022,0.2774340434087584,0.44187902378904126,0.2806869328022003,0.6143069602648155,121.94732284545898,0.19999999999999996,1.0,0.6485036611557007,0.2,0.0,1.0,26.0,0.40625,38.0,0.59375,0.59375,2.0,0.203125
S1,DynaMixEMATent,,,,,,,,,,2,64,41,0.640625,23.0,0.359375,0.640625,2,0.0919359028339386,0.9923775792121887,0.9923775792121887,0.9004416465759277,0.16491653760580602,0.5373701886305374,0.2977132737636566,0.765172070829791,185.45948791503906,0.19999999999999996,1.0,0.4552660882472992,0.2,0.0,1.0,36.0,0.5625,28.0,0.4375,0.5625,2.0,0.140625
S1,DynaMixEMATent,,,,,,,,,,3,64,36,0.5625,28.0,0.4375,0.5625,2,0.05472875013947487,0.9868297576904297,0.9868297576904297,0.9321010112762451,0.10092641899595683,0.6030246536969143,0.2960489273071289,0.8566286452126903,248.61659240722656,0.19999999999999996,1.0,0.4435400366783142,0.2,0.0,1.0,51.0,0.796875,13.0,0.203125,0.796875,2.0,0.0625
S1,DynaMixEMATent,,,,,,,,,,4,10,0,0.0,10.0,1.0,1.0,1,0.03484927490353584,0.999940037727356,0.999940037727356,0.965090811252594,0.09282059919105967,0.6071973894907335,0.2999820113182068,0.8674025515174967,258.6159927845001,0.19999999999999996,1.0,0.5650516748428345,0.2,0.0,1.0,10.0,1.0,0.0,0.0,1.0,1.0,0.5
S2,EMATent,0.991064190864563,0.991064190864563,0.6832670569419861,1.0,0.2026807427406311,0.5,0.29731925725936886,0.0,0.0,0,64,50,0.78125,14.0,0.21875,0.78125,2,,,,,,,,,,,,,,,,,,,,,,
S2,EMATent,0.9916173219680786,0.9916173219680786,0.6514747738838196,1.0,0.20251480340957642,0.5,0.29748519659042355,0.0,0.0,1,64,37,0.578125,27.0,0.421875,0.578125,2,,,,,,,,,,,,,,,,,,,,,,
S2,EMATent,0.9771880507469177,0.9771880507469177,0.6616482138633728,1.0,0.20684358477592468,0.5,0.2931564152240753,0.0,0.0,2,64,54,0.84375,10.0,0.15625,0.84375,2,,,,,,,,,,,,,,,,,,,,,,
S2,EMATent,0.9811668395996094,0.9811668395996094,0.6983867883682251,1.0,0.2056499481201172,0.5,0.2943500518798828,0.0,0.0,3,61,22,0.36065573770491804,39.0,0.639344262295082,0.639344262295082,2,,,,,,,,,,,,,,,,,,,,,,
S2,DynaMixEMATent,,,,,,,,,,0,64,50,0.78125,14.0,0.21875,0.78125,2,0.1400023102760315,0.991064190864563,0.991064190864563,0.8510618805885315,0.4281058840919857,0.2745748586486455,0.29731925725936886,0.39075335632186914,63.42810821533203,0.19999999999999996,1.0,0.5897292494773865,0.2,0.0,1.0,31.0,0.484375,33.0,0.515625,0.515625,2.0,0.28125
S2,DynaMixEMATent,,,,,,,,,,1,64,37,0.578125,27.0,0.421875,0.578125,2,0.08980993926525116,0.9955358505249023,0.9955358505249023,0.90572589635849,0.2597427435793487,0.4415965012631806,0.2986607551574707,0.6296474987113143,127.14240264892578,0.19999999999999996,1.0,0.5782145261764526,0.2,0.0,1.0,35.0,0.546875,29.0,0.453125,0.546875,2.0,0.078125
S2,DynaMixEMATent,,,,,,,,,,2,64,54,0.84375,10.0,0.15625,0.84375,2,0.08854294568300247,0.9475318789482117,0.9475318789482117,0.8589889407157898,0.16505052216196614,0.5506899141535704,0.2842595636844635,0.7693989136458359,187.78444290161133,0.19999999999999996,1.0,0.5632617473602295,0.2,0.0,1.0,60.0,0.9375,4.0,0.0625,0.9375,2.0,0.34375
S2,DynaMixEMATent,,,,,,,,,,3,61,22,0.36065573770491804,39.0,0.639344262295082,0.639344262295082,2,0.13985198736190796,0.999871015548706,0.999871015548706,0.8600190281867981,0.10024013141092178,0.5997985639244664,0.2999613046646118,0.8568077278029655,248.7765748500824,0.19999999999999996,1.0,0.49557697772979736,0.2,0.0,1.0,32.0,0.5245901639344263,29.0,0.47540983606557374,0.5245901639344263,2.0,0.139344262295082
S3,EMATent,0.688866376876831,0.688866376876831,0.8281863927841187,1.0,0.2933400869369507,0.5,0.20665991306304932,0.0,0.0,0,64,50,0.78125,14.0,0.21875,0.78125,2,,,,,,,,,,,,,,,,,,,,,,
S3,EMATent,0.4901903569698334,0.4901903569698334,0.8956398963928223,1.0,0.35294289290905,0.5,0.14705710709095002,0.0,0.0,1,64,6,0.09375,58.0,0.90625,0.90625,2,,,,,,,,,,,,,,,,,,,,,,
S3,EMATent,0.7598853707313538,0.7598853707313538,0.792535126209259,1.0,0.2720343887805939,0.5,0.22796561121940612,0.0,0.0,2,64,43,0.671875,21.0,0.328125,0.671875,2,,,,,,,,,,,,,,,,,,,,,,
S3,EMATent,0.8526715636253357,0.8526715636253357,0.7999535202980042,1.0,0.2441985309123993,0.5,0.2558014690876007,0.0,0.0,3,64,36,0.5625,28.0,0.4375,0.5625,2,,,,,,,,,,,,,,,,,,,,,,
S3,EMATent,0.6330710649490356,0.6330710649490356,0.8405171036720276,1.0,0.3100786805152893,0.5,0.1899213194847107,0.0,0.0,4,11,11,1.0,,,1.0,1,,,,,,,,,,,,,,,,,,,,,,
S3,DynaMixEMATent,,,,,,,,,,0,64,50,0.78125,14.0,0.21875,0.78125,2,0.09876877814531326,0.688866376876831,0.688866376876831,0.5900976061820984,0.5621781555789839,0.23116193135796678,0.20665991306304932,0.2913781052593375,44.08744812011719,0.19999999999999996,1.0,0.5773622989654541,0.2,0.0,1.0,8.0,0.125,56.0,0.875,0.875,2.0,0.28125
S3,DynaMixEMATent,,,,,,,,,,1,64,6,0.09375,58.0,0.90625,0.90625,2,0.06719177216291428,0.4328676462173462,0.4328676462173462,0.3656758666038513,0.49660094150470174,0.37353876463009444,0.12986029386520384,0.42928596637587335,71.79097747802734,0.19999999999999996,1.0,0.4249105155467987,0.2,0.0,1.0,1.0,0.015625,63.0,0.984375,0.984375,2.0,0.40625
S3,DynaMixEMATent,,,,,,,,,,2,64,43,0.671875,21.0,0.328125,0.671875,2,0.07265372574329376,0.5391700863838196,0.5391700863838196,0.4665163457393646,0.3653526701673333,0.4728963039175208,0.16175102591514587,0.5641477872773997,106.2978630065918,0.19999999999999996,1.0,0.6228742003440857,0.2,0.0,1.0,7.0,0.109375,57.0,0.890625,0.890625,2.0,0.171875
S3,DynaMixEMATent,,,,,,,,,,3,64,36,0.5625,28.0,0.4375,0.5625,2,0.07827149331569672,0.43542400002479553,0.43542400002479553,0.3571524918079376,0.3047854167504649,0.5645873832420965,0.13062720000743866,0.6494191942132619,134.1649990081787,0.19999999999999996,1.0,0.5431926250457764,0.2,0.0,1.0,26.0,0.40625,38.0,0.59375,0.59375,2.0,0.0625
S3,DynaMixEMATent,,,,,,,,,,4,11,11,1.0,,,1.0,1,0.016380207613110542,0.2940891683101654,0.2940891683101654,0.2777089774608612,0.3116728208851377,0.6001004286218127,0.08822675049304962,0.658168496329896,137.39997985959053,0.19999999999999996,1.0,0.6296858191490173,0.2,0.0,1.0,0.0,0.0,11.0,1.0,1.0,1.0,0.0
S4,EMATent,0.969338595867157,0.969338595867157,0.7644387483596802,1.0,0.2091984212398529,0.5,0.29080157876014706,0.0,0.0,0,64,35,0.546875,29.0,0.453125,0.546875,2,,,,,,,,,,,,,,,,,,,,,,
S4,EMATent,0.7471837997436523,0.7471837997436523,0.8123607635498047,1.0,0.2758448600769043,0.5,0.2241551399230957,0.0,0.0,1,64,20,0.3125,44.0,0.6875,0.6875,2,,,,,,,,,,,,,,,,,,,,,,
S4,EMATent,0.8251182436943054,0.8251182436943054,0.7410760521888733,1.0,0.2524645268917084,0.5,0.2475354731082916,0.0,0.0,2,64,35,0.546875,29.0,0.453125,0.546875,2,,,,,,,,,,,,,,,,,,,,,,
S4,EMATent,0.9633904099464417,0.9633904099464417,0.7641057968139648,1.0,0.21098287701606752,0.5,0.2890171229839325,0.0,0.0,3,64,10,0.15625,54.0,0.84375,0.84375,2,,,,,,,,,,,,,,,,,,,,,,
S4,EMATent,0.8773285746574402,0.8773285746574402,0.7305492758750916,1.0,0.23680142760276796,0.5,0.26319857239723204,0.0,0.0,4,11,0,0.0,11.0,1.0,1.0,1,,,,,,,,,,,,,,,,,,,,,,
S4,DynaMixEMATent,,,,,,,,,,0,64,35,0.546875,29.0,0.453125,0.546875,2,0.26092833280563354,0.969338595867157,0.969338595867157,0.7084102630615234,0.43679590533332263,0.27240251590653036,0.29080157876014706,0.3840991572292334,62.03767013549805,0.19999999999999996,1.0,0.5544223189353943,0.2,0.0,1.0,5.0,0.078125,59.0,0.921875,0.921875,2.0,0.046875
S4,DynaMixEMATent,,,,,,,,,,1,64,20,0.3125,44.0,0.6875,0.6875,2,0.14594443142414093,0.710731029510498,0.710731029510498,0.5647866129875183,0.339649679674474,0.44713101147237655,0.2132193088531494,0.568304505313439,107.52445602416992,0.19999999999999996,1.0,0.5582258701324463,0.2,0.0,1.0,12.0,0.1875,52.0,0.8125,0.8125,2.0,0.1875
S4,DynaMixEMATent,,,,,,,,,,2,64,35,0.546875,29.0,0.453125,0.546875,2,0.030746111646294594,0.5281861424446106,0.5281861424446106,0.49744004011154175,0.2789717724847407,0.5625723847818761,0.15845584273338317,0.6685001374249251,141.328369140625,0.19999999999999996,1.0,0.6329013109207153,0.2,0.0,1.0,36.0,0.5625,28.0,0.4375,0.5625,2.0,0.046875
S4,DynaMixEMATent,,,,,,,,,,3,64,10,0.15625,54.0,0.84375,0.84375,2,0.29429516196250916,0.9233231544494629,0.9233231544494629,0.6290280222892761,0.1510519752612237,0.5719510784039374,0.27699694633483884,0.7910769885472998,200.42105102539062,0.19999999999999996,1.0,0.4993818700313568,0.2,0.0,1.0,30.0,0.46875,34.0,0.53125,0.53125,2.0,0.34375
S4,DynaMixEMATent,,,,,,,,,,4,11,0,0.0,11.0,1.0,1.0,1,0.17251244187355042,0.9974135756492615,0.9974135756492615,0.8249011039733887,0.1343815979140839,0.5663943293911378,0.2992240726947784,0.8082388497121502,211.3926003575325,0.19999999999999996,1.0,0.5447431802749634,0.2,0.0,1.0,10.0,0.9090909090909091,1.0,0.09090909090909091,0.9090909090909091,2.0,0.5
S5,EMATent,0.8246254324913025,0.8246254324913025,0.778480589389801,1.0,0.25261237025260924,0.5,0.24738762974739073,0.0,0.0,0,64,37,0.578125,27.0,0.421875,0.578125,2,,,,,,,,,,,,,,,,,,,,,,
S5,EMATent,0.9869117140769958,0.9869117140769958,0.7603403925895691,1.0,0.20392648577690126,0.5,0.29607351422309874,0.0,0.0,1,64,33,0.515625,31.0,0.484375,0.515625,2,,,,,,,,,,,,,,,,,,,,,,
S5,EMATent,0.9892491698265076,0.9892491698265076,0.7697243690490723,1.0,0.20322524905204775,0.5,0.29677475094795225,0.0,0.0,2,64,24,0.375,40.0,0.625,0.625,2,,,,,,,,,,,,,,,,,,,,,,
S5,EMATent,0.9937434196472168,0.9937434196472168,0.6578773856163025,1.0,0.20187697410583497,0.5,0.298123025894165,0.0,0.0,3,64,36,0.5625,28.0,0.4375,0.5625,2,,,,,,,,,,,,,,,,,,,,,,
S5,EMATent,0.9748944640159607,0.9748944640159607,0.6223530769348145,1.0,0.2075316607952118,0.5,0.2924683392047882,0.0,0.0,4,38,11,0.2894736842105263,27.0,0.7105263157894737,0.7105263157894737,2,,,,,,,,,,,,,,,,,,,,,,
S5,DynaMixEMATent,,,,,,,,,,0,64,37,0.578125,27.0,0.421875,0.578125,2,0.1497814953327179,0.8246254324913025,0.8246254324913025,0.6748439073562622,0.4983175869023734,0.2542947833502359,0.24738762974739073,0.3378828111274381,52.77602767944336,0.19999999999999996,1.0,0.6001181602478027,0.2,0.0,1.0,55.0,0.859375,9.0,0.140625,0.859375,2.0,0.078125
S5,DynaMixEMATent,,,,,,,,,,1,64,33,0.515625,31.0,0.484375,0.515625,2,0.27886396646499634,0.9999693036079407,0.9999693036079407,0.7211053371429443,0.28112407572559434,0.4188851331920234,0.2999907910823822,0.5983994608295516,116.77406311035156,0.19999999999999996,1.0,0.5153549909591675,0.2,0.0,1.0,35.0,0.546875,29.0,0.453125,0.546875,2.0,0.015625
S5,DynaMixEMATent,,,,,,,,,,2,64,24,0.375,40.0,0.625,0.625,2,0.33232104778289795,0.9825482368469238,0.9825482368469238,0.6502271890640259,0.17328893470382534,0.5319465942420976,0.29476447105407716,0.754282182914365,179.6571502685547,0.19999999999999996,1.0,0.6067131757736206,0.2,0.0,1.0,35.0,0.546875,29.0,0.453125,0.546875,2.0,0.125
S5,DynaMixEMATent,,,,,,,,,,3,64,36,0.5625,28.0,0.4375,0.5625,2,0.15176832675933838,0.9908061623573303,0.9908061623573303,0.8390378355979919,0.10521840539255897,0.597539745900242,0.2972418487071991,0.8502779296134835,243.06874465942383,0.19999999999999996,1.0,0.586348295211792,0.2,0.0,1.0,37.0,0.578125,27.0,0.421875,0.578125,2.0,0.0625
S5,DynaMixEMATent,,,,,,,,,,4,38,11,0.2894736842105263,27.0,0.7105263157894737,0.7105263157894737,2,0.13701410591602325,0.9641445279121399,0.9641445279121399,0.8271304368972778,0.07992791137695399,0.630828730249404,0.28924335837364196,0.8875453190362563,279.70623672008514,0.19999999999999996,1.0,0.5782245397567749,0.2,0.0,1.0,24.0,0.631578947368421,14.0,0.3684210526315789,0.631578947368421,2.0,0.21052631578947367
S6,EMATent,0.006538752932101488,0.006538752932101488,0.9994693398475647,0.0,0.49803837412036955,0.5,0.0019616258796304464,0.0,0.0,0,64,41,0.640625,23.0,0.359375,0.640625,2,,,,,,,,,,,,,,,,,,,,,,
S6,EMATent,0.48831188678741455,0.48831188678741455,0.8938112854957581,1.0,0.3535064339637757,0.5,0.14649356603622435,0.0,0.0,1,64,35,0.546875,29.0,0.453125,0.546875,2,,,,,,,,,,,,,,,,,,,,,,
S6,EMATent,0.8689994215965271,0.8689994215965271,0.7110594511032104,1.0,0.23930017352104188,0.5,0.2606998264789581,0.0,0.0,2,64,22,0.34375,42.0,0.65625,0.65625,2,,,,,,,,,,,,,,,,,,,,,,
S6,EMATent,0.886746346950531,0.886746346950531,0.6976674795150757,1.0,0.2339760959148407,0.5,0.2660239040851593,0.0,0.0,3,62,29,0.46774193548387094,33.0,0.532258064516129,0.532258064516129,2,,,,,,,,,,,,,,,,,,,,,,
S6,DynaMixEMATent,,,,,,,,,,0,64,41,0.640625,23.0,0.359375,0.640625,2,0.002273234538733959,0.006538752932101488,0.006538752932101488,0.004265518393367529,0.9947807390671835,0.003257635053186053,0.0019616258796304464,0.0032640378743524767,0.41848018765449524,0.19999999999999996,0.0,0.006178130395710468,0.2,0.0,1.0,0.0,0.0,64.0,1.0,1.0,1.0,0.140625
S6,DynaMixEMATent,,,,,,,,,,1,64,35,0.546875,29.0,0.453125,0.546875,2,0.0018403524300083518,0.005340188276022673,0.005340188276022673,0.0034998359624296427,0.9924855638641527,0.0059123796530406135,0.0016020564828068018,0.0059218668181669765,0.7602522373199463,0.19999999999999996,0.0,0.0006187420221976936,0.2,0.0,1.0,0.0,0.0,64.0,1.0,1.0,1.0,0.046875
S6,DynaMixEMATent,,,,,,,,,,2,64,22,0.34375,42.0,0.65625,0.65625,2,0.00020831776782870293,0.0009670289582572877,0.0009670289582572877,0.0007587111904285848,0.9933093468981364,0.006400544414386455,0.0002901086874771863,0.006402401806771318,0.8221420906484127,0.19999999999999996,0.0,0.003762154607102275,0.2,0.0,1.0,0.0,0.0,64.0,1.0,1.0,1.0,0.15625
S6,DynaMixEMATent,,,,,,,,,,3,62,29,0.46774193548387094,33.0,0.532258064516129,0.532258064516129,2,0.0030968382488936186,0.007662567310035229,0.007662567310035229,0.004565729293972254,0.9876410494256617,0.010060180381327746,0.0022987701930105684,0.010083359708070061,1.2972212638705969,0.19999999999999996,0.0,0.004620259627699852,0.2,0.0,1.0,0.0,0.0,62.0,1.0,1.0,1.0,0.032258064516129004
S7,EMATent,0.031946662813425064,0.031946662813425064,0.9967011213302612,0.0,0.4904160011559725,0.5,0.00958399884402752,0.0,0.0,0,64,52,0.8125,12.0,0.1875,0.8125,2,,,,,,,,,,,,,,,,,,,,,,
S7,EMATent,0.24194350838661194,0.24194350838661194,0.978613555431366,1.0,0.42741694748401643,0.5,0.07258305251598358,0.0,0.0,1,64,31,0.484375,33.0,0.515625,0.515625,2,,,,,,,,,,,,,,,,,,,,,,
S7,EMATent,0.7933394312858582,0.7933394312858582,0.946856677532196,1.0,0.2619981706142426,0.5,0.23800182938575742,0.0,0.0,2,64,54,0.84375,10.0,0.15625,0.84375,2,,,,,,,,,,,,,,,,,,,,,,
S7,EMATent,0.9966093897819519,0.9966093897819519,0.8436617851257324,1.0,0.20101718306541444,0.5,0.29898281693458556,0.0,0.0,3,38,27,0.7105263157894737,11.0,0.2894736842105263,0.7105263157894737,2,,,,,,,,,,,,,,,,,,,,,,
S7,DynaMixEMATent,,,,,,,,,,0,64,52,0.8125,12.0,0.1875,0.8125,2,0.013565139845013618,0.031946662813425064,0.031946662813425064,0.018381524831056595,0.9747214390605117,0.015694562095460853,0.00958399884402752,0.01584643430350763,2.044586420059204,0.19999999999999996,0.0,0.005526684690266848,0.2,0.0,1.0,64.0,1.0,0.0,0.0,1.0,1.0,0.3125
S7,DynaMixEMATent,,,,,,,,,,1,64,31,0.484375,33.0,0.515625,0.515625,2,0.02820644900202751,0.050411149859428406,0.050411149859428406,0.022204700857400894,0.9451441955028708,0.03973245953930072,0.015123344957828522,0.04034257420549725,5.270900011062622,0.19999999999999996,0.0,0.02397574670612812,0.2,0.0,1.0,64.0,1.0,0.0,0.0,1.0,1.0,0.015625
S7,DynaMixEMATent,,,,,,,,,,2,64,54,0.84375,10.0,0.15625,0.84375,2,0.0631709173321724,0.10735854506492615,0.10735854506492615,0.04418763518333435,0.8802090713130523,0.08758336516746992,0.032207563519477844,0.09049808808795401,12.141846895217896,0.19999999999999996,0.0,0.1297478973865509,0.2,0.0,1.0,63.0,0.984375,1.0,0.015625,0.984375,2.0,0.34375
S7,DynaMixEMATent,,,,,,,,,,3,38,27,0.7105263157894737,11.0,0.2894736842105263,0.7105263157894737,2,0.1772225797176361,0.37610188126564026,0.37610188126564026,0.19887931644916534,0.7216372293447578,0.16553220627555015,0.11283056437969208,0.18658465861124962,26.433718383312225,0.19999999999999996,1.0,0.49367257952690125,0.2,0.0,1.0,22.0,0.5789473684210527,16.0,0.42105263157894735,0.5789473684210527,2.0,0.21052631578947367
S8,EMATent,0.997788667678833,0.997788667678833,0.8655735850334167,1.0,0.2006633996963501,0.5,0.2993366003036499,0.0,0.0,0,64,52,0.8125,12.0,0.1875,0.8125,2,,,,,,,,,,,,,,,,,,,,,,
S8,EMATent,0.1426773965358734,0.1426773965358734,0.9797794222831726,0.0,0.457196781039238,0.5,0.04280321896076202,0.0,0.0,1,64,9,0.140625,55.0,0.859375,0.859375,2,,,,,,,,,,,,,,,,,,,,,,
S8,EMATent,0.9870588779449463,0.9870588779449463,0.8363127708435059,1.0,0.2038823366165161,0.5,0.2961176633834839,0.0,0.0,2,64,34,0.53125,30.0,0.46875,0.53125,2,,,,,,,,,,,,,,,,,,,,,,
S8,EMATent,0.4644617736339569,0.4644617736339569,0.9014251828193665,1.0,0.3606614679098129,0.5,0.13933853209018707,0.0,0.0,3,64,34,0.53125,30.0,0.46875,0.53125,2,,,,,,,,,,,,,,,,,,,,,,
S8,EMATent,0.9915264248847961,0.9915264248847961,0.8146069049835205,1.0,0.20254207253456116,0.5,0.2974579274654388,0.0,0.0,4,16,0,0.0,16.0,1.0,1.0,1,,,,,,,,,,,,,,,,,,,,,,
S8,DynaMixEMATent,,,,,,,,,,0,64,52,0.8125,12.0,0.1875,0.8125,2,0.5813769698143005,0.997788667678833,0.997788667678833,0.41641169786453247,0.4254439731022938,0.27521942659405624,0.2993366003036499,0.3927983489837338,63.85847473144531,0.19999999999999996,1.0,0.3013540804386139,0.2,0.0,1.0,20.0,0.3125,44.0,0.6875,0.6875,2.0,0.3125
S8,DynaMixEMATent,,,,,,,,,,1,64,9,0.140625,55.0,0.859375,0.859375,2,0.007255891803652048,0.03262407332658768,0.03262407332658768,0.025368180125951767,0.5915306365827938,0.39868214141922986,0.009787221997976303,0.40262269915730686,65.94641542434692,0.19999999999999996,0.0,0.10589783638715744,0.2,0.0,1.0,64.0,1.0,0.0,0.0,1.0,1.0,0.359375
S8,DynaMixEMATent,,,,,,,,,,2,64,34,0.53125,30.0,0.46875,0.53125,2,0.5643763542175293,0.8268258571624756,0.8268258571624756,0.2624495327472687,0.2970954643675588,0.4548567784836985,0.24804775714874266,0.6049011527101371,118.86327028274536,0.19999999999999996,1.0,0.46535181999206543,0.2,0.0,1.0,31.0,0.484375,33.0,0.515625,0.515625,2.0,0.03125
S8,DynaMixEMATent,,,,,,,,,,3,64,34,0.53125,30.0,0.46875,0.53125,2,0.013029378838837147,0.06977394223213196,0.06977394223213196,0.056744564324617386,0.37356597989662066,0.6055018374337398,0.020932182669639587,0.6184472890598847,123.3288025856018,0.19999999999999996,0.0,0.516709566116333,0.2,0.0,1.0,62.0,0.96875,2.0,0.03125,0.96875,2.0,0.03125
S8,DynaMixEMATent,,,,,,,,,,4,16,0,0.0,16.0,1.0,1.0,1,0.06586692482233047,0.25992366671562195,0.25992366671562195,0.19405674934387207,0.3405538735452156,0.5814690264400978,0.07797710001468658,0.6306448857716656,127.48758125305176,0.19999999999999996,1.0,0.4405643343925476,0.2,0.0,1.0,8.0,0.5,8.0,0.5,0.5,2.0,0.5
S9,EMATent,0.45153293013572693,0.45153293013572693,0.914371907711029,1.0,0.3645401209592819,0.5,0.13545987904071807,0.0,0.0,0,64,63,0.984375,1.0,0.015625,0.984375,2,,,,,,,,,,,,,,,,,,,,,,
S9,EMATent,0.9149922728538513,0.9149922728538513,0.7417773008346558,1.0,0.2255023181438446,0.5,0.27449768185615536,0.0,0.0,1,64,37,0.578125,27.0,0.421875,0.578125,2,,,,,,,,,,,,,,,,,,,,,,
S9,EMATent,0.9576489925384521,0.9576489925384521,0.7494685053825378,1.0,0.21270530223846437,0.5,0.28729469776153566,0.0,0.0,2,64,35,0.546875,29.0,0.453125,0.546875,2,,,,,,,,,,,,,,,,,,,,,,
S9,EMATent,0.3148047626018524,0.3148047626018524,0.9431516528129578,1.0,0.4055585712194443,0.5,0.09444142878055573,0.0,0.0,3,64,27,0.421875,37.0,0.578125,0.578125,2,,,,,,,,,,,,,,,,,,,,,,
S9,EMATent,0.9989030957221985,0.9989030957221985,0.5339577198028564,1.0,0.20032907128334046,0.5,0.2996709287166595,0.0,0.0,4,2,0,0.0,2.0,1.0,1.0,1,,,,,,,,,,,,,,,,,,,,,,
S9,DynaMixEMATent,,,,,,,,,,0,64,63,0.984375,1.0,0.015625,0.984375,2,0.16422954201698303,0.45153293013572693,0.45153293013572693,0.2873033881187439,0.6898203824522107,0.17471973850707123,0.13545987904071807,0.2020955815366956,28.898107528686523,0.19999999999999996,1.0,0.28279438614845276,0.2,0.0,1.0,8.0,0.125,56.0,0.875,0.875,2.0,0.484375
S9,DynaMixEMATent,,,,,,,,,,1,64,37,0.578125,27.0,0.421875,0.578125,2,0.17241880297660828,0.8088430166244507,0.8088430166244507,0.63642418384552,0.4032810400946936,0.3540660549179712,0.2426529049873352,0.4675083026654381,80.66406059265137,0.19999999999999996,1.0,0.5567732453346252,0.2,0.0,1.0,15.0,0.234375,49.0,0.765625,0.765625,2.0,0.078125
S9,DynaMixEMATent,,,,,,,,,,2,64,35,0.546875,29.0,0.453125,0.546875,2,0.24736681580543518,0.9496695399284363,0.9496695399284363,0.7023026943206787,0.2368432297261953,0.47825590829527376,0.2849008619785309,0.6687966505154916,141.4429111480713,0.19999999999999996,1.0,0.5324954986572266,0.2,0.0,1.0,51.0,0.796875,13.0,0.203125,0.796875,2.0,0.046875
S9,DynaMixEMATent,,,,,,,,,,3,64,27,0.421875,37.0,0.578125,0.578125,2,0.054389383643865585,0.21898597478866577,0.21898597478866577,0.16459660232067108,0.2773516951651223,0.656952512398278,0.06569579243659973,0.7031462633691482,155.4580135345459,0.19999999999999996,1.0,0.43182653188705444,0.2,0.0,1.0,1.0,0.015625,63.0,0.984375,0.984375,2.0,0.078125
S9,DynaMixEMATent,,,,,,,,,,4,2,0,0.0,2.0,1.0,1.0,1,0.05708654597401619,0.9255936145782471,0.9255936145782471,0.8685070276260376,0.21134519143290104,0.5109767241936248,0.27767808437347413,0.7074085849249293,157.3092007637024,0.19999999999999996,1.0,0.6886886358261108,0.2,0.0,1.0,2.0,1.0,0.0,0.0,1.0,1.0,0.5
S10,EMATent,0.005122745875269175,0.005122745875269175,0.9995972514152527,0.0,0.49846317623741926,0.5,0.0015368237625807523,0.0,0.0,0,64,30,0.46875,34.0,0.53125,0.53125,2,,,,,,,,,,,,,,,,,,,,,,
S10,EMATent,0.03625921532511711,0.03625921532511711,0.9961705207824707,0.0,0.48912223540246486,0.5,0.010877764597535132,0.0,0.0,1,64,55,0.859375,9.0,0.140625,0.859375,2,,,,,,,,,,,,,,,,,,,,,,
S10,EMATent,0.599772036075592,0.599772036075592,0.9240038990974426,1.0,0.3200683891773224,0.5,0.1799316108226776,0.0,0.0,2,64,40,0.625,24.0,0.375,0.625,2,,,,,,,,,,,,,,,,,,,,,,
S10,EMATent,0.2970828413963318,0.2970828413963318,0.957983136177063,1.0,0.41087514758110044,0.5,0.08912485241889953,0.0,0.0,3,64,52,0.8125,12.0,0.1875,0.8125,2,,,,,,,,,,,,,,,,,,,,,,
S10,EMATent,0.6601600646972656,0.6601600646972656,0.8328881859779358,1.0,0.3019519805908203,0.5,0.19804801940917968,0.0,0.0,4,28,5,0.17857142857142858,23.0,0.8214285714285714,0.8214285714285714,2,,,,,,,,,,,,,,,,,,,,,,
S10,DynaMixEMATent,,,,,,,,,,0,64,30,0.46875,34.0,0.53125,0.53125,2,0.0009746374562382698,0.005122745875269175,0.005122745875269175,0.004148108884692192,0.9959090121583658,0.0025541640790533817,0.0015368237625807523,0.002558095420883144,0.3278557360172272,0.19999999999999996,0.0,0.002789151156321168,0.2,0.0,1.0,0.0,0.0,64.0,1.0,1.0,1.0,0.03125
S10,DynaMixEMATent,,,,,,,,,,1,64,55,0.859375,9.0,0.140625,0.859375,2,0.0001601951225893572,0.0012387667084112763,0.0012387667084112763,0.0010785715421661735,0.9964538471283584,0.0031745228591181854,0.0003716300125233829,0.003175703045680822,0.40713680535554886,0.19999999999999996,0.0,0.0008722830098122358,0.2,0.0,1.0,0.0,0.0,64.0,1.0,1.0,1.0,0.359375
S10,DynaMixEMATent,,,,,,,,,,2,64,40,0.625,24.0,0.375,0.625,2,0.0016332584200426936,0.006559998262673616,0.006559998262673616,0.004926739726215601,0.9916047446821868,0.0064272558390110705,0.001967999478802085,0.006439929617141127,0.8269766941666603,0.19999999999999996,0.0,0.004833135288208723,0.2,0.0,1.0,0.0,0.0,64.0,1.0,1.0,1.0,0.125
S10,DynaMixEMATent,,,,,,,,,,3,64,52,0.8125,12.0,0.1875,0.8125,2,0.0010804259218275547,0.00328416028060019,0.00328416028060019,0.0022037343587726355,0.9909526068838964,0.008062145031923465,0.000985248084180057,0.008070096078624078,1.0371629521250725,0.19999999999999996,0.0,0.0012595437001436949,0.2,0.0,1.0,0.0,0.0,64.0,1.0,1.0,1.0,0.3125
S10,DynaMixEMATent,,,,,,,,,,4,28,5,0.17857142857142858,23.0,0.8214285714285714,0.8214285714285714,2,2.8402813768479973e-05,0.0002828438882716,0.0002828438882716,0.00025444108177907765,0.9917843698474439,0.008130776986074626,8.485316648148e-05,0.008131466966794898,1.0450825809966773,0.19999999999999996,0.0,0.0009569809189997613,0.2,0.0,1.0,0.0,0.0,28.0,1.0,1.0,1.0,0.3214285714285714
S11,EMATent,0.8649926781654358,0.8649926781654358,0.7205193042755127,1.0,0.24050219655036928,0.5,0.25949780344963075,0.0,0.0,0,64,42,0.65625,22.0,0.34375,0.65625,2,,,,,,,,,,,,,,,,,,,,,,
S11,EMATent,0.9110899567604065,0.9110899567604065,0.6943949460983276,1.0,0.22667301297187806,0.5,0.2733269870281219,0.0,0.0,1,64,2,0.03125,62.0,0.96875,0.96875,2,,,,,,,,,,,,,,,,,,,,,,
S11,EMATent,0.7166064977645874,0.7166064977645874,0.8026449680328369,1.0,0.2850180506706238,0.5,0.21498194932937623,0.0,0.0,2,64,27,0.421875,37.0,0.578125,0.578125,2,,,,,,,,,,,,,,,,,,,,,,
S11,EMATent,0.8422386050224304,0.8422386050224304,0.730437159538269,1.0,0.2473284184932709,0.5,0.25267158150672914,0.0,0.0,3,64,26,0.40625,38.0,0.59375,0.59375,2,,,,,,,,,,,,,,,,,,,,,,
S11,EMATent,0.864475429058075,0.864475429058075,0.7319895029067993,1.0,0.24065737128257753,0.5,0.2593426287174225,0.0,0.0,4,44,27,0.6136363636363636,17.0,0.38636363636363635,0.6136363636363636,2,,,,,,,,,,,,,,,,,,,,,,
S11,DynaMixEMATent,,,,,,,,,,0,64,42,0.65625,22.0,0.34375,0.65625,2,0.04938223958015442,0.8649926781654358,0.8649926781654358,0.815610408782959,0.48050241813071326,0.25999977841965605,0.25949780344963075,0.35111277134742536,55.35953140258789,0.19999999999999996,1.0,0.6132300496101379,0.2,0.0,1.0,37.0,0.578125,27.0,0.421875,0.578125,2.0,0.15625
S11,DynaMixEMATent,,,,,,,,,,1,64,2,0.03125,62.0,0.96875,0.96875,2,0.0690837949514389,0.8186547160148621,0.8186547160148621,0.749570906162262,0.32509055900162875,0.42931302619391265,0.2455964148044586,0.5690760683257288,107.75343322753906,0.19999999999999996,1.0,0.6308006048202515,0.2,0.0,1.0,33.0,0.515625,31.0,0.484375,0.515625,2.0,0.46875
S11,DynaMixEMATent,,,,,,,,,,2,64,27,0.421875,37.0,0.578125,0.578125,2,0.05155239999294281,0.5995730757713318,0.5995730757713318,0.5480206608772278,0.26187054664409376,0.5582575306245068,0.17987192273139954,0.6806955475585694,146.1261100769043,0.19999999999999996,1.0,0.6316549777984619,0.2,0.0,1.0,40.0,0.625,24.0,0.375,0.625,2.0,0.078125
S11,DynaMixEMATent,,,,,,,,,,3,64,26,0.40625,38.0,0.59375,0.59375,2,0.05208653584122658,0.6440081000328064,0.6440081000328064,0.5919215679168701,0.18669168431040428,0.6201058856797538,0.1932024300098419,0.768601578320716,187.3426284790039,0.19999999999999996,1.0,0.6763185262680054,0.2,0.0,1.0,23.0,0.359375,41.0,0.640625,0.640625,2.0,0.09375
S11,DynaMixEMATent,,,,,,,,,,4,44,27,0.6136363636363636,17.0,0.38636363636363635,0.6136363636363636,2,0.03750760853290558,0.41430965065956116,0.41430965065956116,0.3768020272254944,0.1757387385962961,0.6999683662058356,0.12429289519786835,0.7993179024897774,205.5722531080246,0.19999999999999996,1.0,0.6638749241828918,0.2,0.0,1.0,15.0,0.3409090909090909,29.0,0.6590909090909091,0.6590909090909091,2.0,0.11363636363636365
S12,EMATent,0.6405250430107117,0.6405250430107117,0.8394060134887695,1.0,0.3078424870967865,0.5,0.1921575129032135,0.0,0.0,0,64,37,0.578125,27.0,0.421875,0.578125,2,,,,,,,,,,,,,,,,,,,,,,
S12,EMATent,0.7517622113227844,0.7517622113227844,0.7865943908691406,1.0,0.2744713366031647,0.5,0.2255286633968353,0.0,0.0,1,64,31,0.484375,33.0,0.515625,0.515625,2,,,,,,,,,,,,,,,,,,,,,,
S12,EMATent,0.5000348091125488,0.5000348091125488,0.8899606466293335,1.0,0.3499895572662354,0.5,0.15001044273376465,0.0,0.0,2,64,38,0.59375,26.0,0.40625,0.59375,2,,,,,,,,,,,,,,,,,,,,,,
S12,EMATent,0.9379288554191589,0.9379288554191589,0.6739659905433655,1.0,0.21862134337425232,0.5,0.2813786566257477,0.0,0.0,3,56,20,0.35714285714285715,36.0,0.6428571428571429,0.6428571428571429,2,,,,,,,,,,,,,,,,,,,,,,
S12,DynaMixEMATent,,,,,,,,,,0,64,37,0.578125,27.0,0.421875,0.578125,2,0.07644297927618027,0.6405250430107117,0.6405250430107117,0.5640820860862732,0.5864600655228538,0.22138242157393276,0.1921575129032135,0.27404156764462084,40.99360275268555,0.19999999999999996,1.0,0.6082090139389038,0.2,0.0,1.0,58.0,0.90625,6.0,0.09375,0.90625,2.0,0.078125
S12,DynaMixEMATent,,,,,,,,,,1,64,31,0.484375,33.0,0.515625,0.515625,2,0.06467889249324799,0.5762441158294678,0.5762441158294678,0.5115652084350586,0.4501466358420069,0.37698012940915276,0.17287323474884034,0.45577068140780275,77.87322616577148,0.19999999999999996,1.0,0.6318060159683228,0.2,0.0,1.0,48.0,0.75,16.0,0.25,0.75,2.0,0.015625
S12,DynaMixEMATent,,,,,,,,,,2,64,38,0.59375,26.0,0.40625,0.59375,2,0.056695371866226196,0.34557557106018066,0.34557557106018066,0.28888019919395447,0.41040041435808977,0.485926914323856,0.1036726713180542,0.5421310929327728,99.99006271362305,0.19999999999999996,1.0,0.5057340264320374,0.2,0.0,1.0,61.0,0.953125,3.0,0.046875,0.953125,2.0,0.09375
S12,DynaMixEMATent,,,,,,,,,,3,56,20,0.35714285714285715,36.0,0.6428571428571429,0.6428571428571429,2,0.06677411496639252,0.46179619431495667,0.46179619431495667,0.39502209424972534,0.3222803276582379,0.5391808140472751,0.138538858294487,0.6258910448123172,125.85064959526062,0.19999999999999996,1.0,0.651346743106842,0.2,0.0,1.0,8.0,0.14285714285714285,48.0,0.8571428571428571,0.8571428571428571,2.0,0.1428571428571429
S13,EMATent,0.9381878972053528,0.9381878972053528,0.7188623547554016,1.0,0.21854363083839418,0.5,0.2814563691616058,0.0,0.0,0,64,60,0.9375,4.0,0.0625,0.9375,2,,,,,,,,,,,,,,,,,,,,,,
S13,EMATent,0.9791770577430725,0.9791770577430725,0.7783903479576111,1.0,0.20624688267707825,0.5,0.29375311732292175,0.0,0.0,1,64,25,0.390625,39.0,0.609375,0.609375,2,,,,,,,,,,,,,,,,,,,,,,
S13,EMATent,0.9915527105331421,0.9915527105331421,0.6715999841690063,1.0,0.2025341868400574,0.5,0.29746581315994264,0.0,0.0,2,64,54,0.84375,10.0,0.15625,0.84375,2,,,,,,,,,,,,,,,,,,,,,,
S13,EMATent,0.9812530875205994,0.9812530875205994,0.722773015499115,1.0,0.2056240737438202,0.5,0.2943759262561798,0.0,0.0,3,64,50,0.78125,14.0,0.21875,0.78125,2,,,,,,,,,,,,,,,,,,,,,,
S13,EMATent,0.5275098085403442,0.5275098085403442,0.8806429505348206,1.0,0.34174705743789674,0.5,0.15825294256210326,0.0,0.0,4,21,0,0.0,21.0,1.0,1.0,1,,,,,,,,,,,,,,,,,,,,,,
S13,DynaMixEMATent,,,,,,,,,,0,64,60,0.9375,4.0,0.0625,0.9375,2,0.15520548820495605,0.9381878972053528,0.9381878972053528,0.7829824090003967,0.44949848341558746,0.26904514742280666,0.2814563691616058,0.3744311909200082,60.04402542114258,0.19999999999999996,1.0,0.6240681409835815,0.2,0.0,1.0,40.0,0.625,24.0,0.375,0.625,2.0,0.4375
S13,DynaMixEMATent,,,,,,,,,,1,64,25,0.390625,39.0,0.609375,0.609375,2,0.37286803126335144,0.9486055374145508,0.9486055374145508,0.5757375359535217,0.27851467291266696,0.4369036658629678,0.28458166122436523,0.6106967660497544,120.75477981567383,0.19999999999999996,1.0,0.595121443271637,0.2,0.0,1.0,32.0,0.5,32.0,0.5,0.5,2.0,0.109375
S13,DynaMixEMATent,,,,,,,,,,2,64,54,0.84375,10.0,0.15625,0.84375,2,0.25753524899482727,0.9532729983329773,0.9532729983329773,0.6957377791404724,0.1725824505329614,0.5414356499671454,0.28598189949989317,0.758294011857567,181.76425170898438,0.19999999999999996,1.0,0.6428189277648926,0.2,0.0,1.0,31.0,0.484375,33.0,0.515625,0.515625,2.0,0.34375
S13,DynaMixEMATent,,,,,,,,,,3,64,50,0.78125,14.0,0.21875,0.78125,2,0.21684381365776062,0.9982409477233887,0.9982409477233887,0.7813971638679504,0.10278919497275016,0.5977385207102333,0.2994722843170166,0.8532689104633994,245.65167236328125,0.19999999999999996,1.0,0.6303536295890808,0.2,0.0,1.0,39.0,0.609375,25.0,0.390625,0.609375,2.0,0.28125
S13,DynaMixEMATent,,,,,,,,,,4,21,0,0.0,21.0,1.0,1.0,1,0.13485142588615417,0.6235175728797913,0.6235175728797913,0.4886661767959595,0.10768535335048723,0.7052593747855754,0.18705527186393736,0.867536685307757,258.74554139375687,0.19999999999999996,1.0,0.5799283385276794,0.2,0.0,1.0,9.0,0.42857142857142855,12.0,0.5714285714285714,0.5714285714285714,2.0,0.5
S14,EMATent,0.787446141242981,0.787446141242981,0.8478305339813232,1.0,0.2637661576271057,0.5,0.23623384237289427,0.0,0.0,0,64,49,0.765625,15.0,0.234375,0.765625,2,,,,,,,,,,,,,,,,,,,,,,
S14,EMATent,0.6340101957321167,0.6340101957321167,0.8412889838218689,1.0,0.309796941280365,0.5,0.190203058719635,0.0,0.0,1,64,46,0.71875,18.0,0.28125,0.71875,2,,,,,,,,,,,,,,,,,,,,,,
S14,EMATent,0.7136307954788208,0.7136307954788208,0.8084434866905212,1.0,0.28591076135635374,0.5,0.21408923864364623,0.0,0.0,2,64,26,0.40625,38.0,0.59375,0.59375,2,,,,,,,,,,,,,,,,,,,,,,
S14,EMATent,0.6319868564605713,0.6319868564605713,0.8409688472747803,1.0,0.3104039430618286,0.5,0.1895960569381714,0.0,0.0,3,52,52,1.0,,,1.0,1,,,,,,,,,,,,,,,,,,,,,,
S14,DynaMixEMATent,,,,,,,,,,0,64,49,0.765625,15.0,0.234375,0.765625,2,0.26944461464881897,0.787446141242981,0.787446141242981,0.5180014967918396,0.5151914583122188,0.24857469931488696,0.23623384237289427,0.32545916944941256,50.39655303955078,0.19999999999999996,1.0,0.5779858827590942,0.2,0.0,1.0,48.0,0.75,16.0,0.25,0.75,2.0,0.265625
S14,DynaMixEMATent,,,,,,,,,,1,64,46,0.71875,18.0,0.28125,0.71875,2,0.0723513811826706,0.5302473902702332,0.5302473902702332,0.45789599418640137,0.43513513660754627,0.4057906463113838,0.15907421708106995,0.4825522710254494,84.3323860168457,0.19999999999999996,1.0,0.5551079511642456,0.2,0.0,1.0,62.0,0.96875,2.0,0.03125,0.96875,2.0,0.21875
S14,DynaMixEMATent,,,,,,,,,,2,64,26,0.40625,38.0,0.59375,0.59375,2,0.08586663752794266,0.5148074626922607,0.5148074626922607,0.4289408028125763,0.33823671307999315,0.5073210481123286,0.1544422388076782,0.5999839057676613,117.28006362915039,0.19999999999999996,1.0,0.5939079523086548,0.2,0.0,1.0,60.0,0.9375,4.0,0.0625,0.9375,2.0,0.09375
S14,DynaMixEMATent,,,,,,,,,,3,52,52,1.0,,,1.0,1,0.047622811049222946,0.3674068748950958,0.3674068748950958,0.3197840750217438,0.3065749875914455,0.5832029499400257,0.11022206246852874,0.6554477531304241,136.38522112369537,0.19999999999999996,1.0,0.5899473428726196,0.2,0.0,1.0,52.0,1.0,0.0,0.0,1.0,1.0,0.0
S15,EMATent,0.9924653768539429,0.9924653768539429,0.6455974578857422,1.0,0.20226038694381715,0.5,0.29773961305618285,0.0,0.0,0,64,50,0.78125,14.0,0.21875,0.78125,2,,,,,,,,,,,,,,,,,,,,,,
S15,EMATent,0.9586362838745117,0.9586362838745117,0.7213993668556213,1.0,0.2124091148376465,0.5,0.2875908851623535,0.0,0.0,1,64,55,0.859375,9.0,0.140625,0.859375,2,,,,,,,,,,,,,,,,,,,,,,
S15,EMATent,0.7463338375091553,0.7463338375091553,0.8026232123374939,1.0,0.2760998487472534,0.5,0.22390015125274657,0.0,0.0,2,64,29,0.453125,35.0,0.546875,0.546875,2,,,,,,,,,,,,,,,,,,,,,,
S15,EMATent,0.628844141960144,0.628844141960144,0.8490086197853088,1.0,0.3113467574119568,0.5,0.1886532425880432,0.0,0.0,3,64,58,0.90625,6.0,0.09375,0.90625,2,,,,,,,,,,,,,,,,,,,,,,
S15,EMATent,0.7876858711242676,0.7876858711242676,0.7767266035079956,1.0,0.26369423866271974,0.5,0.23630576133728026,0.0,0.0,4,64,29,0.453125,35.0,0.546875,0.546875,2,,,,,,,,,,,,,,,,,,,,,,
S15,DynaMixEMATent,,,,,,,,,,0,64,50,0.78125,14.0,0.21875,0.78125,2,0.08713758736848831,0.9924653768539429,0.9924653768539429,0.9053277373313904,0.42755014014871706,0.27471024679510003,0.29773961305618285,0.39118004076894863,63.517784118652344,0.19999999999999996,1.0,0.640787661075592,0.2,0.0,1.0,38.0,0.59375,26.0,0.40625,0.59375,2.0,0.28125
S15,DynaMixEMATent,,,,,,,,,,1,64,55,0.859375,9.0,0.140625,0.859375,2,0.17151279747486115,0.93272864818573,0.93272864818573,0.76121586561203,0.2750371336212029,0.4451442719230781,0.279818594455719,0.6181002015549928,123.21241760253906,0.19999999999999996,1.0,0.592334508895874,0.2,0.0,1.0,51.0,0.796875,13.0,0.203125,0.796875,2.0,0.359375
S15,DynaMixEMATent,,,,,,,,,,2,64,29,0.453125,35.0,0.546875,0.546875,2,0.07332299649715424,0.7633976936340332,0.7633976936340332,0.6900746822357178,0.2010125755433649,0.5699681163664251,0.22901930809020996,0.739276770932566,172.0698699951172,0.19999999999999996,1.0,0.46234235167503357,0.2,0.0,1.0,17.0,0.265625,47.0,0.734375,0.734375,2.0,0.046875
S15,DynaMixEMATent,,,,,,,,,,3,64,58,0.90625,6.0,0.09375,0.90625,2,0.05138682574033737,0.6772376298904419,0.6772376298904419,0.6258507966995239,0.14807591245560459,0.6487527985772629,0.20317128896713257,0.8141684525101195,215.41307830810547,0.19999999999999996,1.0,0.46450260281562805,0.2,0.0,1.0,20.0,0.3125,44.0,0.6875,0.6875,2.0,0.40625
S15,DynaMixEMATent,,,,,,,,,,4,64,29,0.453125,35.0,0.546875,0.546875,2,0.050396934151649475,0.6592943668365479,0.6592943668365479,0.6088974475860596,0.10721226644588412,0.6949994235031516,0.19778831005096434,0.8663541459328581,257.60791778564453,0.19999999999999996,1.0,0.4731329381465912,0.2,0.0,1.0,34.0,0.53125,30.0,0.46875,0.53125,2.0,0.046875
S16,EMATent,0.9766702055931091,0.9766702055931091,0.7696018815040588,1.0,0.20699893832206728,0.5,0.2930010616779327,0.0,0.0,0,64,60,0.9375,4.0,0.0625,0.9375,2,,,,,,,,,,,,,,,,,,,,,,
S16,EMATent,0.5996695160865784,0.5996695160865784,0.8661725521087646,1.0,0.3200991451740265,0.5,0.1799008548259735,0.0,0.0,1,64,49,0.765625,15.0,0.234375,0.765625,2,,,,,,,,,,,,,,,,,,,,,,
S16,EMATent,0.7740891575813293,0.7740891575813293,0.7742932438850403,1.0,0.2677732527256012,0.5,0.2322267472743988,0.0,0.0,2,64,3,0.046875,61.0,0.953125,0.953125,2,,,,,,,,,,,,,,,,,,,,,,
S16,EMATent,0.7208412289619446,0.7208412289619446,0.8062164783477783,1.0,0.2837476313114166,0.5,0.21625236868858336,0.0,0.0,3,29,27,0.9310344827586207,2.0,0.06896551724137931,0.9310344827586207,2,,,,,,,,,,,,,,,,,,,,,,
S16,DynaMixEMATent,,,,,,,,,,0,64,60,0.9375,4.0,0.0625,0.9375,2,0.24880962073802948,0.9766702055931091,0.9766702055931091,0.7278605699539185,0.43384792151348855,0.27315101680857873,0.2930010616779327,0.3863527963095005,62.506893157958984,0.19999999999999996,1.0,0.6007242202758789,0.2,0.0,1.0,22.0,0.34375,42.0,0.65625,0.65625,2.0,0.4375
S16,DynaMixEMATent,,,,,,,,,,1,64,49,0.765625,15.0,0.234375,0.765625,2,0.12504321336746216,0.6347029805183411,0.6347029805183411,0.5096597671508789,0.3617090824766794,0.44788002336781835,0.1904108941555023,0.5532189355495665,103.12788391113281,0.19999999999999996,1.0,0.4076771140098572,0.2,0.0,1.0,63.0,0.984375,1.0,0.015625,0.984375,2.0,0.265625
S16,DynaMixEMATent,,,,,,,,,,2,64,3,0.046875,61.0,0.953125,0.953125,2,0.07632353901863098,0.6475870013237,0.6475870013237,0.5712634325027466,0.26041096917606993,0.54531293042682,0.19427610039711,0.6767987528923787,144.5734519958496,0.19999999999999996,1.0,0.529268205165863,0.2,0.0,1.0,47.0,0.734375,17.0,0.265625,0.734375,2.0,0.453125
S16,DynaMixEMATent,,,,,,,,,,3,29,27,0.9310344827586207,2.0,0.06896551724137931,0.9310344827586207,2,0.07975076138973236,0.612037718296051,0.612037718296051,0.5322869420051575,0.22969347010063446,0.5866952144105503,0.1836113154888153,0.718646920935505,162.3225458264351,0.19999999999999996,1.0,0.578544020652771,0.2,0.0,1.0,27.0,0.9310344827586207,2.0,0.06896551724137931,0.9310344827586207,2.0,0.43103448275862066
S17,EMATent,0.9866877794265747,0.9866877794265747,0.7293437123298645,1.0,0.2039936661720276,0.5,0.2960063338279724,0.0,0.0,0,64,27,0.421875,37.0,0.578125,0.578125,2,,,,,,,,,,,,,,,,,,,,,,
S17,EMATent,0.759641170501709,0.759641170501709,0.8158562779426575,1.0,0.2721076488494873,0.5,0.22789235115051268,0.0,0.0,1,64,40,0.625,24.0,0.375,0.625,2,,,,,,,,,,,,,,,,,,,,,,
S17,EMATent,0.683931827545166,0.683931827545166,0.8337676525115967,1.0,0.2948204517364502,0.5,0.2051795482635498,0.0,0.0,2,64,26,0.40625,38.0,0.59375,0.59375,2,,,,,,,,,,,,,,,,,,,,,,
S17,EMATent,0.9560689926147461,0.9560689926147461,0.6856184005737305,1.0,0.21317930221557618,0.5,0.2868206977844238,0.0,0.0,3,64,64,1.0,,,1.0,1,,,,,,,,,,,,,,,,,,,,,,
S17,EMATent,0.8416215777397156,0.8416215777397156,0.7346210479736328,1.0,0.24751352667808535,0.5,0.25248647332191465,0.0,0.0,4,30,17,0.5666666666666667,13.0,0.43333333333333335,0.5666666666666667,2,,,,,,,,,,,,,,,,,,,,,,
S17,DynaMixEMATent,,,,,,,,,,0,64,27,0.421875,37.0,0.578125,0.578125,2,0.21100053191184998,0.9866877794265747,0.9866877794265747,0.7756872177124023,0.42984533996514096,0.27414832620688667,0.2960063338279724,0.38941873965652396,63.14801788330078,0.19999999999999996,1.0,0.5478096604347229,0.2,0.0,1.0,40.0,0.625,24.0,0.375,0.625,2.0,0.078125
S17,DynaMixEMATent,,,,,,,,,,1,64,40,0.625,24.0,0.375,0.625,2,0.17718559503555298,0.8011472821235657,0.8011472821235657,0.6239616870880127,0.3107373201091134,0.44891849525381683,0.2403441846370697,0.5909498567312925,114.42144393920898,0.19999999999999996,1.0,0.5347714424133301,0.2,0.0,1.0,51.0,0.796875,13.0,0.203125,0.796875,2.0,0.125
S17,DynaMixEMATent,,,,,,,,,,2,64,26,0.40625,38.0,0.59375,0.59375,2,0.16267134249210358,0.6716324090957642,0.6716324090957642,0.5089610815048218,0.2334607813327366,0.5650494959385342,0.20148972272872925,0.7076295847681056,157.4059181213379,0.19999999999999996,1.0,0.5437592267990112,0.2,0.0,1.0,58.0,0.90625,6.0,0.09375,0.90625,2.0,0.09375
S17,DynaMixEMATent,,,,,,,,,,3,64,64,1.0,,,1.0,1,0.1688273698091507,0.8374246954917908,0.8374246954917908,0.6685973405838013,0.14402533736128534,0.6047472539911775,0.25122740864753723,0.8076514297870585,211.0010986328125,0.19999999999999996,1.0,0.6394288539886475,0.2,0.0,1.0,41.0,0.640625,23.0,0.359375,0.640625,2.0,0.0
S17,DynaMixEMATent,,,,,,,,,,4,30,17,0.5666666666666667,13.0,0.43333333333333335,0.5666666666666667,2,0.14001576602458954,0.7057441473007202,0.7057441473007202,0.5657283663749695,0.12850841307092326,0.6597683427388608,0.21172324419021607,0.8369755138359894,232.1734230518341,0.19999999999999996,1.0,0.6707735061645508,0.2,0.0,1.0,19.0,0.6333333333333333,11.0,0.36666666666666664,0.6333333333333333,2.0,0.06666666666666665
S18,EMATent,0.7168903350830078,0.7168903350830078,0.8751345872879028,1.0,0.28493289947509765,0.5,0.21506710052490233,0.0,0.0,0,64,13,0.203125,51.0,0.796875,0.796875,2,,,,,,,,,,,,,,,,,,,,,,
S18,EMATent,0.7744734883308411,0.7744734883308411,0.8674075603485107,1.0,0.26765795350074767,0.5,0.2323420464992523,0.0,0.0,1,64,44,0.6875,20.0,0.3125,0.6875,2,,,,,,,,,,,,,,,,,,,,,,
S18,EMATent,0.302703857421875,0.302703857421875,0.9534698724746704,1.0,0.4091888427734375,0.5,0.0908111572265625,0.0,0.0,2,64,24,0.375,40.0,0.625,0.625,2,,,,,,,,,,,,,,,,,,,,,,
S18,EMATent,0.990685760974884,0.990685760974884,0.6367701888084412,1.0,0.2027942717075348,0.5,0.2972057282924652,0.0,0.0,3,63,35,0.5555555555555556,28.0,0.4444444444444444,0.5555555555555556,2,,,,,,,,,,,,,,,,,,,,,,
S18,DynaMixEMATent,,,,,,,,,,0,64,13,0.203125,51.0,0.796875,0.796875,2,0.28919780254364014,0.7168903350830078,0.7168903350830078,0.4276925027370453,0.5484812353112961,0.23645166416380162,0.21506710052490233,0.30123806037678147,45.8809814453125,0.19999999999999996,1.0,0.5020850896835327,0.2,0.0,1.0,24.0,0.375,40.0,0.625,0.625,2.0,0.296875
S18,DynaMixEMATent,,,,,,,,,,1,64,44,0.6875,20.0,0.3125,0.6875,2,0.5197679996490479,0.8836458325386047,0.8836458325386047,0.3638778328895569,0.33012615080237967,0.40478009943603893,0.2650937497615814,0.5507914775588315,102.4343147277832,0.19999999999999996,1.0,0.44335585832595825,0.2,0.0,1.0,42.0,0.65625,22.0,0.34375,0.65625,2.0,0.1875
S18,DynaMixEMATent,,,,,,,,,,2,64,24,0.375,40.0,0.625,0.625,2,0.22071771323680878,0.33869850635528564,0.33869850635528564,0.11798078566789627,0.3406949268720976,0.5576955212213166,0.10160955190658569,0.6207718730813216,124.11101913452148,0.19999999999999996,1.0,0.3017239272594452,0.2,0.0,1.0,63.0,0.984375,1.0,0.015625,0.984375,2.0,0.125
S18,DynaMixEMATent,,,,,,,,,,3,63,35,0.5555555555555556,28.0,0.4444444444444444,0.5555555555555556,2,0.346267431974411,0.9887312054634094,0.9887312054634094,0.642463743686676,0.16396282358927688,0.5394178147717004,0.2966193616390228,0.7668931803818992,186.40108507871628,0.19999999999999996,1.0,0.6321881413459778,0.2,0.0,1.0,38.0,0.6031746031746031,25.0,0.3968253968253968,0.6031746031746031,2.0,0.05555555555555558
S19,EMATent,0.8837943077087402,0.8837943077087402,0.7655017375946045,1.0,0.23486170768737794,0.5,0.26513829231262204,0.0,0.0,0,64,42,0.65625,22.0,0.34375,0.65625,2,,,,,,,,,,,,,,,,,,,,,,
S19,EMATent,0.7297794222831726,0.7297794222831726,0.8556562662124634,1.0,0.28106617331504824,0.5,0.2189338266849518,0.0,0.0,1,64,34,0.53125,30.0,0.46875,0.53125,2,,,,,,,,,,,,,,,,,,,,,,
S19,EMATent,0.8992397785186768,0.8992397785186768,0.7208138704299927,1.0,0.23022806644439697,0.5,0.269771933555603,0.0,0.0,2,64,58,0.90625,6.0,0.09375,0.90625,2,,,,,,,,,,,,,,,,,,,,,,
S19,EMATent,0.9561748504638672,0.9561748504638672,0.7124534249305725,1.0,0.21314754486083987,0.5,0.28685245513916013,0.0,0.0,3,9,1,0.1111111111111111,8.0,0.8888888888888888,0.8888888888888888,2,,,,,,,,,,,,,,,,,,,,,,
S19,DynaMixEMATent,,,,,,,,,,0,64,42,0.65625,22.0,0.34375,0.65625,2,0.16631634533405304,0.8837943077087402,0.8837943077087402,0.7174779772758484,0.472380674759783,0.262481032927595,0.26513829231262204,0.35718425682245325,56.562835693359375,0.19999999999999996,1.0,0.587895929813385,0.2,0.0,1.0,41.0,0.640625,23.0,0.359375,0.640625,2.0,0.15625
S19,DynaMixEMATent,,,,,,,,,,1,64,34,0.53125,30.0,0.46875,0.53125,2,0.2480476051568985,0.7345244884490967,0.7345244884490967,0.486476868391037,0.34712199197293053,0.4325206614923404,0.220357346534729,0.5547678280170019,103.57240295410156,0.19999999999999996,1.0,0.5061559677124023,0.2,0.0,1.0,20.0,0.3125,44.0,0.6875,0.6875,2.0,0.03125
S19,DynaMixEMATent,,,,,,,,,,2,64,58,0.90625,6.0,0.09375,0.90625,2,0.18368710577487946,0.956038236618042,0.956038236618042,0.7723511457443237,0.1968746606005515,0.5163138684140359,0.2868114709854126,0.7239514481920044,164.75885009765625,0.19999999999999996,1.0,0.5594903230667114,0.2,0.0,1.0,39.0,0.609375,25.0,0.390625,0.609375,2.0,0.40625
S19,DynaMixEMATent,,,,,,,,,,3,9,1,0.1111111111111111,8.0,0.8888888888888888,0.8888888888888888,2,0.18703027069568634,0.7421834468841553,0.7421834468841553,0.5551531910896301,0.20367405235329314,0.5736709135814603,0.2226550340652466,0.737987558575907,171.43850111961365,0.19999999999999996,1.0,0.5782747864723206,0.2,0.0,1.0,8.0,0.8888888888888888,1.0,0.1111111111111111,0.8888888888888888,2.0,0.38888888888888884
S20,EMATent,0.9573372006416321,0.9573372006416321,0.695595383644104,1.0,0.21279883980751038,0.5,0.2872011601924896,0.0,0.0,0,64,48,0.75,16.0,0.25,0.75,2,,,,,,,,,,,,,,,,,,,,,,
S20,EMATent,0.9986435770988464,0.9986435770988464,0.6381651163101196,1.0,0.20040692687034609,0.5,0.29959307312965394,0.0,0.0,1,64,34,0.53125,30.0,0.46875,0.53125,2,,,,,,,,,,,,,,,,,,,,,,
S20,EMATent,0.6120180487632751,0.6120180487632751,0.8593736886978149,1.0,0.31639458537101744,0.5,0.18360541462898253,0.0,0.0,2,64,50,0.78125,14.0,0.21875,0.78125,2,,,,,,,,,,,,,,,,,,,,,,
S20,EMATent,0.8252404928207397,0.8252404928207397,0.743047833442688,1.0,0.2524278521537781,0.5,0.24757214784622192,0.0,0.0,3,64,29,0.453125,35.0,0.546875,0.546875,2,,,,,,,,,,,,,,,,,,,,,,
S20,EMATent,0.9909975528717041,0.9909975528717041,0.5738152861595154,1.0,0.20270073413848877,0.5,0.29729926586151123,0.0,0.0,4,27,0,0.0,27.0,1.0,1.0,1,,,,,,,,,,,,,,,,,,,,,,
S20,DynaMixEMATent,,,,,,,,,,0,64,48,0.75,16.0,0.25,0.75,2,0.12519881129264832,0.9573372006416321,0.9573372006416321,0.8321384191513062,0.4416557127745343,0.27114312703297616,0.2872011601924896,0.3803922115055598,61.26958084106445,0.19999999999999996,1.0,0.6265667080879211,0.2,0.0,1.0,57.0,0.890625,7.0,0.109375,0.890625,2.0,0.25
S20,DynaMixEMATent,,,,,,,,,,1,64,34,0.53125,30.0,0.46875,0.53125,2,0.12168004363775253,0.9988158941268921,0.9988158941268921,0.8771358728408813,0.26335715978166335,0.436998071980269,0.2996447682380676,0.6239663133248574,125.19379806518555,0.19999999999999996,1.0,0.6636638641357422,0.2,0.0,1.0,49.0,0.765625,15.0,0.234375,0.765625,2.0,0.03125
S20,DynaMixEMATent,,,,,,,,,,2,64,50,0.78125,14.0,0.21875,0.78125,2,0.13271737098693848,0.7567245960235596,0.7567245960235596,0.6240072250366211,0.19910209246887364,0.5738805287240585,0.22701737880706785,0.7424235849421783,173.62417221069336,0.19999999999999996,1.0,0.5554823279380798,0.2,0.0,1.0,62.0,0.96875,2.0,0.03125,0.96875,2.0,0.28125
S20,DynaMixEMATent,,,,,,,,,,3,64,29,0.453125,35.0,0.546875,0.546875,2,0.11599249392747879,0.8188174962997437,0.8188174962997437,0.7028250098228455,0.1290261576134851,0.6253285934965918,0.2456452488899231,0.8289582488562369,226.02849197387695,0.19999999999999996,1.0,0.6635024547576904,0.2,0.0,1.0,47.0,0.734375,17.0,0.265625,0.734375,2.0,0.046875
S20,DynaMixEMATent,,,,,,,,,,4,27,0,0.0,27.0,1.0,1.0,1,0.057431112974882126,0.9940782785415649,0.9940782785415649,0.9366471767425537,0.0973272508384759,0.6044492655990545,0.29822348356246947,0.8613130411764931,252.8686054944992,0.19999999999999996,1.0,0.6313141584396362,0.2,0.0,1.0,18.0,0.6666666666666666,9.0,0.3333333333333333,0.6666666666666666,2.0,0.5
S21,EMATent,0.9928823113441467,0.9928823113441467,0.6014176607131958,1.0,0.202135306596756,0.5,0.297864693403244,0.0,0.0,0,64,9,0.140625,55.0,0.859375,0.859375,2,,,,,,,,,,,,,,,,,,,,,,
S21,EMATent,0.9539263844490051,0.9539263844490051,0.6299672722816467,1.0,0.21382208466529848,0.5,0.28617791533470155,0.0,0.0,1,64,41,0.640625,23.0,0.359375,0.640625,2,,,,,,,,,,,,,,,,,,,,,,
S21,EMATent,0.9765185117721558,0.9765185117721558,0.6331055164337158,1.0,0.2070444464683533,0.5,0.2929555535316467,0.0,0.0,2,64,2,0.03125,62.0,0.96875,0.96875,2,,,,,,,,,,,,,,,,,,,,,,
S21,EMATent,0.9994267821311951,0.9994267821311951,0.6393885612487793,1.0,0.2001719653606415,0.5,0.29982803463935853,0.0,0.0,3,64,40,0.625,24.0,0.375,0.625,2,,,,,,,,,,,,,,,,,,,,,,
S21,EMATent,0.987297534942627,0.987297534942627,0.5860061645507812,1.0,0.20381073951721193,0.5,0.2961892604827881,0.0,0.0,4,32,0,0.0,32.0,1.0,1.0,1,,,,,,,,,,,,,,,,,,,,,,
S21,DynaMixEMATent,,,,,,,,,,0,64,9,0.140625,55.0,0.859375,0.859375,2,0.03980512544512749,0.9928823113441467,0.9928823113441467,0.9530771970748901,0.42738488370019745,0.2747504228965585,0.297864693403244,0.3913069465603026,63.54446792602539,0.19999999999999996,1.0,0.6296218633651733,0.2,0.0,1.0,13.0,0.203125,51.0,0.796875,0.796875,2.0,0.359375
S21,DynaMixEMATent,,,,,,,,,,1,64,41,0.640625,23.0,0.359375,0.640625,2,0.030382798984646797,0.9689885973930359,0.9689885973930359,0.938605785369873,0.2659605359235945,0.4433428848584947,0.29069657921791076,0.6250398233941377,125.55973815917969,0.19999999999999996,1.0,0.6615346670150757,0.2,0.0,1.0,3.0,0.046875,61.0,0.953125,0.953125,2.0,0.140625
S21,DynaMixEMATent,,,,,,,,,,2,64,2,0.03125,62.0,0.96875,0.96875,2,0.04801188036799431,0.988806962966919,0.988806962966919,0.9407950639724731,0.16085879750674925,0.5424991136031752,0.29664208889007565,0.7712988011282788,188.8433837890625,0.19999999999999996,1.0,0.6182189583778381,0.2,0.0,1.0,16.0,0.25,48.0,0.75,0.75,2.0,0.46875
S21,DynaMixEMATent,,,,,,,,,,3,64,40,0.625,24.0,0.375,0.625,2,0.059312690049409866,0.9995130896568298,0.9995130896568298,0.9402004480361938,0.09714391205586816,0.6030021610470829,0.29985392689704893,0.8612519361490671,252.8122215270996,0.19999999999999996,1.0,0.5780104994773865,0.2,0.0,1.0,40.0,0.625,24.0,0.375,0.625,2.0,0.125
S21,DynaMixEMATent,,,,,,,,,,4,32,0,0.0,32.0,1.0,1.0,1,0.030944665893912315,0.99876868724823,0.99876868724823,0.9678240418434143,0.07570318615779101,0.6246662076677401,0.29963060617446896,0.8919096310815526,284.77281951904297,0.19999999999999996,1.0,0.6181120872497559,0.2,0.0,1.0,24.0,0.75,8.0,0.25,0.75,2.0,0.5
S22,EMATent,0.9619598388671875,0.9619598388671875,0.6637688875198364,1.0,0.21141204833984376,0.5,0.2885879516601562,0.0,0.0,0,64,25,0.390625,39.0,0.609375,0.609375,2,,,,,,,,,,,,,,,,,,,,,,
S22,EMATent,0.9132654666900635,0.9132654666900635,0.7040855884552002,1.0,0.22602035999298098,0.5,0.273979640007019,0.0,0.0,1,64,41,0.640625,23.0,0.359375,0.640625,2,,,,,,,,,,,,,,,,,,,,,,
S22,EMATent,0.9923507571220398,0.9923507571220398,0.5962842702865601,1.0,0.20229477286338807,0.5,0.2977052271366119,0.0,0.0,2,64,36,0.5625,28.0,0.4375,0.5625,2,,,,,,,,,,,,,,,,,,,,,,
S22,EMATent,0.9579033851623535,0.9579033851623535,0.6238859295845032,1.0,0.21262898445129397,0.5,0.28737101554870603,0.0,0.0,3,58,31,0.5344827586206896,27.0,0.46551724137931033,0.5344827586206896,2,,,,,,,,,,,,,,,,,,,,,,
S22,DynaMixEMATent,,,,,,,,,,0,64,25,0.390625,39.0,0.609375,0.609375,2,0.07790195196866989,0.9619598388671875,0.9619598388671875,0.884057879447937,0.43977880123362645,0.2716332471062174,0.2885879516601562,0.38182266907076234,61.5654296875,0.19999999999999996,1.0,0.6566179990768433,0.2,0.0,1.0,39.0,0.609375,25.0,0.390625,0.609375,2.0,0.109375
S22,DynaMixEMATent,,,,,,,,,,1,64,41,0.640625,23.0,0.359375,0.640625,2,0.10557765513658524,0.8332609534263611,0.8332609534263611,0.7276832461357117,0.30566562078071785,0.44435609319137387,0.2499782860279083,0.5924576381103392,114.89413070678711,0.19999999999999996,1.0,0.6627877950668335,0.2,0.0,1.0,29.0,0.453125,35.0,0.546875,0.546875,2.0,0.140625
S22,DynaMixEMATent,,,,,,,,,,2,64,36,0.5625,28.0,0.4375,0.5625,2,0.057913437485694885,0.8904350399971008,0.8904350399971008,0.8325215578079224,0.19135679422738486,0.5415126937734849,0.26713051199913024,0.7388937629954138,171.88197326660156,0.19999999999999996,1.0,0.6577938199043274,0.2,0.0,1.0,36.0,0.5625,28.0,0.4375,0.5625,2.0,0.0625
S22,DynaMixEMATent,,,,,,,,,,3,58,31,0.5344827586206896,27.0,0.46551724137931033,0.5344827586206896,2,0.05186476558446884,0.7700198292732239,0.7700198292732239,0.718155026435852,0.14164728830345155,0.6273467629145814,0.23100594878196715,0.8158018412768056,216.54312336444855,0.19999999999999996,1.0,0.6545059084892273,0.2,0.0,1.0,43.0,0.7413793103448276,15.0,0.25862068965517243,0.7413793103448276,2.0,0.03448275862068961
S23,EMATent,0.9985694289207458,0.9985694289207458,0.6469290256500244,1.0,0.20042917132377625,0.5,0.29957082867622375,0.0,0.0,0,64,19,0.296875,45.0,0.703125,0.703125,2,,,,,,,,,,,,,,,,,,,,,,
S23,EMATent,0.8717413544654846,0.8717413544654846,0.7089982032775879,1.0,0.23847759366035462,0.5,0.26152240633964535,0.0,0.0,1,64,38,0.59375,26.0,0.40625,0.59375,2,,,,,,,,,,,,,,,,,,,,,,
S23,EMATent,0.889886200428009,0.889886200428009,0.6928244829177856,1.0,0.2330341398715973,0.5,0.2669658601284027,0.0,0.0,2,64,46,0.71875,18.0,0.28125,0.71875,2,,,,,,,,,,,,,,,,,,,,,,
S23,EMATent,0.8823187351226807,0.8823187351226807,0.7000783085823059,1.0,0.23530437946319582,0.5,0.2646956205368042,0.0,0.0,3,51,21,0.4117647058823529,30.0,0.5882352941176471,0.5882352941176471,2,,,,,,,,,,,,,,,,,,,,,,
S23,DynaMixEMATent,,,,,,,,,,0,64,19,0.296875,45.0,0.703125,0.703125,2,0.09483407437801361,0.9985694289207458,0.9985694289207458,0.9037353992462158,0.4251357520899319,0.27529341923384437,0.29957082867622375,0.3930353424794595,63.908443450927734,0.19999999999999996,1.0,0.6717298626899719,0.2,0.0,1.0,45.0,0.703125,19.0,0.296875,0.703125,2.0,0.203125
S23,DynaMixEMATent,,,,,,,,,,1,64,38,0.59375,26.0,0.40625,0.59375,2,0.040328383445739746,0.8843593597412109,0.8843593597412109,0.8440309762954712,0.286571259898657,0.4481209321789798,0.26530780792236325,0.6099437791923964,120.50744247436523,0.19999999999999996,1.0,0.6508328914642334,0.2,0.0,1.0,64.0,1.0,0.0,0.0,1.0,1.0,0.09375
S23,DynaMixEMATent,,,,,,,,,,2,64,46,0.71875,18.0,0.28125,0.71875,2,0.0316338874399662,0.8790749311447144,0.8790749311447144,0.8474410772323608,0.18504615008059228,0.5512313705759935,0.2637224793434143,0.7486733671896233,176.76823806762695,0.19999999999999996,1.0,0.6682290434837341,0.2,0.0,1.0,62.0,0.96875,2.0,0.03125,0.96875,2.0,0.21875
S23,DynaMixEMATent,,,,,,,,,,3,51,21,0.4117647058823529,30.0,0.5882352941176471,0.5882352941176471,2,0.0690893828868866,0.8403773903846741,0.8403773903846741,0.7712880373001099,0.1344795146966317,0.6134072681879662,0.2521132171154022,0.820187336139376,219.62748497724533,0.19999999999999996,1.0,0.6763445734977722,0.2,0.0,1.0,50.0,0.9803921568627451,1.0,0.0196078431372549,0.9803921568627451,2.0,0.08823529411764708
S24,EMATent,0.7971292734146118,0.7971292734146118,0.7587400078773499,1.0,0.26086121797561646,0.5,0.23913878202438354,0.0,0.0,0,64,8,0.125,56.0,0.875,0.875,2,,,,,,,,,,,,,,,,,,,,,,
S24,EMATent,0.9896854162216187,0.9896854162216187,0.6126177906990051,1.0,0.20309437513351442,0.5,0.2969056248664856,0.0,0.0,1,64,49,0.765625,15.0,0.234375,0.765625,2,,,,,,,,,,,,,,,,,,,,,,
S24,EMATent,0.942930281162262,0.942930281162262,0.6459696888923645,1.0,0.2171209156513214,0.5,0.2828790843486786,0.0,0.0,2,64,20,0.3125,44.0,0.6875,0.6875,2,,,,,,,,,,,,,,,,,,,,,,
S24,EMATent,0.9346034526824951,0.9346034526824951,0.6493992805480957,1.0,0.21961896419525148,0.5,0.28038103580474855,0.0,0.0,3,5,0,0.0,5.0,1.0,1.0,1,,,,,,,,,,,,,,,,,,,,,,
S24,DynaMixEMATent,,,,,,,,,,0,64,8,0.125,56.0,0.875,0.875,2,0.05302104726433754,0.7971292734146118,0.7971292734146118,0.7441082000732422,0.510753117043531,0.2501081009320854,0.23913878202438354,0.32871711032602624,51.016273498535156,0.19999999999999996,1.0,0.5391567945480347,0.2,0.0,1.0,64.0,1.0,0.0,0.0,1.0,1.0,0.375
S24,DynaMixEMATent,,,,,,,,,,1,64,49,0.765625,15.0,0.234375,0.765625,2,0.049375101923942566,0.9721718430519104,0.9721718430519104,0.9227967262268066,0.292447619291468,0.4159008277929589,0.2916515529155731,0.5871415819499755,113.23527145385742,0.19999999999999996,1.0,0.6066309213638306,0.2,0.0,1.0,55.0,0.859375,9.0,0.140625,0.859375,2.0,0.265625
S24,DynaMixEMATent,,,,,,,,,,2,64,20,0.3125,44.0,0.6875,0.6875,2,0.034301940351724625,0.9665476679801941,0.9665476679801941,0.9322457313537598,0.18079989327831192,0.5292358063276299,0.28996430039405824,0.745365066321802,175.09432220458984,0.19999999999999996,1.0,0.6413928270339966,0.2,0.0,1.0,49.0,0.765625,15.0,0.234375,0.765625,2.0,0.1875
S24,DynaMixEMATent,,,,,,,,,,3,5,0,0.0,5.0,1.0,1.0,1,0.06861763447523117,0.9137769937515259,0.9137769937515259,0.8451593518257141,0.17834999097899706,0.5475169108955452,0.2741330981254578,0.7542938099003957,179.66320717334747,0.19999999999999996,1.0,0.6604061722755432,0.2,0.0,1.0,2.0,0.4,3.0,0.6,0.6,2.0,0.5
S25,EMATent,0.8505974411964417,0.8505974411964417,0.723529040813446,1.0,0.24482076764106753,0.5,0.2551792323589325,0.0,0.0,0,64,22,0.34375,42.0,0.65625,0.65625,2,,,,,,,,,,,,,,,,,,,,,,
S25,EMATent,0.8108542561531067,0.8108542561531067,0.7569111585617065,1.0,0.256743723154068,0.5,0.24325627684593198,0.0,0.0,1,64,36,0.5625,28.0,0.4375,0.5625,2,,,,,,,,,,,,,,,,,,,,,,
S25,EMATent,0.9939500093460083,0.9939500093460083,0.5949960350990295,1.0,0.20181499719619753,0.5,0.2981850028038025,0.0,0.0,2,64,40,0.625,24.0,0.375,0.625,2,,,,,,,,,,,,,,,,,,,,,,
S25,EMATent,0.8398346304893494,0.8398346304893494,0.7391260862350464,1.0,0.2480496108531952,0.5,0.2519503891468048,0.0,0.0,3,53,26,0.49056603773584906,27.0,0.5094339622641509,0.5094339622641509,2,,,,,,,,,,,,,,,,,,,,,,
S25,DynaMixEMATent,,,,,,,,,,0,64,22,0.34375,42.0,0.65625,0.65625,2,0.02407430298626423,0.8505974411964417,0.8505974411964417,0.8265231847763062,0.48679587554426124,0.2580248920968063,0.2551792323589325,0.34642548020512454,54.438236236572266,0.19999999999999996,1.0,0.6396554708480835,0.2,0.0,1.0,15.0,0.234375,49.0,0.765625,0.765625,2.0,0.15625
S25,DynaMixEMATent,,,,,,,,,,1,64,36,0.5625,28.0,0.4375,0.5625,2,0.06598750501871109,0.748651921749115,0.748651921749115,0.6826643943786621,0.3485424562679423,0.4268619672073232,0.2245955765247345,0.5505023627466314,102.35195922851562,0.19999999999999996,1.0,0.5773245096206665,0.2,0.0,1.0,16.0,0.25,48.0,0.75,0.75,2.0,0.0625
S25,DynaMixEMATent,,,,,,,,,,2,64,40,0.625,24.0,0.375,0.625,2,0.027866004034876823,0.9144066572189331,0.9144066572189331,0.8865406513214111,0.20649545120400267,0.5191825516303175,0.2743219971656799,0.7154447972827037,160.87398529052734,0.19999999999999996,1.0,0.5870503187179565,0.2,0.0,1.0,48.0,0.75,16.0,0.25,0.75,2.0,0.125
S25,DynaMixEMATent,,,,,,,,,,3,53,26,0.49056603773584906,27.0,0.5094339622641509,0.5094339622641509,2,0.05332760512828827,0.6617640256881714,0.6617640256881714,0.6084364652633667,0.17340135057707526,0.6280694417164733,0.1985292077064514,0.7836460763830744,195.94747865200043,0.19999999999999996,1.0,0.5624260306358337,0.2,0.0,1.0,24.0,0.4528301886792453,29.0,0.5471698113207547,0.5471698113207547,2.0,0.009433962264150941
S26,EMATent,0.8667937517166138,0.8667937517166138,0.7683696746826172,1.0,0.23996187448501588,0.5,0.2600381255149841,0.0,0.0,0,64,53,0.828125,11.0,0.171875,0.828125,2,,,,,,,,,,,,,,,,,,,,,,
S26,EMATent,0.9576823711395264,0.9576823711395264,0.7087078094482422,1.0,0.2126952886581421,0.5,0.2873047113418579,0.0,0.0,1,64,43,0.671875,21.0,0.328125,0.671875,2,,,,,,,,,,,,,,,,,,,,,,
S26,EMATent,0.9503657221794128,0.9503657221794128,0.7076343894004822,1.0,0.21489028334617616,0.5,0.28510971665382384,0.0,0.0,2,64,42,0.65625,22.0,0.34375,0.65625,2,,,,,,,,,,,,,,,,,,,,,,
S26,EMATent,0.8511714339256287,0.8511714339256287,0.7425720691680908,1.0,0.24464856982231142,0.5,0.2553514301776886,0.0,0.0,3,64,26,0.40625,38.0,0.59375,0.59375,2,,,,,,,,,,,,,,,,,,,,,,
S26,EMATent,0.8091460466384888,0.8091460466384888,0.754477858543396,1.0,0.25725618600845335,0.5,0.24274381399154663,0.0,0.0,4,47,17,0.3617021276595745,30.0,0.6382978723404256,0.6382978723404256,2,,,,,,,,,,,,,,,,,,,,,,
S26,DynaMixEMATent,,,,,,,,,,0,64,53,0.828125,11.0,0.171875,0.828125,2,0.16299182176589966,0.8667937517166138,0.8667937517166138,0.7038019299507141,0.47971961031541965,0.26024226416959617,0.2600381255149841,0.35169685512610294,55.47480010986328,0.19999999999999996,1.0,0.6250988245010376,0.2,0.0,1.0,27.0,0.421875,37.0,0.578125,0.578125,2.0,0.328125
S26,DynaMixEMATent,,,,,,,,,,1,64,43,0.671875,21.0,0.328125,0.671875,2,0.21620911359786987,0.996570348739624,0.996570348739624,0.7803612351417542,0.27612869856512606,0.4249001968129867,0.2989711046218872,0.6061093909457312,119.25530242919922,0.19999999999999996,1.0,0.5475988984107971,0.2,0.0,1.0,6.0,0.09375,58.0,0.90625,0.90625,2.0,0.171875
S26,DynaMixEMATent,,,,,,,,,,2,64,42,0.65625,22.0,0.34375,0.65625,2,0.25840574502944946,0.9976564645767212,0.9976564645767212,0.7392507195472717,0.16759894961366523,0.5331041110133186,0.2992969393730163,0.7608131617639875,183.10531616210938,0.19999999999999996,1.0,0.5896656513214111,0.2,0.0,1.0,13.0,0.203125,51.0,0.796875,0.796875,2.0,0.15625
S26,DynaMixEMATent,,,,,,,,,,3,64,26,0.40625,38.0,0.59375,0.59375,2,0.27235913276672363,0.9922513365745544,0.9922513365745544,0.7198922038078308,0.10228466281687175,0.6000399362107619,0.29767540097236633,0.8543626936056568,246.60940170288086,0.19999999999999996,1.0,0.5429704189300537,0.2,0.0,1.0,23.0,0.359375,41.0,0.640625,0.640625,2.0,0.09375
S26,DynaMixEMATent,,,,,,,,,,4,47,17,0.3617021276595745,30.0,0.6382978723404256,0.6382978723404256,2,0.16691432893276215,0.9836742877960205,0.9836742877960205,0.8167599439620972,0.07153764766726278,0.633360065993931,0.29510228633880614,0.8985134349554054,292.8420932292938,0.19999999999999996,1.0,0.5658262372016907,0.2,0.0,1.0,26.0,0.5531914893617021,21.0,0.44680851063829785,0.5531914893617021,2.0,0.13829787234042556
S27,EMATent,0.9182699918746948,0.9182699918746948,0.7786136865615845,1.0,0.22451900243759157,0.5,0.27548099756240846,0.0,0.0,0,64,63,0.984375,1.0,0.015625,0.984375,2,,,,,,,,,,,,,,,,,,,,,,
S27,EMATent,0.9383571147918701,0.9383571147918701,0.7264999151229858,1.0,0.21849286556243896,0.5,0.28150713443756104,0.0,0.0,1,64,15,0.234375,49.0,0.765625,0.765625,2,,,,,,,,,,,,,,,,,,,,,,
S27,EMATent,0.9486163258552551,0.9486163258552551,0.6780998110771179,1.0,0.21541510224342347,0.5,0.2845848977565765,0.0,0.0,2,64,33,0.515625,31.0,0.484375,0.515625,2,,,,,,,,,,,,,,,,,,,,,,
S27,EMATent,0.9464750289916992,0.9464750289916992,0.6687361001968384,1.0,0.21605749130249025,0.5,0.28394250869750975,0.0,0.0,3,64,6,0.09375,58.0,0.90625,0.90625,2,,,,,,,,,,,,,,,,,,,,,,
S27,EMATent,0.8988069295883179,0.8988069295883179,0.720018208026886,1.0,0.23035792112350464,0.5,0.26964207887649533,0.0,0.0,4,64,27,0.421875,37.0,0.578125,0.578125,2,,,,,,,,,,,,,,,,,,,,,,
S27,EMATent,0.47224879264831543,0.47224879264831543,0.8989710211753845,1.0,0.35832536220550537,0.5,0.14167463779449463,0.0,0.0,5,1,0,0.0,1.0,1.0,1.0,1,,,,,,,,,,,,,,,,,,,,,,
S27,DynaMixEMATent,,,,,,,,,,0,64,63,0.984375,1.0,0.015625,0.984375,2,0.23735041916370392,0.9182699918746948,0.9182699918746948,0.6809195280075073,0.4577728012199051,0.2667462012176865,0.27548099756240846,0.3681700553335914,58.76927947998047,0.19999999999999996,1.0,0.6354909539222717,0.2,0.0,1.0,27.0,0.421875,37.0,0.578125,0.578125,2.0,0.484375
S27,DynaMixEMATent,,,,,,,,,,1,64,15,0.234375,49.0,0.765625,0.765625,2,0.22712768614292145,0.917033851146698,0.917033851146698,0.6899061799049377,0.2895615213434624,0.4353283233125282,0.2751101553440094,0.6005441054552516,117.45944595336914,0.19999999999999996,1.0,0.5848752856254578,0.2,0.0,1.0,39.0,0.609375,25.0,0.390625,0.609375,2.0,0.265625
S27,DynaMixEMATent,,,,,,,,,,2,64,33,0.515625,31.0,0.484375,0.515625,2,0.17484401166439056,0.7486651539802551,0.7486651539802551,0.5738211274147034,0.21302192868643824,0.5623785251194853,0.22459954619407654,0.7252749496845717,165.37401580810547,0.19999999999999996,1.0,0.6132491827011108,0.2,0.0,1.0,54.0,0.84375,10.0,0.15625,0.84375,2.0,0.015625
S27,DynaMixEMATent,,,,,,,,,,3,64,6,0.09375,58.0,0.90625,0.90625,2,0.12084833532571793,0.7390022873878479,0.7390022873878479,0.618153989315033,0.14776534815074907,0.6305339656328965,0.22170068621635436,0.8101432886630742,212.67016220092773,0.19999999999999996,1.0,0.5795342922210693,0.2,0.0,1.0,49.0,0.765625,15.0,0.234375,0.765625,2.0,0.40625
S27,DynaMixEMATent,,,,,,,,,,4,64,27,0.421875,37.0,0.578125,0.578125,2,0.18178406357765198,0.6123160123825073,0.6123160123825073,0.43053194880485535,0.1141079182259064,0.7021972780593414,0.1836948037147522,0.8602141469328185,251.8583869934082,0.19999999999999996,1.0,0.45262670516967773,0.2,0.0,1.0,51.0,0.796875,13.0,0.203125,0.796875,2.0,0.078125
S27,DynaMixEMATent,,,,,,,,,,5,1,0,0.0,1.0,1.0,1.0,1,0.0,0.0031247930601239204,0.0031247930601239204,0.0031247930601239204,0.13965140323418718,0.8594111588477756,0.0009374379180371761,0.860217559405724,251.86151178646833,0.19999999999999996,0.0,0.5252604484558105,0.2,0.0,1.0,1.0,1.0,0.0,0.0,1.0,1.0,0.5
S28,EMATent,0.11581958830356598,0.11581958830356598,0.9844244122505188,0.0,0.4652541235089302,0.5,0.03474587649106979,0.0,0.0,0,64,45,0.703125,19.0,0.296875,0.703125,2,,,,,,,,,,,,,,,,,,,,,,
S28,EMATent,0.6006125807762146,0.6006125807762146,0.8651352524757385,1.0,0.31981622576713564,0.5,0.18018377423286439,0.0,0.0,1,64,51,0.796875,13.0,0.203125,0.796875,2,,,,,,,,,,,,,,,,,,,,,,
S28,EMATent,0.9935926198959351,0.9935926198959351,0.7294108867645264,1.0,0.2019222140312195,0.5,0.2980777859687805,0.0,0.0,2,64,31,0.484375,33.0,0.515625,0.515625,2,,,,,,,,,,,,,,,,,,,,,,
S28,EMATent,0.9919969439506531,0.9919969439506531,0.6002979278564453,1.0,0.2024009168148041,0.5,0.2975990831851959,0.0,0.0,3,19,8,0.42105263157894735,11.0,0.5789473684210527,0.5789473684210527,2,,,,,,,,,,,,,,,,,,,,,,
S28,DynaMixEMATent,,,,,,,,,,0,64,45,0.703125,19.0,0.296875,0.703125,2,0.013875441625714302,0.11581958830356598,0.11581958830356598,0.10194414854049683,0.9109441716979332,0.05430995181099703,0.03474587649106979,0.05626492597987287,7.412453651428223,0.19999999999999996,0.0,0.10095938295125961,0.2,0.0,1.0,0.0,0.0,64.0,1.0,1.0,1.0,0.203125
S28,DynaMixEMATent,,,,,,,,,,1,64,51,0.796875,13.0,0.203125,0.796875,2,0.030626261606812477,0.2607322931289673,0.2607322931289673,0.23010604083538055,0.7635899887692993,0.15819032329201052,0.07821968793869018,0.17161390975932334,24.09932041168213,0.19999999999999996,1.0,0.3429301381111145,0.2,0.0,1.0,2.0,0.03125,62.0,0.96875,0.96875,2.0,0.296875
S28,DynaMixEMATent,,,,,,,,,,2,64,31,0.484375,33.0,0.515625,0.515625,2,0.0759274810552597,0.32523417472839355,0.32523417472839355,0.24930669367313385,0.63536384374826,0.26706590383322193,0.09757025241851806,0.2959409356229229,44.914307594299316,0.19999999999999996,1.0,0.5789802074432373,0.2,0.0,1.0,31.0,0.484375,33.0,0.515625,0.515625,2.0,0.015625
S28,DynaMixEMATent,,,,,,,,,,3,19,8,0.42105263157894735,11.0,0.5789473684210527,0.5789473684210527,2,0.03873470798134804,0.3933672308921814,0.3933672308921814,0.35463252663612366,0.5857523268112552,0.2962375039210904,0.11801016926765441,0.33587405840622275,52.38828498125076,0.19999999999999996,1.0,0.6806231141090393,0.2,0.0,1.0,12.0,0.631578947368421,7.0,0.3684210526315789,0.631578947368421,2.0,0.07894736842105265
S29,EMATent,0.9998127222061157,0.9998127222061157,0.7206433415412903,1.0,0.2000561833381653,0.5,0.29994381666183473,0.0,0.0,0,64,48,0.75,16.0,0.25,0.75,2,,,,,,,,,,,,,,,,,,,,,,
S29,EMATent,0.9776899218559265,0.9776899218559265,0.7831392288208008,1.0,0.20669302344322205,0.5,0.29330697655677795,0.0,0.0,1,64,29,0.453125,35.0,0.546875,0.546875,2,,,,,,,,,,,,,,,,,,,,,,
S29,EMATent,0.8428862690925598,0.8428862690925598,0.7621651887893677,1.0,0.24713411927223206,0.5,0.25286588072776794,0.0,0.0,2,64,46,0.71875,18.0,0.28125,0.71875,2,,,,,,,,,,,,,,,,,,,,,,
S29,DynaMixEMATent,,,,,,,,,,0,64,48,0.75,16.0,0.25,0.75,2,0.2076270878314972,0.9998127222061157,0.9998127222061157,0.7921856045722961,0.42464530017186697,0.27541088316629836,0.29994381666183473,0.3934125427662424,63.988014221191406,0.19999999999999996,1.0,0.604404091835022,0.2,0.0,1.0,57.0,0.890625,7.0,0.109375,0.890625,2.0,0.25
S29,DynaMixEMATent,,,,,,,,,,1,64,29,0.453125,35.0,0.546875,0.546875,2,0.3157919943332672,0.9336171746253967,0.9336171746253967,0.6178252100944519,0.2738054970120658,0.4461093506003152,0.280085152387619,0.61966960687066,123.7395133972168,0.19999999999999996,1.0,0.4986265003681183,0.2,0.0,1.0,37.0,0.578125,27.0,0.421875,0.578125,2.0,0.046875
S29,DynaMixEMATent,,,,,,,,,,2,64,46,0.71875,18.0,0.28125,0.71875,2,0.19162513315677643,0.9349491000175476,0.9349491000175476,0.7433239817619324,0.17146655804027824,0.5480487119544576,0.28048473000526425,0.7616915648759855,183.57625579833984,0.19999999999999996,1.0,0.5830530524253845,0.2,0.0,1.0,54.0,0.84375,10.0,0.15625,0.84375,2.0,0.21875
S30,EMATent,0.2529100179672241,0.2529100179672241,0.9576622247695923,1.0,0.4241269946098328,0.5,0.07587300539016724,0.0,0.0,0,64,61,0.953125,3.0,0.046875,0.953125,2,,,,,,,,,,,,,,,,,,,,,,
S30,EMATent,0.9279602766036987,0.9279602766036987,0.7537633180618286,1.0,0.22161191701889038,0.5,0.2783880829811096,0.0,0.0,1,64,31,0.484375,33.0,0.515625,0.515625,2,,,,,,,,,,,,,,,,,,,,,,
S30,EMATent,0.9998778700828552,0.9998778700828552,0.5809693336486816,1.0,0.20003663897514345,0.5,0.29996336102485655,0.0,0.0,2,64,60,0.9375,4.0,0.0625,0.9375,2,,,,,,,,,,,,,,,,,,,,,,
S30,EMATent,0.9398276805877686,0.9398276805877686,0.6441288590431213,1.0,0.21805169582366946,0.5,0.28194830417633054,0.0,0.0,3,64,64,1.0,,,1.0,1,,,,,,,,,,,,,,,,,,,,,,
S30,EMATent,0.997619092464447,0.997619092464447,0.779964029788971,1.0,0.2007142722606659,0.5,0.2992857277393341,0.0,0.0,4,64,21,0.328125,43.0,0.671875,0.671875,2,,,,,,,,,,,,,,,,,,,,,,
S30,EMATent,0.1997760832309723,0.1997760832309723,0.9689207673072815,0.0,0.4400671750307083,0.5,0.059932824969291684,0.0,0.0,5,23,3,0.13043478260869565,20.0,0.8695652173913043,0.8695652173913043,2,,,,,,,,,,,,,,,,,,,,,,
S30,DynaMixEMATent,,,,,,,,,,0,64,61,0.953125,3.0,0.046875,0.953125,2,0.029717590659856796,0.2529100179672241,0.2529100179672241,0.22319242358207703,0.8143534563110314,0.10977353829880133,0.07587300539016724,0.11878620464403578,16.186241149902344,0.19999999999999996,1.0,0.2068231999874115,0.2,0.0,1.0,0.0,0.0,64.0,1.0,1.0,1.0,0.453125
S30,DynaMixEMATent,,,,,,,,,,1,64,31,0.484375,33.0,0.515625,0.515625,2,0.24207951128482819,0.8100712895393372,0.8100712895393372,0.5679917931556702,0.44489769068308443,0.3120809224551144,0.24302138686180114,0.41227178289928634,68.03080368041992,0.19999999999999996,1.0,0.5479028224945068,0.2,0.0,1.0,41.0,0.640625,23.0,0.359375,0.640625,2.0,0.015625
S30,DynaMixEMATent,,,,,,,,,,2,64,60,0.9375,4.0,0.0625,0.9375,2,0.06704924255609512,0.8379590511322021,0.8379590511322021,0.77090984582901,0.28938298725240647,0.4592292974079329,0.25138771533966064,0.6134407714352358,121.66018295288086,0.19999999999999996,1.0,0.6369489431381226,0.2,0.0,1.0,53.0,0.828125,11.0,0.171875,0.828125,2.0,0.4375
S30,DynaMixEMATent,,,,,,,,,,3,64,64,1.0,,,1.0,1,0.08121106773614883,0.9798238277435303,0.9798238277435303,0.8986127972602844,0.16721961397482624,0.5388332377021147,0.29394714832305907,0.7631627525083085,184.3689079284668,0.19999999999999996,1.0,0.5963817238807678,0.2,0.0,1.0,62.0,0.96875,2.0,0.03125,0.96875,2.0,0.0
S30,DynaMixEMATent,,,,,,,,,,4,64,21,0.328125,43.0,0.671875,0.671875,2,0.292087584733963,0.9895702600479126,0.9895702600479126,0.697482705116272,0.10153190053593819,0.6015970214496881,0.2968710780143738,0.8555998802478306,247.7014045715332,0.19999999999999996,1.0,0.4822882115840912,0.2,0.0,1.0,40.0,0.625,24.0,0.375,0.625,2.0,0.171875
S30,DynaMixEMATent,,,,,,,,,,5,23,3,0.13043478260869565,20.0,0.8695652173913043,0.8695652173913043,2,0.07763513177633286,0.18432410061359406,0.18432410061359406,0.1066889762878418,0.1319710247049526,0.8127317451109692,0.055297230184078214,0.8603041835786429,251.94085888564587,0.19999999999999996,0.0,0.1325225979089737,0.2,0.0,1.0,2.0,0.08695652173913043,21.0,0.9130434782608695,0.9130434782608695,2.0,0.3695652173913043
