Subject,Method,raw_gate,effective_gate,confidence,updated,effective_source_weight,effective_ema_weight,effective_batch_weight,probe_gate,min_gate,batch_index,batch_size,true_class_0_count,true_class_0_ratio,true_class_1_count,true_class_1_ratio,true_max_class_ratio,true_num_present_classes
S10,EMATent,0.40351828932762146,0.40351828932762146,0.9668973088264465,1,0.3789445132017136,0.5,0.12105548679828643,0.0,0.0,0,64,49,0.765625,15.0,0.234375,0.765625,2
S10,EMATent,0.5309908986091614,0.5309908986091614,0.9840824007987976,1,0.34070273041725163,0.5,0.1592972695827484,0.0,0.0,1,64,49,0.765625,15.0,0.234375,0.765625,2
S10,EMATent,0.3986976742744446,0.3986976742744446,0.9871276617050171,1,0.38039069771766665,0.5,0.11960930228233337,0.0,0.0,2,64,49,0.765625,15.0,0.234375,0.765625,2
S10,EMATent,0.5040925741195679,0.5040925741195679,0.9822841286659241,1,0.34877222776412964,0.5,0.15122777223587036,0.0,0.0,3,64,46,0.71875,18.0,0.28125,0.71875,2
S10,EMATent,0.4989152252674103,0.4989152252674103,0.9792129993438721,1,0.3503254324197769,0.5,0.14967456758022307,0.0,0.0,4,64,52,0.8125,12.0,0.1875,0.8125,2
S10,EMATent,0.44168323278427124,0.44168323278427124,0.9732290506362915,1,0.36749503016471863,0.5,0.13250496983528137,0.0,0.0,5,64,45,0.703125,19.0,0.296875,0.703125,2
S10,EMATent,0.5957521796226501,0.5957521796226501,0.965107798576355,1,0.32127434611320493,0.5,0.17872565388679504,0.0,0.0,6,64,45,0.703125,19.0,0.296875,0.703125,2
S10,EMATent,0.5320600867271423,0.5320600867271423,0.968418538570404,1,0.3403819739818573,0.5,0.1596180260181427,0.0,0.0,7,64,52,0.8125,12.0,0.1875,0.8125,2
S10,EMATent,0.5989177823066711,0.5989177823066711,0.9811437726020813,1,0.32032466530799864,0.5,0.17967533469200134,0.0,0.0,8,64,56,0.875,8.0,0.125,0.875,2
S10,EMATent,0.5700594782829285,0.5700594782829285,0.9842462539672852,1,0.32898215651512147,0.5,0.17101784348487853,0.0,0.0,9,40,28,0.7,12.0,0.3,0.7,2
S11,EMATent,0.0772528350353241,0.0772528350353241,0.9905308485031128,0,0.47682414948940277,0.5,0.02317585051059723,0.0,0.0,0,64,52,0.8125,12.0,0.1875,0.8125,2
S11,EMATent,0.12167651951313019,0.12167651951313019,0.9834377765655518,0,0.46349704414606097,0.5,0.036502955853939055,0.0,0.0,1,64,48,0.75,16.0,0.25,0.75,2
S11,EMATent,0.4868873059749603,0.4868873059749603,0.9544277191162109,1,0.3539338082075119,0.5,0.1460661917924881,0.0,0.0,2,64,46,0.71875,18.0,0.28125,0.71875,2
S11,EMATent,0.3939381241798401,0.3939381241798401,0.9626758098602295,1,0.381818562746048,0.5,0.11818143725395203,0.0,0.0,3,64,49,0.765625,15.0,0.234375,0.765625,2
S11,EMATent,0.4600164294242859,0.4600164294242859,0.9650711417198181,1,0.36199507117271423,0.5,0.13800492882728577,0.0,0.0,4,64,54,0.84375,10.0,0.15625,0.84375,2
S11,EMATent,0.6410532593727112,0.6410532593727112,0.9341801404953003,1,0.30768402218818663,0.5,0.19231597781181334,0.0,0.0,5,64,43,0.671875,21.0,0.328125,0.671875,2
S11,EMATent,0.48919519782066345,0.48919519782066345,0.9304158687591553,1,0.353241440653801,0.5,0.14675855934619902,0.0,0.0,6,64,51,0.796875,13.0,0.203125,0.796875,2
S11,EMATent,0.5947322845458984,0.5947322845458984,0.9566843509674072,1,0.3215803146362305,0.5,0.17841968536376954,0.0,0.0,7,64,52,0.8125,12.0,0.1875,0.8125,2
S11,EMATent,0.5075556039810181,0.5075556039810181,0.9542036056518555,1,0.3477333188056946,0.5,0.15226668119430542,0.0,0.0,8,64,52,0.8125,12.0,0.1875,0.8125,2
S11,EMATent,0.6601479649543762,0.6601479649543762,0.8918055891990662,1,0.30195561051368713,0.5,0.19804438948631287,0.0,0.0,9,29,22,0.7586206896551724,7.0,0.2413793103448276,0.7586206896551724,2
S13,EMATent,0.8205455541610718,0.8205455541610718,0.9353537559509277,1,0.25383633375167847,0.5,0.24616366624832153,0.0,0.0,0,64,44,0.6875,20.0,0.3125,0.6875,2
S13,EMATent,0.5958566665649414,0.5958566665649414,0.9756237864494324,1,0.3212430000305176,0.5,0.1787569999694824,0.0,0.0,1,64,53,0.828125,11.0,0.171875,0.828125,2
S13,EMATent,0.8439754247665405,0.8439754247665405,0.9557327032089233,1,0.24680737257003785,0.5,0.2531926274299621,0.0,0.0,2,64,51,0.796875,13.0,0.203125,0.796875,2
S13,EMATent,0.9187527894973755,0.9187527894973755,0.9853503108024597,1,0.22437416315078737,0.5,0.27562583684921266,0.0,0.0,3,64,54,0.84375,10.0,0.15625,0.84375,2
S13,EMATent,0.9118239879608154,0.9118239879608154,0.982531726360321,1,0.22645280361175538,0.5,0.2735471963882446,0.0,0.0,4,64,51,0.796875,13.0,0.203125,0.796875,2
S13,EMATent,0.8244037628173828,0.8244037628173828,0.9837566614151001,1,0.25267887115478516,0.5,0.24732112884521484,0.0,0.0,5,64,47,0.734375,17.0,0.265625,0.734375,2
S13,EMATent,0.7175091505050659,0.7175091505050659,0.9923712015151978,1,0.28474725484848024,0.5,0.21525274515151976,0.0,0.0,6,64,51,0.796875,13.0,0.203125,0.796875,2
S13,EMATent,0.9623875617980957,0.9623875617980957,0.9780380725860596,1,0.2112837314605713,0.5,0.2887162685394287,0.0,0.0,7,64,45,0.703125,19.0,0.296875,0.703125,2
S13,EMATent,0.8512851595878601,0.8512851595878601,0.9849777221679688,1,0.24461445212364197,0.5,0.25538554787635803,0.0,0.0,8,64,51,0.796875,13.0,0.203125,0.796875,2
S13,EMATent,0.963437020778656,0.963437020778656,0.9929019808769226,1,0.2109688937664032,0.5,0.2890311062335968,0.0,0.0,9,28,24,0.8571428571428571,4.0,0.14285714285714285,0.8571428571428571,2
S14,EMATent,0.47061672806739807,0.47061672806739807,0.9611499309539795,1,0.3588149815797806,0.5,0.1411850184202194,0.0,0.0,0,64,52,0.8125,12.0,0.1875,0.8125,2
S14,EMATent,0.8084922432899475,0.8084922432899475,0.977855920791626,1,0.25745232701301574,0.5,0.24254767298698424,0.0,0.0,1,64,56,0.875,8.0,0.125,0.875,2
S14,EMATent,0.7803794741630554,0.7803794741630554,0.9359453320503235,1,0.2658861577510834,0.5,0.23411384224891663,0.0,0.0,2,64,49,0.765625,15.0,0.234375,0.765625,2
S14,EMATent,0.9384769797325134,0.9384769797325134,0.920143187046051,1,0.21845690608024598,0.5,0.281543093919754,0.0,0.0,3,64,45,0.703125,19.0,0.296875,0.703125,2
S14,EMATent,0.6958885788917542,0.6958885788917542,0.9434155225753784,1,0.29123342633247373,0.5,0.20876657366752624,0.0,0.0,4,64,48,0.75,16.0,0.25,0.75,2
S14,EMATent,0.7350320219993591,0.7350320219993591,0.9525436758995056,1,0.27949039340019227,0.5,0.22050960659980773,0.0,0.0,5,64,47,0.734375,17.0,0.265625,0.734375,2
S14,EMATent,0.7871336340904236,0.7871336340904236,0.941361665725708,1,0.26385990977287294,0.5,0.23614009022712706,0.0,0.0,6,64,44,0.6875,20.0,0.3125,0.6875,2
S14,EMATent,0.6993616223335266,0.6993616223335266,0.9589627981185913,1,0.290191513299942,0.5,0.20980848670005797,0.0,0.0,7,64,49,0.765625,15.0,0.234375,0.765625,2
S14,EMATent,0.9164277911186218,0.9164277911186218,0.9630599617958069,1,0.22507166266441347,0.5,0.2749283373355865,0.0,0.0,8,64,55,0.859375,9.0,0.140625,0.859375,2
S14,EMATent,0.6406260132789612,0.6406260132789612,0.9575842618942261,1,0.30781219601631166,0.5,0.19218780398368834,0.0,0.0,9,27,23,0.8518518518518519,4.0,0.14814814814814814,0.8518518518518519,2
S15,EMATent,0.819923996925354,0.819923996925354,0.8835093975067139,1,0.2540228009223938,0.5,0.24597719907760618,0.0,0.0,0,64,47,0.734375,17.0,0.265625,0.734375,2
S15,EMATent,0.7991302609443665,0.7991302609443665,0.9370502233505249,1,0.2602609217166901,0.5,0.23973907828330993,0.0,0.0,1,64,53,0.828125,11.0,0.171875,0.828125,2
S15,EMATent,0.8140707612037659,0.8140707612037659,0.9678797721862793,1,0.25577877163887025,0.5,0.24422122836112975,0.0,0.0,2,64,51,0.796875,13.0,0.203125,0.796875,2
S15,EMATent,0.8511741161346436,0.8511741161346436,0.9459974765777588,1,0.24464776515960696,0.5,0.25535223484039304,0.0,0.0,3,64,46,0.71875,18.0,0.28125,0.71875,2
S15,EMATent,0.8912452459335327,0.8912452459335327,0.9488184452056885,1,0.2326264262199402,0.5,0.2673735737800598,0.0,0.0,4,64,48,0.75,16.0,0.25,0.75,2
S15,EMATent,0.8611322641372681,0.8611322641372681,0.9397536516189575,1,0.2416603207588196,0.5,0.2583396792411804,0.0,0.0,5,64,49,0.765625,15.0,0.234375,0.765625,2
S15,EMATent,0.9692176580429077,0.9692176580429077,0.9694980382919312,1,0.2092347025871277,0.5,0.2907652974128723,0.0,0.0,6,64,52,0.8125,12.0,0.1875,0.8125,2
S15,EMATent,0.7682279348373413,0.7682279348373413,0.9439553618431091,1,0.2695316195487976,0.5,0.23046838045120238,0.0,0.0,7,64,50,0.78125,14.0,0.21875,0.78125,2
S15,EMATent,0.7985242009162903,0.7985242009162903,0.964276909828186,1,0.2604427397251129,0.5,0.23955726027488708,0.0,0.0,8,64,48,0.75,16.0,0.25,0.75,2
S15,EMATent,0.8495283126831055,0.8495283126831055,0.9709336757659912,1,0.24514150619506836,0.5,0.25485849380493164,0.0,0.0,9,30,25,0.8333333333333334,5.0,0.16666666666666666,0.8333333333333334,2
S16,EMATent,0.9889693856239319,0.9889693856239319,0.9990752935409546,1,0.20330918431282044,0.5,0.29669081568717953,0.0,0.0,0,64,52,0.8125,12.0,0.1875,0.8125,2
S16,EMATent,0.9849279522895813,0.9849279522895813,0.9939841032028198,1,0.20452161431312563,0.5,0.2954783856868744,0.0,0.0,1,64,46,0.71875,18.0,0.28125,0.71875,2
S16,EMATent,0.9826868772506714,0.9826868772506714,0.9527832865715027,1,0.20519393682479858,0.5,0.2948060631752014,0.0,0.0,2,64,53,0.828125,11.0,0.171875,0.828125,2
S16,EMATent,0.9872349500656128,0.9872349500656128,0.9570388793945312,1,0.20382951498031618,0.5,0.29617048501968385,0.0,0.0,3,64,51,0.796875,13.0,0.203125,0.796875,2
S16,EMATent,0.9995275735855103,0.9995275735855103,0.9569820165634155,1,0.20014172792434692,0.5,0.2998582720756531,0.0,0.0,4,64,47,0.734375,17.0,0.265625,0.734375,2
S16,EMATent,0.9706510901451111,0.9706510901451111,0.9765572547912598,1,0.20880467295646668,0.5,0.2911953270435333,0.0,0.0,5,64,52,0.8125,12.0,0.1875,0.8125,2
S16,EMATent,0.9930078983306885,0.9930078983306885,0.9794430732727051,1,0.20209763050079346,0.5,0.2979023694992065,0.0,0.0,6,64,45,0.703125,19.0,0.296875,0.703125,2
S16,EMATent,0.9832640290260315,0.9832640290260315,0.9578151702880859,1,0.20502079129219056,0.5,0.2949792087078094,0.0,0.0,7,64,49,0.765625,15.0,0.234375,0.765625,2
S16,EMATent,0.9726013541221619,0.9726013541221619,0.9733457565307617,1,0.20821959376335145,0.5,0.2917804062366485,0.0,0.0,8,64,53,0.828125,11.0,0.171875,0.828125,2
S16,EMATent,0.9660918712615967,0.9660918712615967,0.9792212843894958,1,0.21017243862152102,0.5,0.289827561378479,0.0,0.0,9,26,20,0.7692307692307693,6.0,0.23076923076923078,0.7692307692307693,2
S17,EMATent,0.5643256902694702,0.5643256902694702,0.9602731466293335,1,0.330702292919159,0.5,0.16929770708084105,0.0,0.0,0,64,52,0.8125,12.0,0.1875,0.8125,2
S17,EMATent,0.7142525315284729,0.7142525315284729,0.9872628450393677,1,0.2857242405414581,0.5,0.21427575945854185,0.0,0.0,1,64,52,0.8125,12.0,0.1875,0.8125,2
S17,EMATent,0.9067621231079102,0.9067621231079102,0.9763941168785095,1,0.22797136306762697,0.5,0.27202863693237306,0.0,0.0,2,64,44,0.6875,20.0,0.3125,0.6875,2
S17,EMATent,0.7898167371749878,0.7898167371749878,0.9764643907546997,1,0.2630549788475037,0.5,0.23694502115249633,0.0,0.0,3,64,50,0.78125,14.0,0.21875,0.78125,2
S17,EMATent,0.9369204640388489,0.9369204640388489,0.9680072665214539,1,0.21892386078834536,0.5,0.28107613921165464,0.0,0.0,4,64,44,0.6875,20.0,0.3125,0.6875,2
S17,EMATent,0.6945673227310181,0.6945673227310181,0.9858379364013672,1,0.2916298031806946,0.5,0.2083701968193054,0.0,0.0,5,64,53,0.828125,11.0,0.171875,0.828125,2
S17,EMATent,0.8110339641571045,0.8110339641571045,0.9717140793800354,1,0.2566898107528687,0.5,0.24331018924713133,0.0,0.0,6,64,51,0.796875,13.0,0.203125,0.796875,2
S17,EMATent,0.8987945914268494,0.8987945914268494,0.96548992395401,1,0.2303616225719452,0.5,0.2696383774280548,0.0,0.0,7,64,47,0.734375,17.0,0.265625,0.734375,2
S17,EMATent,0.9059600830078125,0.9059600830078125,0.9618803262710571,1,0.22821197509765626,0.5,0.2717880249023437,0.0,0.0,8,64,47,0.734375,17.0,0.265625,0.734375,2
S17,EMATent,0.9980753660202026,0.9980753660202026,0.9770926237106323,1,0.20057739019393922,0.5,0.2994226098060608,0.0,0.0,9,26,17,0.6538461538461539,9.0,0.34615384615384615,0.6538461538461539,2
S2,EMATent,0.008281408809125423,0.008281408809125423,0.9993061423301697,0,0.4975155773572624,0.5,0.002484422642737627,0.0,0.0,0,64,47,0.734375,17.0,0.265625,0.734375,2
S2,EMATent,0.09763531386852264,0.09763531386852264,0.9873902797698975,0,0.4707094058394432,0.5,0.029290594160556793,0.0,0.0,1,64,47,0.734375,17.0,0.265625,0.734375,2
S2,EMATent,0.2550017237663269,0.2550017237663269,0.9720956087112427,1,0.423499482870102,0.5,0.07650051712989807,0.0,0.0,2,64,50,0.78125,14.0,0.21875,0.78125,2
S2,EMATent,0.4423062801361084,0.4423062801361084,0.9391111135482788,1,0.36730811595916746,0.5,0.13269188404083251,0.0,0.0,3,64,48,0.75,16.0,0.25,0.75,2
S2,EMATent,0.2975304424762726,0.2975304424762726,0.9576877951622009,1,0.4107408672571182,0.5,0.08925913274288177,0.0,0.0,4,64,54,0.84375,10.0,0.15625,0.84375,2
S2,EMATent,0.362083375453949,0.362083375453949,0.9366454482078552,1,0.3913749873638153,0.5,0.1086250126361847,0.0,0.0,5,64,50,0.78125,14.0,0.21875,0.78125,2
S2,EMATent,0.35685673356056213,0.35685673356056213,0.957024335861206,1,0.39294297993183136,0.5,0.10705702006816864,0.0,0.0,6,64,53,0.828125,11.0,0.171875,0.828125,2
S2,EMATent,0.4361545443534851,0.4361545443534851,0.9525588750839233,1,0.3691536366939545,0.5,0.13084636330604552,0.0,0.0,7,64,52,0.8125,12.0,0.1875,0.8125,2
S2,EMATent,0.5686317682266235,0.5686317682266235,0.9364114999771118,1,0.3294104695320129,0.5,0.17058953046798705,0.0,0.0,8,64,52,0.8125,12.0,0.1875,0.8125,2
S2,EMATent,0.003029012121260166,0.003029012121260166,0.9997767806053162,0,0.49909129636362193,0.5,0.0009087036363780498,0.0,0.0,9,2,2,1.0,,,1.0,1
S3,EMATent,0.09262663125991821,0.09262663125991821,0.9932811260223389,0,0.47221201062202456,0.5,0.027787989377975462,0.0,0.0,0,64,55,0.859375,9.0,0.140625,0.859375,2
S3,EMATent,0.2927207946777344,0.2927207946777344,0.9789643883705139,1,0.4121837615966797,0.5,0.08781623840332031,0.0,0.0,1,64,51,0.796875,13.0,0.203125,0.796875,2
S3,EMATent,0.4373762607574463,0.4373762607574463,0.9683438539505005,1,0.3687871217727661,0.5,0.13121287822723388,0.0,0.0,2,64,49,0.765625,15.0,0.234375,0.765625,2
S3,EMATent,0.8750170469284058,0.8750170469284058,0.9712517261505127,1,0.23749488592147827,0.5,0.26250511407852173,0.0,0.0,3,64,47,0.734375,17.0,0.265625,0.734375,2
S3,EMATent,0.6605316400527954,0.6605316400527954,0.9785772562026978,1,0.3018405079841614,0.5,0.19815949201583863,0.0,0.0,4,64,50,0.78125,14.0,0.21875,0.78125,2
S3,EMATent,0.8685691356658936,0.8685691356658936,0.9679275155067444,1,0.23942925930023196,0.5,0.26057074069976804,0.0,0.0,5,64,45,0.703125,19.0,0.296875,0.703125,2
S3,EMATent,0.6541078090667725,0.6541078090667725,0.9696736931800842,1,0.30376765727996824,0.5,0.19623234272003173,0.0,0.0,6,64,48,0.75,16.0,0.25,0.75,2
S3,EMATent,0.5983768105506897,0.5983768105506897,0.9712619781494141,1,0.3204869568347931,0.5,0.17951304316520691,0.0,0.0,7,64,54,0.84375,10.0,0.15625,0.84375,2
S3,EMATent,0.7167431712150574,0.7167431712150574,0.9876652956008911,1,0.2849770486354828,0.5,0.2150229513645172,0.0,0.0,8,64,53,0.828125,11.0,0.171875,0.828125,2
S3,EMATent,0.9883372783660889,0.9883372783660889,0.9816393852233887,1,0.20349881649017335,0.5,0.2965011835098266,0.0,0.0,9,11,7,0.6363636363636364,4.0,0.36363636363636365,0.6363636363636364,2
S4,EMATent,0.7970939874649048,0.7970939874649048,0.9712132215499878,1,0.26087180376052854,0.5,0.23912819623947143,0.0,0.0,0,64,53,0.828125,11.0,0.171875,0.828125,2
S4,EMATent,0.9546607136726379,0.9546607136726379,0.929558277130127,1,0.21360178589820863,0.5,0.2863982141017914,0.0,0.0,1,64,46,0.71875,18.0,0.28125,0.71875,2
S4,EMATent,0.866868257522583,0.866868257522583,0.9756386280059814,1,0.2399395227432251,0.5,0.2600604772567749,0.0,0.0,2,64,51,0.796875,13.0,0.203125,0.796875,2
S4,EMATent,0.7786213755607605,0.7786213755607605,0.9849625825881958,1,0.26641358733177184,0.5,0.23358641266822813,0.0,0.0,3,64,50,0.78125,14.0,0.21875,0.78125,2
S4,EMATent,0.7446320652961731,0.7446320652961731,0.9639531373977661,1,0.27661038041114805,0.5,0.22338961958885192,0.0,0.0,4,64,54,0.84375,10.0,0.15625,0.84375,2
S4,EMATent,0.7534078359603882,0.7534078359603882,0.9885947108268738,1,0.27397764921188356,0.5,0.22602235078811644,0.0,0.0,5,64,51,0.796875,13.0,0.203125,0.796875,2
S4,EMATent,0.849068284034729,0.849068284034729,0.977458119392395,1,0.24527951478958132,0.5,0.2547204852104187,0.0,0.0,6,64,47,0.734375,17.0,0.265625,0.734375,2
S4,EMATent,0.7294473648071289,0.7294473648071289,0.9791852831840515,1,0.28116579055786134,0.5,0.21883420944213866,0.0,0.0,7,64,53,0.828125,11.0,0.171875,0.828125,2
S4,EMATent,0.8385767340660095,0.8385767340660095,0.9958134293556213,1,0.24842697978019715,0.5,0.2515730202198028,0.0,0.0,8,64,48,0.75,16.0,0.25,0.75,2
S4,EMATent,0.759330689907074,0.759330689907074,0.9757001996040344,1,0.2722007930278778,0.5,0.2277992069721222,0.0,0.0,9,20,16,0.8,4.0,0.2,0.8,2
S5,EMATent,0.7215361595153809,0.7215361595153809,0.9654691219329834,1,0.2835391521453857,0.5,0.21646084785461425,0.0,0.0,0,64,52,0.8125,12.0,0.1875,0.8125,2
S5,EMATent,0.6468313336372375,0.6468313336372375,0.9776128530502319,1,0.3059505999088287,0.5,0.19404940009117125,0.0,0.0,1,64,54,0.84375,10.0,0.15625,0.84375,2
S5,EMATent,0.9155924916267395,0.9155924916267395,0.961847722530365,1,0.22532225251197815,0.5,0.2746777474880218,0.0,0.0,2,64,49,0.765625,15.0,0.234375,0.765625,2
S5,EMATent,0.8194639682769775,0.8194639682769775,0.9649291038513184,1,0.2541608095169067,0.5,0.24583919048309325,0.0,0.0,3,64,52,0.8125,12.0,0.1875,0.8125,2
S5,EMATent,0.8955737948417664,0.8955737948417664,0.9591056704521179,1,0.2313278615474701,0.5,0.2686721384525299,0.0,0.0,4,64,46,0.71875,18.0,0.28125,0.71875,2
S5,EMATent,0.7373872995376587,0.7373872995376587,0.9693801999092102,1,0.2787838101387024,0.5,0.2212161898612976,0.0,0.0,5,64,53,0.828125,11.0,0.171875,0.828125,2
S5,EMATent,0.7991045117378235,0.7991045117378235,0.9503072500228882,1,0.26026864647865294,0.5,0.23973135352134703,0.0,0.0,6,64,52,0.8125,12.0,0.1875,0.8125,2
S5,EMATent,0.9256066679954529,0.9256066679954529,0.9538756608963013,1,0.22231799960136414,0.5,0.27768200039863583,0.0,0.0,7,64,48,0.75,16.0,0.25,0.75,2
S5,EMATent,0.9007062315940857,0.9007062315940857,0.966914176940918,1,0.2297881305217743,0.5,0.2702118694782257,0.0,0.0,8,64,49,0.765625,15.0,0.234375,0.765625,2
S5,EMATent,0.944545567035675,0.944545567035675,0.9322093725204468,1,0.21663632988929749,0.5,0.2833636701107025,0.0,0.0,9,26,18,0.6923076923076923,8.0,0.3076923076923077,0.6923076923076923,2
S6,EMATent,0.5563299059867859,0.5563299059867859,0.9704540967941284,1,0.33310102820396426,0.5,0.16689897179603577,0.0,0.0,0,64,51,0.796875,13.0,0.203125,0.796875,2
S6,EMATent,0.8133296966552734,0.8133296966552734,0.9729344844818115,1,0.256001091003418,0.5,0.24399890899658203,0.0,0.0,1,64,46,0.71875,18.0,0.28125,0.71875,2
S6,EMATent,0.7160550951957703,0.7160550951957703,0.9728766679763794,1,0.28518347144126893,0.5,0.21481652855873107,0.0,0.0,2,64,52,0.8125,12.0,0.1875,0.8125,2
S6,EMATent,0.5555412173271179,0.5555412173271179,0.9429631233215332,1,0.3333376348018646,0.5,0.16666236519813538,0.0,0.0,3,64,54,0.84375,10.0,0.15625,0.84375,2
S6,EMATent,0.8407512903213501,0.8407512903213501,0.9733834862709045,1,0.24777461290359498,0.5,0.252225387096405,0.0,0.0,4,64,49,0.765625,15.0,0.234375,0.765625,2
S6,EMATent,0.8729794025421143,0.8729794025421143,0.9616979956626892,1,0.23810617923736574,0.5,0.2618938207626343,0.0,0.0,5,64,52,0.8125,12.0,0.1875,0.8125,2
S6,EMATent,0.7773249745368958,0.7773249745368958,0.9571394920349121,1,0.26680250763893126,0.5,0.2331974923610687,0.0,0.0,6,64,47,0.734375,17.0,0.265625,0.734375,2
S6,EMATent,0.7875503301620483,0.7875503301620483,0.9747458696365356,1,0.2637349009513855,0.5,0.23626509904861448,0.0,0.0,7,64,51,0.796875,13.0,0.203125,0.796875,2
S6,EMATent,0.7390723824501038,0.7390723824501038,0.985481321811676,1,0.2782782852649689,0.5,0.22172171473503113,0.0,0.0,8,64,52,0.8125,12.0,0.1875,0.8125,2
S6,EMATent,0.8620414733886719,0.8620414733886719,0.9658723473548889,1,0.24138755798339845,0.5,0.25861244201660155,0.0,0.0,9,22,14,0.6363636363636364,8.0,0.36363636363636365,0.6363636363636364,2
S7,EMATent,0.5545472502708435,0.5545472502708435,0.9889161586761475,1,0.333635824918747,0.5,0.16636417508125304,0.0,0.0,0,64,51,0.796875,13.0,0.203125,0.796875,2
S7,EMATent,0.7344580888748169,0.7344580888748169,0.9759202003479004,1,0.27966257333755495,0.5,0.22033742666244507,0.0,0.0,1,64,47,0.734375,17.0,0.265625,0.734375,2
S7,EMATent,0.3345523178577423,0.3345523178577423,0.9786973595619202,1,0.39963430464267735,0.5,0.10036569535732269,0.0,0.0,2,64,57,0.890625,7.0,0.109375,0.890625,2
S7,EMATent,0.8509415984153748,0.8509415984153748,0.9792696237564087,1,0.24471752047538758,0.5,0.2552824795246124,0.0,0.0,3,64,45,0.703125,19.0,0.296875,0.703125,2
S7,EMATent,0.67615807056427,0.67615807056427,0.9744269847869873,1,0.297152578830719,0.5,0.202847421169281,0.0,0.0,4,64,51,0.796875,13.0,0.203125,0.796875,2
S7,EMATent,0.8476821780204773,0.8476821780204773,0.9707628488540649,1,0.24569534659385683,0.5,0.25430465340614317,0.0,0.0,5,64,44,0.6875,20.0,0.3125,0.6875,2
S7,EMATent,0.6630610823631287,0.6630610823631287,0.9842113256454468,1,0.3010816752910614,0.5,0.19891832470893858,0.0,0.0,6,64,52,0.8125,12.0,0.1875,0.8125,2
S7,EMATent,0.7450853586196899,0.7450853586196899,0.9924330711364746,1,0.276474392414093,0.5,0.22352560758590698,0.0,0.0,7,64,50,0.78125,14.0,0.21875,0.78125,2
S7,EMATent,0.5442805290222168,0.5442805290222168,0.9876108169555664,1,0.336715841293335,0.5,0.16328415870666504,0.0,0.0,8,64,55,0.859375,9.0,0.140625,0.859375,2
S7,EMATent,0.6770486235618591,0.6770486235618591,0.9878435134887695,1,0.29688541293144227,0.5,0.20311458706855773,0.0,0.0,9,21,17,0.8095238095238095,4.0,0.19047619047619047,0.8095238095238095,2
S8,EMATent,0.48095566034317017,0.48095566034317017,0.957332968711853,1,0.355713301897049,0.5,0.14428669810295106,0.0,0.0,0,64,52,0.8125,12.0,0.1875,0.8125,2
S8,EMATent,0.7468971610069275,0.7468971610069275,0.9703761339187622,1,0.27593085169792175,0.5,0.22406914830207825,0.0,0.0,1,64,53,0.828125,11.0,0.171875,0.828125,2
S8,EMATent,0.9115599989891052,0.9115599989891052,0.959222674369812,1,0.22653200030326845,0.5,0.2734679996967316,0.0,0.0,2,64,47,0.734375,17.0,0.265625,0.734375,2
S8,EMATent,0.8807018399238586,0.8807018399238586,0.9715249538421631,1,0.2357894480228424,0.5,0.2642105519771576,0.0,0.0,3,64,51,0.796875,13.0,0.203125,0.796875,2
S8,EMATent,0.9606496691703796,0.9606496691703796,0.9711185693740845,1,0.21180509924888613,0.5,0.28819490075111387,0.0,0.0,4,64,46,0.71875,18.0,0.28125,0.71875,2
S8,EMATent,0.8333019614219666,0.8333019614219666,0.9778457880020142,1,0.25000941157341006,0.5,0.24999058842658994,0.0,0.0,5,64,53,0.828125,11.0,0.171875,0.828125,2
S8,EMATent,0.8859608769416809,0.8859608769416809,0.9839122295379639,1,0.23421173691749575,0.5,0.26578826308250425,0.0,0.0,6,64,52,0.8125,12.0,0.1875,0.8125,2
S8,EMATent,0.9344189167022705,0.9344189167022705,0.9835531711578369,1,0.21967432498931885,0.5,0.2803256750106811,0.0,0.0,7,64,48,0.75,16.0,0.25,0.75,2
S8,EMATent,0.8832997679710388,0.8832997679710388,0.9864515662193298,1,0.23501006960868837,0.5,0.26498993039131163,0.0,0.0,8,64,49,0.765625,15.0,0.234375,0.765625,2
S8,EMATent,0.9885497093200684,0.9885497093200684,0.9831219911575317,1,0.20343508720397951,0.5,0.2965649127960205,0.0,0.0,9,26,17,0.6538461538461539,9.0,0.34615384615384615,0.6538461538461539,2
S9,EMATent,0.9209622740745544,0.9209622740745544,0.9825427532196045,1,0.22371131777763367,0.5,0.2762886822223663,0.0,0.0,0,64,55,0.859375,9.0,0.140625,0.859375,2
S9,EMATent,0.907392144203186,0.907392144203186,0.960938572883606,1,0.2277823567390442,0.5,0.2722176432609558,0.0,0.0,1,64,54,0.84375,10.0,0.15625,0.84375,2
S9,EMATent,0.7745144963264465,0.7745144963264465,0.9587312936782837,1,0.26764565110206606,0.5,0.23235434889793394,0.0,0.0,2,64,51,0.796875,13.0,0.203125,0.796875,2
S9,EMATent,0.9359036087989807,0.9359036087989807,0.9561765193939209,1,0.2192289173603058,0.5,0.2807710826396942,0.0,0.0,3,64,50,0.78125,14.0,0.21875,0.78125,2
S9,EMATent,0.8992346525192261,0.8992346525192261,0.9569600820541382,1,0.2302296042442322,0.5,0.26977039575576783,0.0,0.0,4,64,49,0.765625,15.0,0.234375,0.765625,2
S9,EMATent,0.9617416262626648,0.9617416262626648,0.95601487159729,1,0.21147751212120058,0.5,0.2885224878787994,0.0,0.0,5,64,50,0.78125,14.0,0.21875,0.78125,2
S9,EMATent,0.8434163928031921,0.8434163928031921,0.9500614404678345,1,0.24697508215904238,0.5,0.25302491784095765,0.0,0.0,6,64,52,0.8125,12.0,0.1875,0.8125,2
S9,EMATent,0.8196582198143005,0.8196582198143005,0.9422129988670349,1,0.25410253405570987,0.5,0.24589746594429016,0.0,0.0,7,64,46,0.71875,18.0,0.28125,0.71875,2
S9,EMATent,0.8714873194694519,0.8714873194694519,0.9336694478988647,1,0.23855380415916444,0.5,0.26144619584083556,0.0,0.0,8,64,47,0.734375,17.0,0.265625,0.734375,2
S9,EMATent,0.9683482050895691,0.9683482050895691,0.9555167555809021,1,0.2094955384731293,0.5,0.2905044615268707,0.0,0.0,9,21,14,0.6666666666666666,7.0,0.3333333333333333,0.6666666666666666,2
