Subject,Accuracy,F1_Non_Stress_0,F1_Stress_1,F1_Class_0,F1_Class_1,F1_Class_2,Mean_F1,Confusion_Matrix,Fixed_Epochs,Checkpoint,Report,History
01-9TZK,0.5811138014527845,0.5967365967365967,0.5642317380352645,0.5967365967365967,0.5642317380352645,,0.5804841673859307,"[[128, 108], [65, 112]]",20,./ckpt_emowear_valence/emowear/cnn1d/01-9TZK/emowear_01-9TZK_checkpoint.pt,"{'0': {'precision': 0.6632124352331606, 'recall': 0.5423728813559322, 'f1-score': 0.5967365967365967, 'support': 236.0}, '1': {'precision': 0.509090909090909, 'recall': 0.632768361581921, 'f1-score': 0.5642317380352645, 'support': 177.0}, 'accuracy': 0.5811138014527845, 'macro avg': {'precision': 0.5861516721620348, 'recall': 0.5875706214689266, 'f1-score': 0.5804841673859307, 'support': 413.0}, 'weighted avg': {'precision': 0.5971603526007672, 'recall': 0.5811138014527845, 'f1-score': 0.5828059430074544, 'support': 413.0}}","{'loss': [0.6735269832510112, 0.6601137910651554, 0.6507985559388277, 0.6344630097699203, 0.6222481208607404, 0.6088685660087096, 0.5961209876692567, 0.5829630776963706, 0.5663145208150512, 0.5547923842771398, 0.539594637148591, 0.5235541643132098, 0.5064007425320849, 0.49541654746452923, 0.48020166728217617, 0.4683707432086787, 0.4550885802479002, 0.4418067397422548, 0.43073155751235903, 0.42364223681157576], 'accuracy': [0.5583906829010058, 0.5811540497617788, 0.6004235044997354, 0.6220222339862361, 0.6328745367919534, 0.6534674430915829, 0.6583377448385389, 0.6750661725780837, 0.6909475913181577, 0.6999470619375331, 0.7104817363684489, 0.7273689782953944, 0.7385918475383801, 0.7481206987824246, 0.7592376919004764, 0.7686077289571202, 0.7726310217046056, 0.7845420857596612, 0.7913710958178931, 0.7960296453149814]}"
02-9TZO,0.48184019370460046,0.4855769230769231,0.47804878048780486,0.4855769230769231,0.47804878048780486,,0.481812851782364,"[[101, 81], [133, 98]]",20,./ckpt_emowear_valence/emowear/cnn1d/02-9TZO/emowear_02-9TZO_checkpoint.pt,"{'0': {'precision': 0.43162393162393164, 'recall': 0.554945054945055, 'f1-score': 0.4855769230769231, 'support': 182.0}, '1': {'precision': 0.547486033519553, 'recall': 0.42424242424242425, 'f1-score': 0.47804878048780486, 'support': 231.0}, 'accuracy': 0.48184019370460046, 'macro avg': {'precision': 0.48955498257174235, 'recall': 0.48959373959373964, 'f1-score': 0.481812851782364, 'support': 413.0}, 'weighted avg': {'precision': 0.4964281581079233, 'recall': 0.48184019370460046, 'f1-score': 0.4813662670525011, 'support': 413.0}}","{'loss': [0.6797359762020121, 0.6671443591867571, 0.6568143950750615, 0.6454940062846501, 0.6347382971444037, 0.6221855022813858, 0.6136451713807877, 0.599562384824768, 0.5875789739582007, 0.5695421264561602, 0.5596901277627435, 0.5471958296680147, 0.5342069094839899, 0.523977748245837, 0.5056406084162145, 0.49205893720502636, 0.4816038551754646, 0.46951077989701434, 0.4603764206660116, 0.4503954915094148], 'accuracy': [0.5533086289041821, 0.5832186341979884, 0.5916887241926946, 0.6068290100582319, 0.622075172048703, 0.6341450502911593, 0.6438856537850715, 0.6596082583377448, 0.6705134992059291, 0.6897829539438857, 0.6958708311275807, 0.7091582848067761, 0.7174695606140815, 0.7240338803599788, 0.7369507676019058, 0.7510322922181049, 0.7586024351508734, 0.7636315510852303, 0.7724192694547379, 0.7767601905770248]}"
03-9U4C,0.4939467312348668,0.5811623246492986,0.36085626911314983,0.5811623246492986,0.36085626911314983,,0.4710092968812242,"[[145, 138], [71, 59]]",20,./ckpt_emowear_valence/emowear/cnn1d/03-9U4C/emowear_03-9U4C_checkpoint.pt,"{'0': {'precision': 0.6712962962962963, 'recall': 0.5123674911660777, 'f1-score': 0.5811623246492986, 'support': 283.0}, '1': {'precision': 0.29949238578680204, 'recall': 0.45384615384615384, 'f1-score': 0.36085626911314983, 'support': 130.0}, 'accuracy': 0.4939467312348668, 'macro avg': {'precision': 0.48539434104154916, 'recall': 0.4831068225061158, 'f1-score': 0.4710092968812242, 'support': 413.0}, 'weighted avg': {'precision': 0.5542635883877387, 'recall': 0.4939467312348668, 'f1-score': 0.5118165928824722, 'support': 413.0}}","{'loss': [0.6694325668209756, 0.6573712516929057, 0.6474850965152031, 0.6348858814696398, 0.6220311249608776, 0.6070735987372472, 0.5974412707250039, 0.5839929316080456, 0.5682361670560215, 0.5498703662840508, 0.5373739908207277, 0.5179935697590378, 0.5078310494513787, 0.5014053656286257, 0.4779220216485039, 0.4710205875230631, 0.4575427605116285, 0.4467713331832275, 0.43198867776584476, 0.4226407121324615], 'accuracy': [0.559502382212811, 0.5842773954473266, 0.5976707252514558, 0.6117522498676549, 0.6296453149814717, 0.6483324510322922, 0.6607728957120169, 0.6700370566437268, 0.6877183695076761, 0.7027527792482795, 0.7121757543673901, 0.7278454208575966, 0.7346214928533615, 0.7384330333509793, 0.7541026998411858, 0.7608787718369507, 0.7697194282689254, 0.7769190047644257, 0.7881948120698783, 0.7930651138168343]}"
04-9U66,0.5326876513317191,0.5162907268170426,0.5480093676814989,0.5162907268170426,0.5480093676814989,,0.5321500472492707,"[[103, 68], [125, 117]]",20,./ckpt_emowear_valence/emowear/cnn1d/04-9U66/emowear_04-9U66_checkpoint.pt,"{'0': {'precision': 0.4517543859649123, 'recall': 0.6023391812865497, 'f1-score': 0.5162907268170426, 'support': 171.0}, '1': {'precision': 0.6324324324324324, 'recall': 0.4834710743801653, 'f1-score': 0.5480093676814989, 'support': 242.0}, 'accuracy': 0.5326876513317191, 'macro avg': {'precision': 0.5420934091986723, 'recall': 0.5429051278333575, 'f1-score': 0.5321500472492707, 'support': 413.0}, 'weighted avg': {'precision': 0.5576238466068975, 'recall': 0.5326876513317191, 'f1-score': 0.5348764679531162, 'support': 413.0}}","{'loss': [0.6785162008395581, 0.6665465237729571, 0.6559710176550188, 0.6450801714252958, 0.6322136544089522, 0.6234590069650657, 0.6093101079846388, 0.596397723578599, 0.5837841264339526, 0.5668244167444503, 0.5613044088198559, 0.543572921532686, 0.5285028438141511, 0.518174058814223, 0.5005890845810692, 0.494335422666064, 0.48420267965883224, 0.4699074918785822, 0.4575488733166169, 0.44887215114573814], 'accuracy': [0.5574377977766014, 0.5842773954473266, 0.5986236103758602, 0.6111699311805188, 0.6254102699841185, 0.6437797776601376, 0.6520910534674431, 0.669348861831657, 0.6845420857596612, 0.6917416622551614, 0.7035468501852832, 0.7121757543673901, 0.7255161461090525, 0.7328745367919535, 0.744203282159873, 0.7486500794070937, 0.7577554261514029, 0.7683959767072525, 0.7761778718898888, 0.7785600847009]}"
05-9U8B,0.43825665859564167,0.48672566371681414,0.37967914438502676,0.48672566371681414,0.37967914438502676,,0.4332024040509205,"[[110, 115], [117, 71]]",20,./ckpt_emowear_valence/emowear/cnn1d/05-9U8B/emowear_05-9U8B_checkpoint.pt,"{'0': {'precision': 0.4845814977973568, 'recall': 0.4888888888888889, 'f1-score': 0.48672566371681414, 'support': 225.0}, '1': {'precision': 0.3817204301075269, 'recall': 0.3776595744680851, 'f1-score': 0.37967914438502676, 'support': 188.0}, 'accuracy': 0.43825665859564167, 'macro avg': {'precision': 0.43315096395244185, 'recall': 0.433274231678487, 'f1-score': 0.4332024040509205, 'support': 413.0}, 'weighted avg': {'precision': 0.4377585420450856, 'recall': 0.43825665859564167, 'f1-score': 0.4379974660548867, 'support': 413.0}}","{'loss': [0.675077966327324, 0.6644698881042768, 0.653759892476558, 0.642505219671826, 0.6317151363783251, 0.6173830561880209, 0.6009570869899667, 0.5890732291705272, 0.5741501675010547, 0.5592736795189647, 0.5486387473493104, 0.537254052808387, 0.5221686135214305, 0.5067130882251571, 0.4994822361533638, 0.4853002908906336, 0.47516169851895296, 0.46658228993605155, 0.4566305215046985, 0.4481242739819799], 'accuracy': [0.5598200105876125, 0.5794070937003706, 0.594441503440974, 0.6068819481206987, 0.6233456855479089, 0.6443091582848067, 0.6571201694017998, 0.6726839597670725, 0.6826363155108524, 0.6988353626257279, 0.7051879301217575, 0.716569613552144, 0.7274748544203282, 0.7388035997882477, 0.7436209634727369, 0.7542085759661197, 0.7636844891476972, 0.7681842244573849, 0.7747485442032822, 0.7795659078877714]}"
06-9UA7,0.44794188861985473,0.4153846153846154,0.47706422018348627,0.4153846153846154,0.47706422018348627,,0.44622441778405086,"[[81, 177], [51, 104]]",20,./ckpt_emowear_valence/emowear/cnn1d/06-9UA7/emowear_06-9UA7_checkpoint.pt,"{'0': {'precision': 0.6136363636363636, 'recall': 0.313953488372093, 'f1-score': 0.4153846153846154, 'support': 258.0}, '1': {'precision': 0.3701067615658363, 'recall': 0.6709677419354839, 'f1-score': 0.47706422018348627, 'support': 155.0}, 'accuracy': 0.44794188861985473, 'macro avg': {'precision': 0.4918715626011, 'recall': 0.4924606151537885, 'f1-score': 0.44622441778405086, 'support': 413.0}, 'weighted avg': {'precision': 0.5222390553532359, 'recall': 0.44794188861985473, 'f1-score': 0.43853313534545074, 'support': 413.0}}","{'loss': [0.6741427431098994, 0.6638277209770622, 0.6547900671173871, 0.6420811322519172, 0.6291516587366939, 0.6135343147434843, 0.5997533106879622, 0.5851003432349593, 0.5693630911232366, 0.552015862324807, 0.5399393176262565, 0.5189142742221352, 0.508755741370551, 0.4910463593446622, 0.4812974343166079, 0.47022218511747016, 0.459193136601804, 0.4403622824657273, 0.43145460860321544, 0.4282190342155192], 'accuracy': [0.5501323451561673, 0.5757543673901535, 0.5887771307570143, 0.6071466384330334, 0.6281101111699312, 0.6419269454737957, 0.6560084700899947, 0.6727898358920064, 0.6823716251985177, 0.6999470619375331, 0.7072525145579672, 0.7266807834833245, 0.7350979354155638, 0.7487030174695606, 0.7574377977766014, 0.7631021704605612, 0.7652726310217046, 0.7822657490735839, 0.79142403388036, 0.7884595023822129]}"
07-9UAD,0.6174334140435835,0.5659340659340659,0.658008658008658,0.5659340659340659,0.658008658008658,,0.611971361971362,"[[103, 69], [89, 152]]",20,./ckpt_emowear_valence/emowear/cnn1d/07-9UAD/emowear_07-9UAD_checkpoint.pt,"{'0': {'precision': 0.5364583333333334, 'recall': 0.5988372093023255, 'f1-score': 0.5659340659340659, 'support': 172.0}, '1': {'precision': 0.6877828054298643, 'recall': 0.6307053941908713, 'f1-score': 0.658008658008658, 'support': 241.0}, 'accuracy': 0.6174334140435835, 'macro avg': {'precision': 0.6121205693815988, 'recall': 0.6147713017465984, 'f1-score': 0.611971361971362, 'support': 413.0}, 'weighted avg': {'precision': 0.6247614756463211, 'recall': 0.6174334140435835, 'f1-score': 0.6196628230526536, 'support': 413.0}}","{'loss': [0.6792295906706548, 0.6671797138159082, 0.6586419112534672, 0.6448075736685995, 0.6340715885099246, 0.6190605718916594, 0.6015975565428201, 0.5894198786903148, 0.5732504864291832, 0.56132581044657, 0.5434015563520065, 0.5290636044447229, 0.5153461551148781, 0.502101135162401, 0.484037442835883, 0.4762846277686513, 0.46673393281696335, 0.44737390001467636, 0.441467585896234, 0.43288025476113395], 'accuracy': [0.5512969825304394, 0.5762837480148226, 0.5932768660667019, 0.6124404446797247, 0.6297511911064055, 0.6430386447856008, 0.6638962413975649, 0.674854420328216, 0.6898358920063525, 0.6988353626257279, 0.7143991529910005, 0.7254102699841186, 0.7340391741662255, 0.7471148755955532, 0.7584965590259396, 0.7604552673372155, 0.7706193753308629, 0.7795129698253044, 0.787718369507676, 0.7898358920063525]}"
08-9UB2,0.5786924939467313,0.6640926640926641,0.43506493506493504,0.6640926640926641,0.43506493506493504,,0.5495787995787995,"[[172, 88], [86, 67]]",20,./ckpt_emowear_valence/emowear/cnn1d/08-9UB2/emowear_08-9UB2_checkpoint.pt,"{'0': {'precision': 0.6666666666666666, 'recall': 0.6615384615384615, 'f1-score': 0.6640926640926641, 'support': 260.0}, '1': {'precision': 0.432258064516129, 'recall': 0.43790849673202614, 'f1-score': 0.43506493506493504, 'support': 153.0}, 'accuracy': 0.5786924939467313, 'macro avg': {'precision': 0.5494623655913978, 'recall': 0.5497234791352439, 'f1-score': 0.5495787995787995, 'support': 413.0}, 'weighted avg': {'precision': 0.5798276445624723, 'recall': 0.5786924939467313, 'f1-score': 0.5792470405061204, 'support': 413.0}}","{'loss': [0.6716923327153167, 0.6585701845700681, 0.6485730419277577, 0.6370838309546006, 0.6281933101476848, 0.6130216093338502, 0.5983592636122029, 0.5851240574871819, 0.5707358171158584, 0.5553187786807074, 0.5407528966113081, 0.527330311430769, 0.5127495619309144, 0.5010865819176522, 0.4887766444632589, 0.4751702923160056, 0.46202755484901575, 0.44542899003667513, 0.4348750471059073, 0.41781244312189697], 'accuracy': [0.5592906299629433, 0.5832715722604552, 0.6026998411858125, 0.611011116993118, 0.6240868184224457, 0.6437797776601376, 0.6575436739015352, 0.6688194812069879, 0.6807305452620435, 0.6951296982530439, 0.709211222869243, 0.720804658549497, 0.7313393329804129, 0.7408681842244574, 0.7488618316569614, 0.7594494441503441, 0.7670725251455797, 0.7806246691371096, 0.7840127051349921, 0.7950238221281101]}"
09-9UDP,0.6019417475728155,0.5816326530612245,0.6203703703703703,0.5816326530612245,0.6203703703703703,,0.6010015117157974,"[[57, 20], [62, 67]]",20,./ckpt_emowear_valence/emowear/cnn1d/09-9UDP/emowear_09-9UDP_checkpoint.pt,"{'0': {'precision': 0.4789915966386555, 'recall': 0.7402597402597403, 'f1-score': 0.5816326530612245, 'support': 77.0}, '1': {'precision': 0.7701149425287356, 'recall': 0.5193798449612403, 'f1-score': 0.6203703703703703, 'support': 129.0}, 'accuracy': 0.6019417475728155, 'macro avg': {'precision': 0.6245532695836955, 'recall': 0.6298197926104903, 'f1-score': 0.6010015117157974, 'support': 206.0}, 'weighted avg': {'precision': 0.6612969928513756, 'recall': 0.6019417475728155, 'f1-score': 0.6058907381722916, 'support': 206.0}}","{'loss': [0.681925384244376, 0.6686685215948065, 0.6573029879550631, 0.6456867238579729, 0.6343236313900186, 0.6236739703833248, 0.6084001803295759, 0.5975506233814444, 0.583858777841623, 0.5715041096537452, 0.5595231294669412, 0.5406066757562604, 0.5251543358051821, 0.5136510540663513, 0.501380964835077, 0.4826351927622904, 0.4727406290936184, 0.46724172834233413, 0.45115394737606007, 0.4412776865109964], 'accuracy': [0.5487249306173745, 0.5774205372571608, 0.5985756925171493, 0.6094150913756088, 0.6266952924543122, 0.638058333769702, 0.650835209718804, 0.6678535895690423, 0.6802639157982929, 0.6878567314237839, 0.6999528721788763, 0.7135152118133739, 0.7288579358014348, 0.738021678797717, 0.7440435670524166, 0.7566109860187464, 0.7655129077865633, 0.77027805414463, 0.772739173692203, 0.7852542284128398]}"
10-9UHM,0.7215496368038741,0.32748538011695905,0.8244274809160306,0.32748538011695905,0.8244274809160306,,0.5759564305164948,"[[28, 36], [79, 270]]",20,./ckpt_emowear_valence/emowear/cnn1d/10-9UHM/emowear_10-9UHM_checkpoint.pt,"{'0': {'precision': 0.2616822429906542, 'recall': 0.4375, 'f1-score': 0.32748538011695905, 'support': 64.0}, '1': {'precision': 0.8823529411764706, 'recall': 0.7736389684813754, 'f1-score': 0.8244274809160306, 'support': 349.0}, 'accuracy': 0.7215496368038741, 'macro avg': {'precision': 0.5720175920835624, 'recall': 0.6055694842406877, 'f1-score': 0.5759564305164948, 'support': 413.0}, 'weighted avg': {'precision': 0.7861715254769736, 'recall': 0.7215496368038741, 'f1-score': 0.7474195040367555, 'support': 413.0}}","{'loss': [0.6888090315604727, 0.6778439593037453, 0.6691433024759833, 0.6622230739553118, 0.65081920380817, 0.641433407756751, 0.6291200914037107, 0.6198798181204141, 0.6094266435467673, 0.5984978963168858, 0.5787651426896903, 0.5697172664851344, 0.5573559092553978, 0.5478304921066149, 0.5332113833955004, 0.5244398189196832, 0.5093666126136114, 0.503145278768605, 0.4887289491578219, 0.4784092573970635], 'accuracy': [0.5519322392800423, 0.5745367919534144, 0.5931709899417681, 0.601217575436739, 0.6173636844891477, 0.6302276336686077, 0.6451561672842774, 0.6507676019057702, 0.6602435150873478, 0.6754367390153521, 0.6923769190047644, 0.6968237162519851, 0.7085230280571732, 0.7111699311805187, 0.725780836421387, 0.7292747485442033, 0.742932768660667, 0.7481736368448915, 0.7574907358390683, 0.7630492323980942]}"
11-9UIZ,0.5278450363196125,0.48,0.5676274944567627,0.48,0.5676274944567627,,0.5238137472283814,"[[90, 82], [113, 128]]",20,./ckpt_emowear_valence/emowear/cnn1d/11-9UIZ/emowear_11-9UIZ_checkpoint.pt,"{'0': {'precision': 0.4433497536945813, 'recall': 0.5232558139534884, 'f1-score': 0.48, 'support': 172.0}, '1': {'precision': 0.6095238095238096, 'recall': 0.5311203319502075, 'f1-score': 0.5676274944567627, 'support': 241.0}, 'accuracy': 0.5278450363196125, 'macro avg': {'precision': 0.5264367816091955, 'recall': 0.5271880729518479, 'f1-score': 0.5238137472283814, 'support': 413.0}, 'weighted avg': {'precision': 0.540318149469022, 'recall': 0.5278450363196125, 'f1-score': 0.531133719525617, 'support': 413.0}}","{'loss': [0.6781814423170337, 0.6641182218297188, 0.6542934825080864, 0.6438203215535953, 0.6342719518740761, 0.6235109124756667, 0.6114646818443478, 0.5970648744801733, 0.5845010139691003, 0.5746872773903775, 0.5581717330100613, 0.5493435240284106, 0.5317111818673057, 0.5180955647759616, 0.5056253373591341, 0.492348848580683, 0.4818193851860192, 0.47211012138520175, 0.4661514650456422, 0.44663410340117804], 'accuracy': [0.5574377977766014, 0.584647961884595, 0.5988883006881948, 0.6118051879301217, 0.6210693488618316, 0.636791953414505, 0.6477501323451562, 0.6635256749602965, 0.6730545262043409, 0.6802541026998412, 0.696929592376919, 0.7012705134992059, 0.7173636844891477, 0.7281101111699312, 0.7366331392271043, 0.7470089994706194, 0.7520381154049762, 0.7611964002117523, 0.7637374272101641, 0.7781365802011646]}"
12-9UN3,0.5157384987893463,0.3464052287581699,0.6153846153846154,0.3464052287581699,0.6153846153846154,,0.48089492207139267,"[[53, 97], [103, 160]]",20,./ckpt_emowear_valence/emowear/cnn1d/12-9UN3/emowear_12-9UN3_checkpoint.pt,"{'0': {'precision': 0.33974358974358976, 'recall': 0.35333333333333333, 'f1-score': 0.3464052287581699, 'support': 150.0}, '1': {'precision': 0.622568093385214, 'recall': 0.6083650190114068, 'f1-score': 0.6153846153846154, 'support': 263.0}, 'accuracy': 0.5157384987893463, 'macro avg': {'precision': 0.4811558415644019, 'recall': 0.4808491761723701, 'f1-score': 0.48089492207139267, 'support': 413.0}, 'weighted avg': {'precision': 0.5198473293507259, 'recall': 0.5157384987893463, 'f1-score': 0.517692344212783, 'support': 413.0}}","{'loss': [0.6803694780002895, 0.6702242865077777, 0.6604356592265684, 0.6513007801635484, 0.6419101381062073, 0.6328514273422872, 0.6200509287618089, 0.605499240022415, 0.5911091706183551, 0.579048518177818, 0.5655875483791054, 0.5548640956507592, 0.5401721969617619, 0.5308406626250518, 0.5136112184799683, 0.5027592130127629, 0.4903064236052772, 0.4811168502473907, 0.4703282712754148, 0.457670807500817], 'accuracy': [0.5578613022763367, 0.5748014822657491, 0.5937003705664373, 0.6078348332451032, 0.6132874536791953, 0.6303864478560085, 0.6425622022233987, 0.6604023292747485, 0.6750132345156167, 0.6839597670725251, 0.6964531498147167, 0.7055584965590259, 0.7149814716781365, 0.7241397564849127, 0.7365272631021704, 0.7463737427210164, 0.7537850714663843, 0.7627845420857596, 0.765590259396506, 0.7756484912652197]}"
13-9UOF,0.42857142857142855,0.46846846846846846,0.38219895287958117,0.46846846846846846,0.38219895287958117,,0.4253337106740248,"[[104, 77], [159, 73]]",20,./ckpt_emowear_valence/emowear/cnn1d/13-9UOF/emowear_13-9UOF_checkpoint.pt,"{'0': {'precision': 0.39543726235741444, 'recall': 0.574585635359116, 'f1-score': 0.46846846846846846, 'support': 181.0}, '1': {'precision': 0.4866666666666667, 'recall': 0.3146551724137931, 'f1-score': 0.38219895287958117, 'support': 232.0}, 'accuracy': 0.42857142857142855, 'macro avg': {'precision': 0.44105196451204054, 'recall': 0.4446204038864545, 'f1-score': 0.4253337106740248, 'support': 413.0}, 'weighted avg': {'precision': 0.44668477276842294, 'recall': 0.42857142857142855, 'f1-score': 0.4200071425202316, 'support': 413.0}}","{'loss': [0.6779338809092125, 0.6636982745250866, 0.6505975547702683, 0.6415692238532531, 0.6289263681673763, 0.6148500816540594, 0.6020736857341547, 0.5953435227756086, 0.5778826963402974, 0.563907349210621, 0.5526378789422625, 0.5346887676914007, 0.5223120193938341, 0.5090234533259955, 0.49912832836867516, 0.4808031845433552, 0.47544241638143203, 0.4582374418709504, 0.44514450147203694, 0.4338580617139805], 'accuracy': [0.557649550026469, 0.5842244573848597, 0.6068819481206987, 0.6167813658020116, 0.6329274748544204, 0.6483324510322922, 0.6588141874007412, 0.6642668078348333, 0.6777130757014294, 0.6912652196929593, 0.699417681312864, 0.7138697723663314, 0.7239809422975119, 0.7357861302276336, 0.7407093700370566, 0.7563790365272631, 0.7559555320275277, 0.7683430386447856, 0.7796717840127051, 0.7866066701958708]}"
14-9UP0,0.472,0.5182481751824818,0.415929203539823,0.5182481751824818,0.415929203539823,,0.4670886893611524,"[[71, 36], [96, 47]]",20,./ckpt_emowear_valence/emowear/cnn1d/14-9UP0/emowear_14-9UP0_checkpoint.pt,"{'0': {'precision': 0.4251497005988024, 'recall': 0.6635514018691588, 'f1-score': 0.5182481751824818, 'support': 107.0}, '1': {'precision': 0.5662650602409639, 'recall': 0.32867132867132864, 'f1-score': 0.415929203539823, 'support': 143.0}, 'accuracy': 0.472, 'macro avg': {'precision': 0.49570738041988316, 'recall': 0.49611136527024374, 'f1-score': 0.4670886893611524, 'support': 250.0}, 'weighted avg': {'precision': 0.5058676863141188, 'recall': 0.472, 'f1-score': 0.4597217234028809, 'support': 250.0}}","{'loss': [0.6795225749489817, 0.6698030113129017, 0.6621261293172448, 0.6444954586136669, 0.6363626988310892, 0.6259426827982068, 0.6118059118344753, 0.599782209915545, 0.5871410640538762, 0.57475225739183, 0.5649594883308607, 0.5519561976552579, 0.538128809941908, 0.5284942377335017, 0.5144220985859728, 0.5055364589753604, 0.4961127557854874, 0.4793626440232716, 0.4713480381873538, 0.4613455685268817], 'accuracy': [0.5506744344722616, 0.5787540019944366, 0.5893560069280428, 0.6125544533669238, 0.6238387655487325, 0.6380097622421665, 0.6487692226945888, 0.6621529417939432, 0.6727549467275494, 0.6847740513304992, 0.6882905579173884, 0.7045609615283682, 0.7129061040256127, 0.7214087020416732, 0.7325880438776046, 0.7361045504644937, 0.744344722615861, 0.7554190941059151, 0.7640266624678528, 0.7688552983782082]}"
15-9UR2,0.5544794188861986,0.49171270718232046,0.603448275862069,0.49171270718232046,0.603448275862069,,0.5475804915221947,"[[89, 105], [79, 140]]",20,./ckpt_emowear_valence/emowear/cnn1d/15-9UR2/emowear_15-9UR2_checkpoint.pt,"{'0': {'precision': 0.5297619047619048, 'recall': 0.4587628865979381, 'f1-score': 0.49171270718232046, 'support': 194.0}, '1': {'precision': 0.5714285714285714, 'recall': 0.639269406392694, 'f1-score': 0.603448275862069, 'support': 219.0}, 'accuracy': 0.5544794188861986, 'macro avg': {'precision': 0.5505952380952381, 'recall': 0.549016146495316, 'f1-score': 0.5475804915221947, 'support': 413.0}, 'weighted avg': {'precision': 0.5518563357546408, 'recall': 0.5544794188861986, 'f1-score': 0.5509623186614122, 'support': 413.0}}","{'loss': [0.6777517132875212, 0.6684752762664746, 0.6574043738141522, 0.6495346012855093, 0.6338584476769318, 0.6259722221143792, 0.6109493189731434, 0.5989024801945926, 0.5775187285821106, 0.5683168350104114, 0.5538203240135096, 0.5392546095281382, 0.5294691274063874, 0.5171515595509047, 0.5018064943427696, 0.488032565487952, 0.47693919931662154, 0.46913986188384704, 0.4563416720446359, 0.44527618722223994], 'accuracy': [0.5593965060878772, 0.5756484912652197, 0.5916357861302276, 0.604923239809423, 0.6258867125463208, 0.6365272631021704, 0.6530968766543145, 0.6655373213340392, 0.6827951296982531, 0.6910005293806246, 0.7010058231868713, 0.7152991000529381, 0.7228692429857068, 0.7310217046056114, 0.7436209634727369, 0.7494970884065644, 0.7624669137109582, 0.7660667019587083, 0.7755426151402859, 0.7811011116993118]}"
16-9USC,0.513317191283293,0.2690909090909091,0.6352087114337568,0.2690909090909091,0.6352087114337568,,0.4521498102623329,"[[37, 167], [34, 175]]",20,./ckpt_emowear_valence/emowear/cnn1d/16-9USC/emowear_16-9USC_checkpoint.pt,"{'0': {'precision': 0.5211267605633803, 'recall': 0.18137254901960784, 'f1-score': 0.2690909090909091, 'support': 204.0}, '1': {'precision': 0.5116959064327485, 'recall': 0.8373205741626795, 'f1-score': 0.6352087114337568, 'support': 209.0}, 'accuracy': 0.513317191283293, 'macro avg': {'precision': 0.5164113334980645, 'recall': 0.5093465615911437, 'f1-score': 0.4521498102623329, 'support': 413.0}, 'weighted avg': {'precision': 0.5163542460033269, 'recall': 0.513317191283293, 'f1-score': 0.45436601971961416, 'support': 413.0}}","{'loss': [0.6750540026474908, 0.6616883815439244, 0.6511943675715687, 0.6398300618643228, 0.6260866750290054, 0.6126469814127371, 0.5966348143656334, 0.5820186151721101, 0.5685958178791816, 0.5517156517335257, 0.5410011555922606, 0.5296798868176797, 0.512402148824826, 0.5016873233718427, 0.48951008429029996, 0.47792886473502727, 0.4676023792816635, 0.45971812772145026, 0.44724852674659943, 0.434626641019177], 'accuracy': [0.5647432503970354, 0.5859714134462679, 0.6005293806246691, 0.614134462678666, 0.6383800952885125, 0.6466913710958179, 0.6708840656431975, 0.6798835362625728, 0.6929592376919005, 0.7038115404976177, 0.711011116993118, 0.7250397035468502, 0.736209634727369, 0.7451561672842774, 0.7528321863419799, 0.7602435150873478, 0.7654843832715723, 0.7738485971413446, 0.7796717840127051, 0.7882477501323452]}"
17-9UTL,0.4745762711864407,0.5353319057815846,0.3955431754874652,0.5353319057815846,0.3955431754874652,,0.4654375406345249,"[[125, 144], [73, 71]]",20,./ckpt_emowear_valence/emowear/cnn1d/17-9UTL/emowear_17-9UTL_checkpoint.pt,"{'0': {'precision': 0.6313131313131313, 'recall': 0.4646840148698885, 'f1-score': 0.5353319057815846, 'support': 269.0}, '1': {'precision': 0.3302325581395349, 'recall': 0.4930555555555556, 'f1-score': 0.3955431754874652, 'support': 144.0}, 'accuracy': 0.4745762711864407, 'macro avg': {'precision': 0.4807728447263331, 'recall': 0.47886978521272205, 'f1-score': 0.4654375406345249, 'support': 413.0}, 'weighted avg': {'precision': 0.5263358854608362, 'recall': 0.4745762711864407, 'f1-score': 0.4865920095047004, 'support': 413.0}}","{'loss': [0.6714562105148036, 0.6580897502258002, 0.6472573019071127, 0.633436749989927, 0.6223937220835951, 0.606564449907422, 0.5952328643134942, 0.5824444498379688, 0.5700789981761769, 0.5548189572268153, 0.5400311498997892, 0.5286597097595259, 0.5163876628421361, 0.5053469720342413, 0.4900265234812913, 0.4784696213431684, 0.46032979125507045, 0.4560504719023354, 0.4410156152404888, 0.4313617254672952], 'accuracy': [0.5598200105876125, 0.5817893065113817, 0.601799894123875, 0.6168872419269454, 0.6302276336686077, 0.6492323980942297, 0.66071995764955, 0.6722075172048703, 0.6836950767601906, 0.6961355214399153, 0.713446267866596, 0.7213340391741663, 0.7296982530439385, 0.7385389094759132, 0.748438327157226, 0.758231868713605, 0.7688724192694547, 0.7700899947061938, 0.7838009528851244, 0.78713605082054]}"
18-9UVM,0.46731234866828086,0.5067264573991032,0.42105263157894735,0.5067264573991032,0.42105263157894735,,0.46388954448902525,"[[113, 91], [129, 80]]",20,./ckpt_emowear_valence/emowear/cnn1d/18-9UVM/emowear_18-9UVM_checkpoint.pt,"{'0': {'precision': 0.4669421487603306, 'recall': 0.553921568627451, 'f1-score': 0.5067264573991032, 'support': 204.0}, '1': {'precision': 0.4678362573099415, 'recall': 0.3827751196172249, 'f1-score': 0.42105263157894735, 'support': 209.0}, 'accuracy': 0.46731234866828086, 'macro avg': {'precision': 0.46738920303513604, 'recall': 0.46834834412233795, 'f1-score': 0.46388954448902525, 'support': 413.0}, 'weighted avg': {'precision': 0.46739461531449206, 'recall': 0.46731234866828086, 'f1-score': 0.46337093779519867, 'support': 413.0}}","{'loss': [0.6781022799904856, 0.6681880152433748, 0.6582710375730293, 0.6477165643849532, 0.6333612911659552, 0.6185623549922804, 0.6099855179190952, 0.5925105376588156, 0.5758959907145018, 0.5593632464499749, 0.5452569630298746, 0.5334884355155295, 0.5185015713367088, 0.5040228501680101, 0.4920744782847157, 0.4759132248942596, 0.46779869248338196, 0.45102809648024084, 0.4463389427842382, 0.4273960342414799], 'accuracy': [0.5505558496559025, 0.5757543673901535, 0.5930651138168344, 0.6040232927474855, 0.6256220222339862, 0.6439385918475384, 0.6494970884065643, 0.6642138697723663, 0.6786659608258337, 0.6976177871889889, 0.7039703546850186, 0.7182636315510852, 0.7293276866066702, 0.742350449973531, 0.7477501323451562, 0.7585494970884066, 0.7627316040232928, 0.7715193223928004, 0.7802011646373743, 0.7942297511911064]}"
19-9UY7,0.5351089588377724,0.33793103448275863,0.6417910447761194,0.33793103448275863,0.6417910447761194,,0.489861039629439,"[[49, 17], [175, 172]]",20,./ckpt_emowear_valence/emowear/cnn1d/19-9UY7/emowear_19-9UY7_checkpoint.pt,"{'0': {'precision': 0.21875, 'recall': 0.7424242424242424, 'f1-score': 0.33793103448275863, 'support': 66.0}, '1': {'precision': 0.91005291005291, 'recall': 0.4956772334293948, 'f1-score': 0.6417910447761194, 'support': 347.0}, 'accuracy': 0.5351089588377724, 'macro avg': {'precision': 0.564401455026455, 'recall': 0.6190507379268186, 'f1-score': 0.489861039629439, 'support': 413.0}, 'weighted avg': {'precision': 0.7995783529984499, 'recall': 0.5351089588377724, 'f1-score': 0.5932323022110787, 'support': 413.0}}","{'loss': [0.6861957726748675, 0.674278658827251, 0.665331790401798, 0.6561952304814845, 0.6428585655415354, 0.6313697612493867, 0.6158994938848888, 0.6062557417479314, 0.590189260569371, 0.5718516762512837, 0.5577008806756718, 0.5474649256723403, 0.5322854934324343, 0.5212254082418233, 0.5059101240732103, 0.49569841811365395, 0.48176669964025487, 0.4728748248865391, 0.46020069997609764, 0.44786912962644426], 'accuracy': [0.5574377977766014, 0.5811011116993118, 0.5947591318157756, 0.6106934886183165, 0.626363155108523, 0.6398094229751191, 0.6559025939650609, 0.6652196929592377, 0.6796188459502382, 0.6988883006881949, 0.7035997882477502, 0.7124404446797247, 0.7253043938591848, 0.7373213340391742, 0.7421916357861302, 0.7519851773425092, 0.7598729486500794, 0.7649550026469031, 0.7754896770778189, 0.7806246691371096]}"
20-9V52,0.4600484261501211,0.4920273348519362,0.42377260981912146,0.4920273348519362,0.42377260981912146,,0.4578999723355288,"[[108, 106], [117, 82]]",20,./ckpt_emowear_valence/emowear/cnn1d/20-9V52/emowear_20-9V52_checkpoint.pt,"{'0': {'precision': 0.48, 'recall': 0.5046728971962616, 'f1-score': 0.4920273348519362, 'support': 214.0}, '1': {'precision': 0.43617021276595747, 'recall': 0.4120603015075377, 'f1-score': 0.42377260981912146, 'support': 199.0}, 'accuracy': 0.4600484261501211, 'macro avg': {'precision': 0.4580851063829787, 'recall': 0.45836659935189966, 'f1-score': 0.4578999723355288, 'support': 413.0}, 'weighted avg': {'precision': 0.4588810468291175, 'recall': 0.4600484261501211, 'f1-score': 0.4591394649208705, 'support': 413.0}}","{'loss': [0.6763956281481248, 0.6633069572718829, 0.6507382406198896, 0.6359030250521045, 0.6243650256861701, 0.6116473372238789, 0.5977426038399267, 0.5813266310570668, 0.5717904522028974, 0.558825863802351, 0.5417829803810856, 0.5349494054243008, 0.5214292881727345, 0.5072871495833026, 0.4966258958321264, 0.4879872336186954, 0.4770428322811743, 0.46839342499738523, 0.45716223141199197, 0.44808310216352887], 'accuracy': [0.553996823716252, 0.58284806776072, 0.6006352567496029, 0.6230809952355744, 0.6321863419798835, 0.6455267337215458, 0.665060878771837, 0.6777660137638962, 0.6856537850714663, 0.6971942826892535, 0.7114346214928534, 0.7178930651138168, 0.7329274748544203, 0.736844891476972, 0.7440974060349391, 0.7551085230280572, 0.7599258867125464, 0.7689253573319217, 0.7720487030174695, 0.7810481736368449]}"
21-9V5J,0.38256658595641646,0.48897795591182364,0.22018348623853212,0.48897795591182364,0.22018348623853212,,0.3545807210751779,"[[122, 82], [173, 36]]",20,./ckpt_emowear_valence/emowear/cnn1d/21-9V5J/emowear_21-9V5J_checkpoint.pt,"{'0': {'precision': 0.4135593220338983, 'recall': 0.5980392156862745, 'f1-score': 0.48897795591182364, 'support': 204.0}, '1': {'precision': 0.3050847457627119, 'recall': 0.1722488038277512, 'f1-score': 0.22018348623853212, 'support': 209.0}, 'accuracy': 0.38256658595641646, 'macro avg': {'precision': 0.3593220338983051, 'recall': 0.38514400975701285, 'f1-score': 0.3545807210751779, 'support': 413.0}, 'weighted avg': {'precision': 0.35866540813395165, 'recall': 0.38256658595641646, 'f1-score': 0.352953635907664, 'support': 413.0}}","{'loss': [0.674895054849763, 0.662909680759547, 0.6505191323427753, 0.6394084796128038, 0.6280496121273274, 0.6155735187583528, 0.6023883733249582, 0.5872574197545514, 0.5793613182198376, 0.565407178571074, 0.5481189009309004, 0.536952999403011, 0.5221960741164762, 0.5107646458201966, 0.5013819188905052, 0.4898069027998638, 0.48400765207155855, 0.46179156969816615, 0.4557212343917693, 0.4491549302813488], 'accuracy': [0.5597141344626787, 0.5802011646373743, 0.6010058231868713, 0.6175754367390154, 0.6305452620434092, 0.6431974589730016, 0.66071995764955, 0.6764425622022234, 0.6836950767601906, 0.6998941238750662, 0.709846479618846, 0.7120169401799894, 0.7247750132345157, 0.7335627316040233, 0.73928004235045, 0.7471148755955532, 0.7547908946532557, 0.7631021704605612, 0.7700899947061938, 0.7733192165166755]}"
22-9V5N,0.5060532687651331,0.5072463768115942,0.5048543689320388,0.5072463768115942,0.5048543689320388,,0.5060503728718165,"[[105, 66], [138, 104]]",20,./ckpt_emowear_valence/emowear/cnn1d/22-9V5N/emowear_22-9V5N_checkpoint.pt,"{'0': {'precision': 0.43209876543209874, 'recall': 0.6140350877192983, 'f1-score': 0.5072463768115942, 'support': 171.0}, '1': {'precision': 0.611764705882353, 'recall': 0.4297520661157025, 'f1-score': 0.5048543689320388, 'support': 242.0}, 'accuracy': 0.5060532687651331, 'macro avg': {'precision': 0.5219317356572258, 'recall': 0.5218935769175004, 'f1-score': 0.5060503728718165, 'support': 413.0}, 'weighted avg': {'precision': 0.5373751760591242, 'recall': 0.5060532687651331, 'f1-score': 0.5058447644463342, 'support': 413.0}}","{'loss': [0.6783259131152394, 0.6646231701539395, 0.6529041071364714, 0.6400653023073571, 0.6272507826571366, 0.6149974546778322, 0.6051314374705103, 0.5887614063575446, 0.5747813124073567, 0.5631723849719135, 0.5454545732905084, 0.5357072250561591, 0.5234315194169827, 0.5067081665853901, 0.49604462236244884, 0.4863009241726614, 0.4824642461213313, 0.4655186170115554, 0.4607288963836359, 0.44949055138941857], 'accuracy': [0.5608787718369508, 0.5843303335097936, 0.6022763366860773, 0.6191635786130227, 0.6329274748544204, 0.6451561672842774, 0.6527263102170461, 0.6697194282689254, 0.6874536791953415, 0.6965060878771837, 0.7125992588671255, 0.7212281630492324, 0.7263102170460561, 0.7335097935415564, 0.7465854949708841, 0.7532027527792483, 0.7543144520910535, 0.768713605082054, 0.7678136580201165, 0.7830068819481207]}"
23-9VIV,0.49878934624697335,0.448,0.541019955654102,0.448,0.541019955654102,,0.494509977827051,"[[84, 142], [65, 122]]",20,./ckpt_emowear_valence/emowear/cnn1d/23-9VIV/emowear_23-9VIV_checkpoint.pt,"{'0': {'precision': 0.5637583892617449, 'recall': 0.37168141592920356, 'f1-score': 0.448, 'support': 226.0}, '1': {'precision': 0.4621212121212121, 'recall': 0.6524064171122995, 'f1-score': 0.541019955654102, 'support': 187.0}, 'accuracy': 0.49878934624697335, 'macro avg': {'precision': 0.5129398006914785, 'recall': 0.5120439165207515, 'f1-score': 0.494509977827051, 'support': 413.0}, 'weighted avg': {'precision': 0.5177386504596151, 'recall': 0.49878934624697335, 'f1-score': 0.4901179944487096, 'support': 413.0}}","{'loss': [0.6768764579150965, 0.6627369312460047, 0.6516695206098421, 0.6395362893950693, 0.6278410144872044, 0.6169189535542857, 0.6032668667031446, 0.5871439331419699, 0.5747672118857905, 0.5595165470468109, 0.5440872819162412, 0.5309383980681367, 0.5148888780870029, 0.49985968272101633, 0.4849837217903945, 0.46839511362316116, 0.45794034553874163, 0.4442779329796201, 0.4369547651961343, 0.4206638108049517], 'accuracy': [0.5571731074642668, 0.5842244573848597, 0.5998941238750661, 0.6170460561143463, 0.631921651667549, 0.6400211752249868, 0.6631021704605612, 0.673636844891477, 0.6854949708840656, 0.7002117522498676, 0.7113287453679196, 0.7273689782953944, 0.7370037056643727, 0.7465325569084171, 0.7568025410269984, 0.7645844362096347, 0.7716251985177343, 0.7799894123875066, 0.7872419269454738, 0.7964002117522498]}"
24-9VL3,0.35351089588377727,0.3805104408352668,0.3240506329113924,0.3805104408352668,0.3240506329113924,,0.3522805368733296,"[[82, 155], [112, 64]]",20,./ckpt_emowear_valence/emowear/cnn1d/24-9VL3/emowear_24-9VL3_checkpoint.pt,"{'0': {'precision': 0.422680412371134, 'recall': 0.3459915611814346, 'f1-score': 0.3805104408352668, 'support': 237.0}, '1': {'precision': 0.2922374429223744, 'recall': 0.36363636363636365, 'f1-score': 0.3240506329113924, 'support': 176.0}, 'accuracy': 0.35351089588377727, 'macro avg': {'precision': 0.35745892764675424, 'recall': 0.3548139624088991, 'f1-score': 0.3522805368733296, 'support': 413.0}, 'weighted avg': {'precision': 0.36709212514841805, 'recall': 0.35351089588377727, 'f1-score': 0.3564500868531799, 'support': 413.0}}","{'loss': [0.6721415791579691, 0.6580470247644795, 0.6467436616101424, 0.6353824100713997, 0.6210261238384903, 0.6109657890901419, 0.5926460991276832, 0.5774107158531141, 0.5617691191622288, 0.5479057005595253, 0.5345583439630576, 0.5179319635719897, 0.5089705241111424, 0.4959211962225577, 0.479699253531093, 0.46690963268784885, 0.4592901618061651, 0.4465950408992848, 0.430800788808967, 0.42381832239298417], 'accuracy': [0.5645314981471679, 0.5929592376919005, 0.6075172048703017, 0.6182106934886183, 0.6421916357861303, 0.6533086289041821, 0.6696664902064584, 0.6829539438856538, 0.6976177871889889, 0.7084700899947062, 0.7163578613022763, 0.7293806246691371, 0.7356273160402329, 0.7452091053467443, 0.754632080465855, 0.768078348332451, 0.7697723663313922, 0.7802541026998412, 0.7933298041291689, 0.7959237691900476]}"
25-9VNK,0.513317191283293,0.42735042735042733,0.5768421052631579,0.42735042735042733,0.5768421052631579,,0.5020962663067926,"[[75, 106], [95, 137]]",20,./ckpt_emowear_valence/emowear/cnn1d/25-9VNK/emowear_25-9VNK_checkpoint.pt,"{'0': {'precision': 0.4411764705882353, 'recall': 0.4143646408839779, 'f1-score': 0.42735042735042733, 'support': 181.0}, '1': {'precision': 0.5637860082304527, 'recall': 0.5905172413793104, 'f1-score': 0.5768421052631579, 'support': 232.0}, 'accuracy': 0.513317191283293, 'macro avg': {'precision': 0.502481239409344, 'recall': 0.5024409411316442, 'f1-score': 0.5020962663067926, 'support': 413.0}, 'weighted avg': {'precision': 0.5100515619514179, 'recall': 0.513317191283293, 'f1-score': 0.5113263820132689, 'support': 413.0}}","{'loss': [0.6779671624705171, 0.6668894581279785, 0.6567976041531802, 0.6443249467253496, 0.6328783951467026, 0.6160757610190792, 0.602206765330614, 0.5897038993348263, 0.5703748946848718, 0.5579082357814036, 0.5414235743660974, 0.5246172430844709, 0.5115683096183425, 0.49495308691701795, 0.4930835717250709, 0.4747571125050712, 0.46212722155200925, 0.44478529068198136, 0.4453875747636994, 0.42891820920971474], 'accuracy': [0.5557967178401271, 0.5804658549497088, 0.594494441503441, 0.6102170460561144, 0.6276866066701958, 0.6430915828480678, 0.6616728427739544, 0.6753838009528851, 0.6916887241926946, 0.7051879301217575, 0.7156167284277395, 0.7302805717310746, 0.7405505558496559, 0.7496029645314981, 0.7527263102170461, 0.7636315510852303, 0.773001588141874, 0.7837480148226575, 0.7831656961355214, 0.7956061408152462]}"
26-9VTJ,0.4576271186440678,0.3333333333333333,0.5428571428571428,0.3333333333333333,0.5428571428571428,,0.4380952380952381,"[[56, 114], [110, 133]]",20,./ckpt_emowear_valence/emowear/cnn1d/26-9VTJ/emowear_26-9VTJ_checkpoint.pt,"{'0': {'precision': 0.3373493975903614, 'recall': 0.32941176470588235, 'f1-score': 0.3333333333333333, 'support': 170.0}, '1': {'precision': 0.5384615384615384, 'recall': 0.5473251028806584, 'f1-score': 0.5428571428571428, 'support': 243.0}, 'accuracy': 0.4576271186440678, 'macro avg': {'precision': 0.43790546802594993, 'recall': 0.4383684337932704, 'f1-score': 0.4380952380952381, 'support': 413.0}, 'weighted avg': {'precision': 0.4556793012990685, 'recall': 0.4576271186440678, 'f1-score': 0.456612475498674, 'support': 413.0}}","{'loss': [0.6778848929718223, 0.6681299542169081, 0.6593706980970816, 0.6474410502414593, 0.6363304913769707, 0.6251065538508858, 0.611906705481972, 0.5964946513140624, 0.5845709760016143, 0.5630483462262746, 0.547506062658834, 0.5279914216114264, 0.5172020110962818, 0.5034166818197724, 0.4892860445097807, 0.473159244440421, 0.4632844401958318, 0.4493827175563956, 0.4383850748984507, 0.42682278190989414], 'accuracy': [0.5611434621492853, 0.5778718898888301, 0.5946532556908417, 0.6104817363684489, 0.6249867654843833, 0.6380624669137109, 0.6538909475913182, 0.6721016410799365, 0.6825833774483854, 0.6975119110640551, 0.7102699841185812, 0.7246691371095818, 0.7272631021704605, 0.7403917416622552, 0.7510322922181049, 0.7650079407093701, 0.7703546850185283, 0.77787188988883, 0.7873478030704076, 0.7934886183165696]}"
27-9VUW,0.5084745762711864,0.652991452991453,0.15767634854771784,0.652991452991453,0.15767634854771784,,0.4053339007695854,"[[191, 35], [168, 19]]",20,./ckpt_emowear_valence/emowear/cnn1d/27-9VUW/emowear_27-9VUW_checkpoint.pt,"{'0': {'precision': 0.532033426183844, 'recall': 0.8451327433628318, 'f1-score': 0.652991452991453, 'support': 226.0}, '1': {'precision': 0.35185185185185186, 'recall': 0.10160427807486631, 'f1-score': 0.15767634854771784, 'support': 187.0}, 'accuracy': 0.5084745762711864, 'macro avg': {'precision': 0.4419426390178479, 'recall': 0.47336851071884906, 'f1-score': 0.4053339007695854, 'support': 413.0}, 'weighted avg': {'precision': 0.4504500014863076, 'recall': 0.5084745762711864, 'f1-score': 0.4287204492844833, 'support': 413.0}}","{'loss': [0.6763944253396458, 0.663545711309333, 0.6557753958419368, 0.6407357638888159, 0.6289944843428042, 0.614018836641135, 0.6055764721776519, 0.5877533537360838, 0.5753724642377988, 0.5566937900428863, 0.5471027097385229, 0.5335942423047055, 0.5160879738183171, 0.5043972585868937, 0.489822884985478, 0.4776493835032712, 0.4706339382790838, 0.4520302990840944, 0.4456146508060857, 0.43397763385035615], 'accuracy': [0.5611964002117522, 0.5825304393859185, 0.59571201694018, 0.6139756484912652, 0.6271042879830598, 0.6451032292218105, 0.6554261514028586, 0.6769719428268925, 0.6869772366331393, 0.7015881418740074, 0.7065113816834304, 0.7202752779248279, 0.7335627316040233, 0.741132874536792, 0.750873478030704, 0.7597670725251455, 0.7666490206458444, 0.7780307040762308, 0.7820539968237162, 0.789571201694018]}"
28-9VXK,0.36803874092009686,0.32558139534883723,0.4054669703872437,0.32558139534883723,0.4054669703872437,,0.36552418286804045,"[[63, 164], [97, 89]]",20,./ckpt_emowear_valence/emowear/cnn1d/28-9VXK/emowear_28-9VXK_checkpoint.pt,"{'0': {'precision': 0.39375, 'recall': 0.2775330396475771, 'f1-score': 0.32558139534883723, 'support': 227.0}, '1': {'precision': 0.35177865612648224, 'recall': 0.478494623655914, 'f1-score': 0.4054669703872437, 'support': 186.0}, 'accuracy': 0.36803874092009686, 'macro avg': {'precision': 0.3727643280632411, 'recall': 0.3780138316517455, 'f1-score': 0.36552418286804045, 'support': 413.0}, 'weighted avg': {'precision': 0.37484765142742305, 'recall': 0.36803874092009686, 'f1-score': 0.36155891824749004, 'support': 413.0}}","{'loss': [0.6727823189984812, 0.661460830339873, 0.649180434323165, 0.6397928064875403, 0.6267980601877179, 0.6126500445298255, 0.5992438931450004, 0.5861629945061837, 0.5748468408577022, 0.5567500421236027, 0.5508913715659405, 0.5326641718567585, 0.5246093414333398, 0.508441560561219, 0.4982309900370144, 0.49368307381600157, 0.4740158216955802, 0.4700553565223486, 0.4627474586505496, 0.4409634453395866], 'accuracy': [0.564372683959767, 0.5827951296982531, 0.6007940709370037, 0.614769719428269, 0.6318157755426151, 0.6499735309687665, 0.6633139227104288, 0.6745897300158814, 0.6857596611964002, 0.7003176283748015, 0.7059820010587613, 0.7187400741132874, 0.7242456326098465, 0.7419798835362625, 0.7471678136580201, 0.745367919534145, 0.7621492853361567, 0.7634197988353626, 0.7664372683959767, 0.7805187930121757]}"
29-9VXR,0.5956416464891041,0.5772151898734177,0.6125290023201856,0.5772151898734177,0.6125290023201856,,0.5948720960968017,"[[114, 93], [74, 132]]",20,./ckpt_emowear_valence/emowear/cnn1d/29-9VXR/emowear_29-9VXR_checkpoint.pt,"{'0': {'precision': 0.6063829787234043, 'recall': 0.5507246376811594, 'f1-score': 0.5772151898734177, 'support': 207.0}, '1': {'precision': 0.5866666666666667, 'recall': 0.6407766990291263, 'f1-score': 0.6125290023201856, 'support': 206.0}, 'accuracy': 0.5956416464891041, 'macro avg': {'precision': 0.5965248226950355, 'recall': 0.5957506683551428, 'f1-score': 0.5948720960968017, 'support': 413.0}, 'weighted avg': {'precision': 0.5965486923222229, 'recall': 0.5956416464891041, 'f1-score': 0.5948293432972293, 'support': 413.0}}","{'loss': [0.6751056394922853, 0.6643719408738039, 0.6558681669785523, 0.6452667173094823, 0.6317095451597312, 0.6230378928229946, 0.609681870301228, 0.6015627011790864, 0.5843652598437586, 0.5690576065179846, 0.5611065596988934, 0.5527240942495093, 0.5399585373033097, 0.5272771686015778, 0.5204843523516234, 0.504799917445983, 0.4916287937386444, 0.4925296294872189, 0.4756079519280938, 0.4674992931842047], 'accuracy': [0.5601905770248808, 0.5786130227633669, 0.597564849126522, 0.611011116993118, 0.6260984647961885, 0.638644785600847, 0.6524086818422445, 0.6604552673372155, 0.6769719428268925, 0.6911064055055585, 0.6989941768131286, 0.7048703017469561, 0.7151932239280042, 0.7242985706723134, 0.7320804658549497, 0.7440974060349391, 0.7493912122816305, 0.74785600847009, 0.7605611434621493, 0.7653785071466385]}"
30-9VYD,0.4552058111380145,0.25742574257425743,0.5697896749521989,0.25742574257425743,0.5697896749521989,,0.41360770876322817,"[[39, 93], [132, 149]]",20,./ckpt_emowear_valence/emowear/cnn1d/30-9VYD/emowear_30-9VYD_checkpoint.pt,"{'0': {'precision': 0.22807017543859648, 'recall': 0.29545454545454547, 'f1-score': 0.25742574257425743, 'support': 132.0}, '1': {'precision': 0.6157024793388429, 'recall': 0.5302491103202847, 'f1-score': 0.5697896749521989, 'support': 281.0}, 'accuracy': 0.4552058111380145, 'macro avg': {'precision': 0.4218863273887197, 'recall': 0.41285182788741503, 'f1-score': 0.41360770876322817, 'support': 413.0}, 'weighted avg': {'precision': 0.49181031441188766, 'recall': 0.4552058111380145, 'f1-score': 0.4699542292527115, 'support': 413.0}}","{'loss': [0.6805213182107552, 0.6686578439303086, 0.6579906508113544, 0.647764730068538, 0.6384655303270997, 0.6243253199621254, 0.6113447645721516, 0.5966287193126688, 0.5823158932590434, 0.5686749885106226, 0.5576484722268209, 0.5386063425896848, 0.5290377619280393, 0.5163233663809874, 0.5052603964139192, 0.49045540752267003, 0.48197442194088985, 0.47230174154626936, 0.4616275299125528, 0.4533768613039343], 'accuracy': [0.551508734780307, 0.5826363155108523, 0.5973530968766543, 0.6119640021175226, 0.6232398094229751, 0.6415563790365273, 0.6541026998411859, 0.6637374272101642, 0.6829010058231869, 0.6915828480677607, 0.6991529910005294, 0.7132345156167285, 0.7238221281101112, 0.7328745367919535, 0.737427210164108, 0.7498147167813658, 0.7527263102170461, 0.7624669137109582, 0.7684489147697194, 0.7758602435150873]}"
31-9VZJ,0.4963680387409201,0.6376306620209059,0.1746031746031746,0.6376306620209059,0.1746031746031746,,0.4061169183120402,"[[183, 42], [166, 22]]",20,./ckpt_emowear_valence/emowear/cnn1d/31-9VZJ/emowear_31-9VZJ_checkpoint.pt,"{'0': {'precision': 0.5243553008595988, 'recall': 0.8133333333333334, 'f1-score': 0.6376306620209059, 'support': 225.0}, '1': {'precision': 0.34375, 'recall': 0.11702127659574468, 'f1-score': 0.1746031746031746, 'support': 188.0}, 'accuracy': 0.4963680387409201, 'macro avg': {'precision': 0.4340526504297994, 'recall': 0.465177304964539, 'f1-score': 0.4061169183120402, 'support': 413.0}, 'weighted avg': {'precision': 0.44214271838597996, 'recall': 0.4963680387409201, 'f1-score': 0.42685785903172063, 'support': 413.0}}","{'loss': [0.6771409050505776, 0.6633062249582996, 0.6502725012091621, 0.6350919792297468, 0.6254032995853556, 0.6114755181612446, 0.5963616845404552, 0.5809171158652763, 0.5723263528878377, 0.5518970425606027, 0.5391313415850957, 0.522076926015558, 0.5123067894393392, 0.49379601006220103, 0.48508141907893393, 0.46960535472255965, 0.45628874023292604, 0.44851312324317943, 0.43717140954534106, 0.42931587498550255], 'accuracy': [0.5515616728427739, 0.5818422445738486, 0.5992588671254632, 0.6202223398623611, 0.6308628904182106, 0.6454737956590789, 0.6601905770248809, 0.6772366331392271, 0.6873478030704077, 0.7014293276866067, 0.7149285336156697, 0.7266807834833245, 0.7323980942297512, 0.7473795659078878, 0.7574377977766014, 0.763155108523028, 0.7728957120169402, 0.7802011646373743, 0.7862890418210694, 0.7930121757543674]}"
32-9VZN,0.5060532687651331,0.6470588235294118,0.1774193548387097,0.6470588235294118,0.1774193548387097,,0.4122390891840607,"[[187, 193], [11, 22]]",20,./ckpt_emowear_valence/emowear/cnn1d/32-9VZN/emowear_32-9VZN_checkpoint.pt,"{'0': {'precision': 0.9444444444444444, 'recall': 0.4921052631578947, 'f1-score': 0.6470588235294118, 'support': 380.0}, '1': {'precision': 0.10232558139534884, 'recall': 0.6666666666666666, 'f1-score': 0.1774193548387097, 'support': 33.0}, 'accuracy': 0.5060532687651331, 'macro avg': {'precision': 0.5233850129198966, 'recall': 0.5793859649122807, 'f1-score': 0.4122390891840607, 'support': 413.0}, 'weighted avg': {'precision': 0.8771564965494802, 'recall': 0.5060532687651331, 'f1-score': 0.6095331516969829, 'support': 413.0}}","{'loss': [0.6660747588343441, 0.6518483036280057, 0.6418190823022873, 0.6316333278453559, 0.6194613749732285, 0.6064429262569179, 0.5932835370475745, 0.5784017818513025, 0.5635449101332952, 0.5539560298556181, 0.5368408343538271, 0.5261472523496414, 0.5078817913871774, 0.49717163128345465, 0.4871625666709221, 0.472002982436948, 0.4615107470621439, 0.4484470782423852, 0.44163073384616663, 0.42728842159249025], 'accuracy': [0.5489677077818952, 0.5795129698253044, 0.5922181048173637, 0.6083112758073055, 0.6243515087347803, 0.6381683430386448, 0.6572789835892007, 0.6706723133933298, 0.6879301217575436, 0.6931180518793012, 0.7083112758073055, 0.7179989412387506, 0.7324510322922181, 0.7422975119110641, 0.7476442562202223, 0.7553202752779248, 0.7653785071466385, 0.7746956061408152, 0.7804129168872419, 0.7880359978824775]}"
33-9VZR,0.5423728813559322,0.46458923512747874,0.6004228329809725,0.46458923512747874,0.6004228329809725,,0.5325060340542256,"[[82, 133], [56, 142]]",20,./ckpt_emowear_valence/emowear/cnn1d/33-9VZR/emowear_33-9VZR_checkpoint.pt,"{'0': {'precision': 0.5942028985507246, 'recall': 0.3813953488372093, 'f1-score': 0.46458923512747874, 'support': 215.0}, '1': {'precision': 0.5163636363636364, 'recall': 0.7171717171717171, 'f1-score': 0.6004228329809725, 'support': 198.0}, 'accuracy': 0.5423728813559322, 'macro avg': {'precision': 0.5552832674571805, 'recall': 0.5492835330044632, 'f1-score': 0.5325060340542256, 'support': 413.0}, 'weighted avg': {'precision': 0.5568852861704741, 'recall': 0.5423728813559322, 'f1-score': 0.5297104273187422, 'support': 413.0}}","{'loss': [0.675310938625881, 0.662722610455458, 0.6487128051201966, 0.6386216602986802, 0.6250173338069178, 0.6169906010319784, 0.6030431928869402, 0.5956625078360577, 0.582475897343213, 0.5673516475315004, 0.555212362662013, 0.544675428296852, 0.5300874480373207, 0.522172543931853, 0.5127510230272393, 0.4979640499948509, 0.4846931704331353, 0.47292482152447113, 0.4684182074159589, 0.4584779227013434], 'accuracy': [0.5563790365272631, 0.5793012175754367, 0.6038115404976178, 0.614081524616199, 0.6358390682901006, 0.6430386447856008, 0.6514557967178402, 0.6610375860243515, 0.67358390682901, 0.6864478560084701, 0.6983059820010588, 0.7091053467443091, 0.7207517204870302, 0.7249867654843832, 0.7316040232927475, 0.7448385389094759, 0.7510322922181049, 0.7589730015881418, 0.7634727368978296, 0.7690841715193224]}"
34-9W1R,0.40076335877862596,0.33191489361702126,0.45674740484429066,0.33191489361702126,0.45674740484429066,,0.39433114923065593,"[[39, 80], [77, 66]]",20,./ckpt_emowear_valence/emowear/cnn1d/34-9W1R/emowear_34-9W1R_checkpoint.pt,"{'0': {'precision': 0.33620689655172414, 'recall': 0.3277310924369748, 'f1-score': 0.33191489361702126, 'support': 119.0}, '1': {'precision': 0.4520547945205479, 'recall': 0.46153846153846156, 'f1-score': 0.45674740484429066, 'support': 143.0}, 'accuracy': 0.40076335877862596, 'macro avg': {'precision': 0.39413084553613603, 'recall': 0.3946347769877182, 'f1-score': 0.39433114923065593, 'support': 262.0}, 'weighted avg': {'precision': 0.39943685613012797, 'recall': 0.40076335877862596, 'f1-score': 0.4000486688288515, 'support': 262.0}}","{'loss': [0.6757870298067779, 0.6623794864778051, 0.6494914118334949, 0.6357959842589227, 0.625424694979894, 0.6118743787805521, 0.5949532191835152, 0.5762561292691138, 0.5615649521116086, 0.5485188128329533, 0.5316365136612389, 0.516696358890282, 0.5047188094136695, 0.489951773693028, 0.47500217998924954, 0.46617354953541335, 0.453122156696293, 0.4390143190939182, 0.43423660871211384, 0.41731738031214133], 'accuracy': [0.5550653852213644, 0.5866813717766924, 0.6062706790609736, 0.6248096213434169, 0.6358909721128092, 0.6526442938921275, 0.6669817761672181, 0.6837876161966283, 0.7022740402289795, 0.7112546609946957, 0.7230712672653747, 0.7368835670395463, 0.7373562312903734, 0.7529016333175779, 0.763510319836143, 0.7700751010976314, 0.7782679481119689, 0.7827845176198729, 0.7897169266320047, 0.8011133869019484]}"
36-9W4C,0.4915254237288136,0.5606694560669456,0.39655172413793105,0.5606694560669456,0.39655172413793105,,0.47861059010243834,"[[134, 113], [97, 69]]",20,./ckpt_emowear_valence/emowear/cnn1d/36-9W4C/emowear_36-9W4C_checkpoint.pt,"{'0': {'precision': 0.5800865800865801, 'recall': 0.5425101214574899, 'f1-score': 0.5606694560669456, 'support': 247.0}, '1': {'precision': 0.3791208791208791, 'recall': 0.41566265060240964, 'f1-score': 0.39655172413793105, 'support': 166.0}, 'accuracy': 0.4915254237288136, 'macro avg': {'precision': 0.4796037296037296, 'recall': 0.4790863860299498, 'f1-score': 0.47861059010243834, 'support': 413.0}, 'weighted avg': {'precision': 0.4993110198921337, 'recall': 0.4915254237288136, 'f1-score': 0.4947044596983829, 'support': 413.0}}","{'loss': [0.6743365853220272, 0.659149697023829, 0.6492022858718642, 0.6376016901118722, 0.6269585764174616, 0.6147199793301164, 0.5979318112718675, 0.5839510091907325, 0.5709432665793084, 0.5561373673714678, 0.544254909002194, 0.5306183935442319, 0.5206496686011537, 0.5044004234799384, 0.4919438438638926, 0.4807180935519912, 0.4707941154091998, 0.4601703337413915, 0.4499673566943189, 0.4337778438519649], 'accuracy': [0.5559555320275278, 0.585283218634198, 0.6039703546850185, 0.6175224986765484, 0.631233456855479, 0.6469560614081524, 0.6604023292747485, 0.6739544732662784, 0.6853361566966649, 0.6968237162519851, 0.7051879301217575, 0.7158284806776072, 0.7286394917946003, 0.741768131286395, 0.7474325039703547, 0.7537321334039174, 0.7634727368978296, 0.7727898358920063, 0.7804658549497089, 0.7876124933827422]}"
37-9W4X,0.5447941888619855,0.3974358974358974,0.6342412451361867,0.3974358974358974,0.6342412451361867,,0.515838571286042,"[[62, 121], [67, 163]]",20,./ckpt_emowear_valence/emowear/cnn1d/37-9W4X/emowear_37-9W4X_checkpoint.pt,"{'0': {'precision': 0.4806201550387597, 'recall': 0.33879781420765026, 'f1-score': 0.3974358974358974, 'support': 183.0}, '1': {'precision': 0.573943661971831, 'recall': 0.7086956521739131, 'f1-score': 0.6342412451361867, 'support': 230.0}, 'accuracy': 0.5447941888619855, 'macro avg': {'precision': 0.5272819085052953, 'recall': 0.5237467331907817, 'f1-score': 0.515838571286042, 'support': 413.0}, 'weighted avg': {'precision': 0.5325920838392595, 'recall': 0.5447941888619855, 'f1-score': 0.5293129675837583, 'support': 413.0}}","{'loss': [0.6794641097933606, 0.6688391344644457, 0.656900482868126, 0.6457613688981868, 0.6307916023669387, 0.616693967684922, 0.606644239565757, 0.5895903655055215, 0.5773447920684148, 0.5619510601095702, 0.5475258129055757, 0.5335398034420892, 0.5266862756490329, 0.5073871433640234, 0.4935010675591347, 0.488177277279506, 0.4771920734577674, 0.4647617465229246, 0.4563897564526018, 0.44100489256368103], 'accuracy': [0.5533086289041821, 0.5767601905770249, 0.5950238221281101, 0.614716781365802, 0.6298570672313394, 0.6434621492853362, 0.6566437268395977, 0.6725251455796718, 0.6774483853890948, 0.6953414505029116, 0.706087877183695, 0.719057702488089, 0.7260455267337216, 0.740497617787189, 0.7462149285336157, 0.75214399152991, 0.7597141344626787, 0.7673901535203812, 0.7737956590788777, 0.7780836421386977]}"
38-9W6A,0.39951573849878935,0.43119266055045874,0.3641025641025641,0.43119266055045874,0.3641025641025641,,0.3976476123265114,"[[94, 142], [106, 71]]",20,./ckpt_emowear_valence/emowear/cnn1d/38-9W6A/emowear_38-9W6A_checkpoint.pt,"{'0': {'precision': 0.47, 'recall': 0.3983050847457627, 'f1-score': 0.43119266055045874, 'support': 236.0}, '1': {'precision': 0.3333333333333333, 'recall': 0.4011299435028249, 'f1-score': 0.3641025641025641, 'support': 177.0}, 'accuracy': 0.39951573849878935, 'macro avg': {'precision': 0.4016666666666666, 'recall': 0.3997175141242938, 'f1-score': 0.3976476123265114, 'support': 413.0}, 'weighted avg': {'precision': 0.4114285714285714, 'recall': 0.39951573849878935, 'f1-score': 0.4024397620727896, 'support': 413.0}}","{'loss': [0.6738456386494978, 0.6620588667813024, 0.6538144146657735, 0.6418128060562514, 0.633316322336, 0.6196958325980768, 0.6058688619674483, 0.5958451120168081, 0.5813207754765698, 0.5711367121507656, 0.5578003185712956, 0.5458745380505612, 0.5289873353825353, 0.518631810574635, 0.5092384803793681, 0.49213161634477504, 0.48834964284952387, 0.47634950539559645, 0.4616162841379359, 0.45168228462740756], 'accuracy': [0.5590259396506088, 0.584065643197459, 0.5921651667548967, 0.6096876654314453, 0.6236633139227105, 0.6365802011646374, 0.6510852302805717, 0.6655373213340392, 0.6762837480148226, 0.6838009528851244, 0.699364743250397, 0.7071466384330334, 0.7247750132345157, 0.7278454208575966, 0.7398623610375861, 0.7440974060349391, 0.7489147697194283, 0.7610375860243515, 0.7681312863949179, 0.7760190577024881]}"
39-9W6G,0.5302663438256658,0.6269230769230769,0.3660130718954248,0.6269230769230769,0.3660130718954248,,0.4964680744092509,"[[163, 109], [85, 56]]",20,./ckpt_emowear_valence/emowear/cnn1d/39-9W6G/emowear_39-9W6G_checkpoint.pt,"{'0': {'precision': 0.657258064516129, 'recall': 0.5992647058823529, 'f1-score': 0.6269230769230769, 'support': 272.0}, '1': {'precision': 0.3393939393939394, 'recall': 0.3971631205673759, 'f1-score': 0.3660130718954248, 'support': 141.0}, 'accuracy': 0.5302663438256658, 'macro avg': {'precision': 0.4983260019550342, 'recall': 0.4982139132248644, 'f1-score': 0.4964680744092509, 'support': 413.0}, 'weighted avg': {'precision': 0.5487378668351878, 'recall': 0.5302663438256658, 'f1-score': 0.5378472640686001, 'support': 413.0}}","{'loss': [0.6739339094429562, 0.6617696309922674, 0.6544358547053178, 0.641859172695588, 0.631107157453019, 0.6189881438297719, 0.6059793241254989, 0.5893794539809037, 0.5753891236886832, 0.561692385530901, 0.5478588802180888, 0.5327143975513331, 0.5198291746853141, 0.5029959020001223, 0.49782998171857323, 0.4799019013655255, 0.47173420197752935, 0.46206712956905616, 0.44424512280302114, 0.4401662371946176], 'accuracy': [0.5528321863419798, 0.5771307570142933, 0.5933827421916358, 0.6077818951826364, 0.6223928004235045, 0.6397035468501853, 0.6525145579671784, 0.664425622022234, 0.6771307570142933, 0.6928533615669666, 0.7075701429327687, 0.7159872948650079, 0.7265219692959237, 0.7369507676019058, 0.7407093700370566, 0.7544203282159873, 0.7584436209634727, 0.7688194812069878, 0.780942297511911, 0.7848067760719958]}"
40-9W74,0.5375302663438256,0.589247311827957,0.4709141274238227,0.589247311827957,0.4709141274238227,,0.5300807196258899,"[[137, 44], [147, 85]]",20,./ckpt_emowear_valence/emowear/cnn1d/40-9W74/emowear_40-9W74_checkpoint.pt,"{'0': {'precision': 0.4823943661971831, 'recall': 0.7569060773480663, 'f1-score': 0.589247311827957, 'support': 181.0}, '1': {'precision': 0.6589147286821705, 'recall': 0.36637931034482757, 'f1-score': 0.4709141274238227, 'support': 232.0}, 'accuracy': 0.5375302663438256, 'macro avg': {'precision': 0.5706545474396768, 'recall': 0.5616426938464469, 'f1-score': 0.5300807196258899, 'support': 413.0}, 'weighted avg': {'precision': 0.5815535044454085, 'recall': 0.5375302663438256, 'f1-score': 0.5227744334217606, 'support': 413.0}}","{'loss': [0.6806734583313468, 0.6708347806796755, 0.660664429034803, 0.6514792400607992, 0.6396380005910196, 0.6280581373837715, 0.6125349687577051, 0.5966625752305151, 0.5841138770556311, 0.5660004646075094, 0.5559800119801386, 0.5439315353770178, 0.5274049316656659, 0.5118419618503072, 0.5044001287414385, 0.49505678885130733, 0.4796022234359325, 0.46462105867280856, 0.4579735803156066, 0.45192245142746373], 'accuracy': [0.5543673901535204, 0.5713605082053996, 0.5919534145050291, 0.6052408681842245, 0.6220222339862361, 0.6331921651667549, 0.6547379565907888, 0.6628904182106935, 0.6796188459502382, 0.6935415563790365, 0.7035997882477502, 0.7106405505558496, 0.7222339862361038, 0.7436739015352039, 0.7427739544732663, 0.7479618845950238, 0.7605611434621493, 0.7698253043938592, 0.7727368978295395, 0.7759131815775543]}"
41-9W7K,0.559322033898305,0.5645933014354066,0.553921568627451,0.5645933014354066,0.553921568627451,,0.5592574350314288,"[[118, 97], [85, 113]]",20,./ckpt_emowear_valence/emowear/cnn1d/41-9W7K/emowear_41-9W7K_checkpoint.pt,"{'0': {'precision': 0.5812807881773399, 'recall': 0.5488372093023256, 'f1-score': 0.5645933014354066, 'support': 215.0}, '1': {'precision': 0.5380952380952381, 'recall': 0.5707070707070707, 'f1-score': 0.553921568627451, 'support': 198.0}, 'accuracy': 0.559322033898305, 'macro avg': {'precision': 0.5596880131362889, 'recall': 0.5597721400046982, 'f1-score': 0.5592574350314288, 'support': 413.0}, 'weighted avg': {'precision': 0.5605768198571071, 'recall': 0.559322033898305, 'f1-score': 0.5594770711788081, 'support': 413.0}}","{'loss': [0.6790194768385637, 0.6667912931717408, 0.659628423387377, 0.6482333171866191, 0.635683135477685, 0.6227082215079938, 0.610921260034552, 0.5944908898049653, 0.5843291811428101, 0.5749073180526322, 0.5595953949296708, 0.5441690018279266, 0.5317933308314621, 0.5223674503156531, 0.5055502777127376, 0.5001412288671829, 0.48022387935535943, 0.47487464042931654, 0.4602943071554173, 0.45268435722750416], 'accuracy': [0.5520381154049762, 0.5752249867654844, 0.5875066172578084, 0.6051349920592907, 0.6239809422975119, 0.6352567496029645, 0.6528321863419799, 0.6688194812069879, 0.6769719428268925, 0.6850185283218634, 0.6961884595023822, 0.7094759131815775, 0.7191106405505558, 0.7303335097935415, 0.7383271572260455, 0.7449444150344098, 0.7572260455267337, 0.7606670195870832, 0.7701429327686606, 0.7750661725780836]}"
42-9W7R,0.4963680387409201,0.4639175257731959,0.5251141552511416,0.4639175257731959,0.5251141552511416,,0.49451584051216874,"[[90, 116], [92, 115]]",20,./ckpt_emowear_valence/emowear/cnn1d/42-9W7R/emowear_42-9W7R_checkpoint.pt,"{'0': {'precision': 0.4945054945054945, 'recall': 0.4368932038834951, 'f1-score': 0.4639175257731959, 'support': 206.0}, '1': {'precision': 0.49783549783549785, 'recall': 0.5555555555555556, 'f1-score': 0.5251141552511416, 'support': 207.0}, 'accuracy': 0.4963680387409201, 'macro avg': {'precision': 0.4961704961704962, 'recall': 0.4962243797195254, 'f1-score': 0.49451584051216874, 'support': 413.0}, 'weighted avg': {'precision': 0.49617452765152525, 'recall': 0.4963680387409201, 'f1-score': 0.4945899284413188, 'support': 413.0}}","{'loss': [0.6768995919891486, 0.6668568113482523, 0.6563848201656796, 0.6452732697436897, 0.636038297569392, 0.6230452063602389, 0.6050460194582155, 0.5929319024906391, 0.5782827453805127, 0.5623294243363238, 0.5444297469564693, 0.5302657676348931, 0.5122253060530203, 0.4996578168622901, 0.48546535543438746, 0.4706884767467727, 0.4619302782985885, 0.45396749649557755, 0.44473456994069827, 0.42938207059767336], 'accuracy': [0.5585494970884065, 0.5736897829539439, 0.594441503440974, 0.6057702488088936, 0.6197458973001588, 0.6407623080995235, 0.6566966649020646, 0.665060878771837, 0.6839597670725251, 0.6986236103758603, 0.7143991529910005, 0.7205929062996295, 0.7402329274748545, 0.7465325569084171, 0.7554790894653256, 0.7652726310217046, 0.7714663843303335, 0.7803070407623081, 0.7841715193223928, 0.7933827421916357]}"
43-9W91,0.423728813559322,0.531496062992126,0.25157232704402516,0.531496062992126,0.25157232704402516,,0.3915341950180756,"[[135, 17], [221, 40]]",20,./ckpt_emowear_valence/emowear/cnn1d/43-9W91/emowear_43-9W91_checkpoint.pt,"{'0': {'precision': 0.3792134831460674, 'recall': 0.8881578947368421, 'f1-score': 0.531496062992126, 'support': 152.0}, '1': {'precision': 0.7017543859649122, 'recall': 0.1532567049808429, 'f1-score': 0.25157232704402516, 'support': 261.0}, 'accuracy': 0.423728813559322, 'macro avg': {'precision': 0.5404839345554898, 'recall': 0.5207072998588426, 'f1-score': 0.3915341950180756, 'support': 413.0}, 'weighted avg': {'precision': 0.5830468381962333, 'recall': 0.423728813559322, 'f1-score': 0.3545951063760138, 'support': 413.0}}","{'loss': [0.6805119040341778, 0.664889802315552, 0.6551321187304592, 0.6448846695787885, 0.6296878579686469, 0.6147078303700089, 0.6018970702046627, 0.5855283009873427, 0.5691041831493125, 0.556907041183914, 0.5390358869583913, 0.5262666556966438, 0.5151938044059333, 0.5029745523610274, 0.49077361261106284, 0.4738840901517187, 0.4647402957042353, 0.4526794158825488, 0.4438990189449821, 0.432217064592938], 'accuracy': [0.5553202752779248, 0.5874007411328745, 0.6027527792482795, 0.6140285865537322, 0.6291688724192694, 0.6463737427210164, 0.6608258337744839, 0.6768131286394918, 0.6914769719428269, 0.7051879301217575, 0.7197988353626257, 0.7305982001058762, 0.7342509264160931, 0.7461619904711487, 0.7535203811540497, 0.7648491265219693, 0.7739544732662784, 0.7806246691371096, 0.7818951826363155, 0.7905240868184225]}"
44-9WAY,0.5230024213075061,0.298932384341637,0.6385321100917432,0.298932384341637,0.6385321100917432,,0.46873224721669005,"[[42, 140], [57, 174]]",20,./ckpt_emowear_valence/emowear/cnn1d/44-9WAY/emowear_44-9WAY_checkpoint.pt,"{'0': {'precision': 0.42424242424242425, 'recall': 0.23076923076923078, 'f1-score': 0.298932384341637, 'support': 182.0}, '1': {'precision': 0.554140127388535, 'recall': 0.7532467532467533, 'f1-score': 0.6385321100917432, 'support': 231.0}, 'accuracy': 0.5230024213075061, 'macro avg': {'precision': 0.4891912758154796, 'recall': 0.49200799200799206, 'f1-score': 0.46873224721669005, 'support': 413.0}, 'weighted avg': {'precision': 0.49689707176482517, 'recall': 0.5230024213075061, 'f1-score': 0.488877993659493, 'support': 413.0}}","{'loss': [0.6778689764491335, 0.6644494051211344, 0.6510167706195736, 0.6389015089083501, 0.6280482636108924, 0.6167670810266801, 0.6031273599084942, 0.5908002227245026, 0.5776695487422246, 0.5620969582765174, 0.550053443424029, 0.5327846082667941, 0.5205731074541192, 0.5056845528729824, 0.48783225700803506, 0.47528898712186474, 0.4624044126149143, 0.45107148137276865, 0.4375470949329984, 0.4288218762080716], 'accuracy': [0.5560614081524616, 0.5870301746956061, 0.6016940179989413, 0.6201164637374272, 0.6314452091053467, 0.6463208046585495, 0.6552673372154579, 0.6717310746426681, 0.6864478560084701, 0.7020645844362097, 0.7095817893065114, 0.7222339862361038, 0.7311805187930122, 0.741079936474325, 0.7519851773425092, 0.7648491265219693, 0.7719957649550027, 0.7797247220751721, 0.7896770778189518, 0.7943356273160402]}"
45-9WBS,0.5472154963680388,0.4904632152588556,0.5925925925925926,0.4904632152588556,0.5925925925925926,,0.5415279039257241,"[[90, 103], [84, 136]]",20,./ckpt_emowear_valence/emowear/cnn1d/45-9WBS/emowear_45-9WBS_checkpoint.pt,"{'0': {'precision': 0.5172413793103449, 'recall': 0.46632124352331605, 'f1-score': 0.4904632152588556, 'support': 193.0}, '1': {'precision': 0.5690376569037657, 'recall': 0.6181818181818182, 'f1-score': 0.5925925925925926, 'support': 220.0}, 'accuracy': 0.5472154963680388, 'macro avg': {'precision': 0.5431395181070553, 'recall': 0.542251530852567, 'f1-score': 0.5415279039257241, 'support': 413.0}, 'weighted avg': {'precision': 0.5448326167693099, 'recall': 0.5472154963680388, 'f1-score': 0.5448662734027349, 'support': 413.0}}","{'loss': [0.6796890885000698, 0.6678781572822038, 0.6613887772855461, 0.6499688175887012, 0.6385328148962519, 0.6262395914614421, 0.6169834609256338, 0.602153777987822, 0.5874683047994348, 0.5764194622501739, 0.5591593676960108, 0.5463188287503761, 0.5310319889216526, 0.5175621034671164, 0.5029530123467796, 0.4861233289876648, 0.4770560390422936, 0.46028855969629445, 0.4530693540660208, 0.4420935650046002], 'accuracy': [0.5526204340921123, 0.5772366331392271, 0.58644785600847, 0.5996823716251986, 0.6157755426151403, 0.6310746426680783, 0.639227104287983, 0.6597141344626787, 0.6746956061408153, 0.6829539438856538, 0.701217575436739, 0.7076760190577025, 0.7229751191106405, 0.7297511911064055, 0.7437268395976707, 0.7541026998411858, 0.758920063525675, 0.7690312334568555, 0.7777660137638962, 0.782212811011117]}"
46-9WCE,0.44794188861985473,0.41836734693877553,0.47465437788018433,0.41836734693877553,0.47465437788018433,,0.4465108624094799,"[[82, 154], [74, 103]]",20,./ckpt_emowear_valence/emowear/cnn1d/46-9WCE/emowear_46-9WCE_checkpoint.pt,"{'0': {'precision': 0.5256410256410257, 'recall': 0.3474576271186441, 'f1-score': 0.41836734693877553, 'support': 236.0}, '1': {'precision': 0.40077821011673154, 'recall': 0.5819209039548022, 'f1-score': 0.47465437788018433, 'support': 177.0}, 'accuracy': 0.44794188861985473, 'macro avg': {'precision': 0.4632096178788786, 'recall': 0.4646892655367232, 'f1-score': 0.4465108624094799, 'support': 413.0}, 'weighted avg': {'precision': 0.47212839041632815, 'recall': 0.44794188861985473, 'f1-score': 0.4424903601993793, 'support': 413.0}}","{'loss': [0.6764729508336351, 0.6640507515364061, 0.6517752884934982, 0.6417933966887571, 0.6267116255013004, 0.6127312606702474, 0.6019960194431707, 0.588105194533294, 0.5731198053943095, 0.5590104278273655, 0.5405950570056021, 0.534407733129155, 0.5158701030333374, 0.5038688858960153, 0.4967222715257147, 0.4807387654335806, 0.4721917998986373, 0.46268299340949354, 0.4502744629308621, 0.44073624185559107], 'accuracy': [0.5496029645314982, 0.5748014822657491, 0.5952885124404447, 0.6118051879301217, 0.6327686606670195, 0.6461090524086819, 0.6604023292747485, 0.6691371095817893, 0.6849655902593965, 0.6976707252514558, 0.7148226574907358, 0.7161461090524087, 0.7326098464796188, 0.7361037586024352, 0.746638433033351, 0.7572789835892006, 0.7636315510852303, 0.7682901005823187, 0.7769719428268925, 0.7861831656961356]}"
47-9WCU,0.5520581113801453,0.4788732394366197,0.6072186836518046,0.4788732394366197,0.6072186836518046,,0.5430459615442121,"[[85, 78], [107, 143]]",20,./ckpt_emowear_valence/emowear/cnn1d/47-9WCU/emowear_47-9WCU_checkpoint.pt,"{'0': {'precision': 0.4427083333333333, 'recall': 0.5214723926380368, 'f1-score': 0.4788732394366197, 'support': 163.0}, '1': {'precision': 0.6470588235294118, 'recall': 0.572, 'f1-score': 0.6072186836518046, 'support': 250.0}, 'accuracy': 0.5520581113801453, 'macro avg': {'precision': 0.5448835784313726, 'recall': 0.5467361963190184, 'f1-score': 0.5430459615442121, 'support': 413.0}, 'weighted avg': {'precision': 0.5664071772776907, 'recall': 0.5520581113801453, 'f1-score': 0.5565641862981119, 'support': 413.0}}","{'loss': [0.6832147909258333, 0.6697080424565244, 0.6597503164636199, 0.6476328886079056, 0.6348032871272086, 0.622155377743672, 0.6095357907645093, 0.5891020330535854, 0.5796902248441637, 0.5665576529540733, 0.5505749220504781, 0.539458009646392, 0.5219950799023177, 0.505221658342411, 0.49249131360213044, 0.47837242875041125, 0.4644840128999844, 0.4525889267361057, 0.44412783153351176, 0.44344793199041393], 'accuracy': [0.5445738485971413, 0.5781365802011647, 0.5885124404446798, 0.6091053467443092, 0.6206458443620964, 0.6371625198517734, 0.6547908946532557, 0.6707781895182636, 0.6825304393859185, 0.6939650608787719, 0.7076760190577025, 0.7189518263631551, 0.7285336156696665, 0.7428268925357332, 0.7521969295923769, 0.7603493912122816, 0.7701429327686606, 0.7762308099523557, 0.7858125992588672, 0.7833245103229222]}"
48-9WDR,0.43825665859564167,0.5042735042735043,0.35195530726256985,0.5042735042735043,0.35195530726256985,,0.42811440576803705,"[[118, 109], [123, 63]]",20,./ckpt_emowear_valence/emowear/cnn1d/48-9WDR/emowear_48-9WDR_checkpoint.pt,"{'0': {'precision': 0.4896265560165975, 'recall': 0.5198237885462555, 'f1-score': 0.5042735042735043, 'support': 227.0}, '1': {'precision': 0.36627906976744184, 'recall': 0.3387096774193548, 'f1-score': 0.35195530726256985, 'support': 186.0}, 'accuracy': 0.43825665859564167, 'macro avg': {'precision': 0.4279528128920197, 'recall': 0.42926673298280515, 'f1-score': 0.42811440576803705, 'support': 413.0}, 'weighted avg': {'precision': 0.43407538787533123, 'recall': 0.43825665859564167, 'f1-score': 0.4356749942395241, 'support': 413.0}}","{'loss': [0.6738067747298342, 0.6606311456938785, 0.6471367508788283, 0.6354273680090715, 0.6272993818359315, 0.6168057497687413, 0.6058896710564687, 0.5917888284360624, 0.575357700372386, 0.5644121273476462, 0.5495506633268329, 0.5342340910605112, 0.5247776987629633, 0.5136001887808659, 0.4985615457915452, 0.4860155766132712, 0.47588922180404986, 0.46522661087183553, 0.4497098332299575, 0.43611403804029847], 'accuracy': [0.5583906829010058, 0.5852302805717311, 0.6023292747485443, 0.6193223928004234, 0.6298570672313394, 0.6439385918475384, 0.6535203811540498, 0.6660137638962415, 0.6779777660137639, 0.6897300158814187, 0.6983059820010588, 0.7148755955532028, 0.7206987824245633, 0.7298570672313394, 0.7425622022233986, 0.7524086818422445, 0.7587083112758073, 0.768078348332451, 0.7767601905770248, 0.7893065113816834]}"
49-9WEW,0.5447941888619855,0.5052631578947369,0.57847533632287,0.5052631578947369,0.57847533632287,,0.5418692471088034,"[[96, 140], [48, 129]]",20,./ckpt_emowear_valence/emowear/cnn1d/49-9WEW/emowear_49-9WEW_checkpoint.pt,"{'0': {'precision': 0.6666666666666666, 'recall': 0.4067796610169492, 'f1-score': 0.5052631578947369, 'support': 236.0}, '1': {'precision': 0.4795539033457249, 'recall': 0.7288135593220338, 'f1-score': 0.57847533632287, 'support': 177.0}, 'accuracy': 0.5447941888619855, 'macro avg': {'precision': 0.5731102850061958, 'recall': 0.5677966101694916, 'f1-score': 0.5418692471088034, 'support': 413.0}, 'weighted avg': {'precision': 0.586475482386263, 'recall': 0.5447941888619855, 'f1-score': 0.5366398057925081, 'support': 413.0}}","{'loss': [0.6739307211466476, 0.6647490108057328, 0.6553489678684777, 0.6434946389978307, 0.632474001095117, 0.6222949054204578, 0.6064731912047475, 0.5908590074882992, 0.5775171529874403, 0.5629980833521591, 0.5478199846218225, 0.5347884115748711, 0.5156402285039708, 0.5044103388498548, 0.49085056320455983, 0.48325152737934035, 0.4696116585274611, 0.4632857520344271, 0.45172303789756235, 0.4366385894202883], 'accuracy': [0.5565378507146639, 0.5751191106405505, 0.5860243515087348, 0.606723133933298, 0.617787188988883, 0.6347273689782954, 0.6510852302805717, 0.665643197458973, 0.6800952885124405, 0.6931709899417682, 0.7047114875595554, 0.7155108523028058, 0.7295923769190048, 0.7340391741662255, 0.7481736368448915, 0.7526204340921122, 0.765590259396506, 0.7707252514557967, 0.7739544732662784, 0.7872948650079407]}"
