Subject,Method,raw_gate,effective_gate,confidence,updated,effective_source_weight,effective_ema_weight,effective_batch_weight,probe_gate,min_gate,batch_index,batch_size,true_class_0_count,true_class_0_ratio,true_max_class_ratio,true_num_present_classes,true_class_1_count,true_class_1_ratio
S10,EMATent,0.02426043711602688,0.02426043711602688,0.9976096749305725,0,0.4927218688651919,0.5,0.007278131134808063,0.0,0.0,0,64,64,1.0,1.0,1,,
S10,EMATent,0.6942418217658997,0.6942418217658997,0.9194003343582153,1,0.2917274534702301,0.5,0.2082725465297699,0.0,0.0,1,64,64,1.0,1.0,1,,
S10,EMATent,0.9212518930435181,0.9212518930435181,0.9319601058959961,1,0.2236244320869446,0.5,0.2763755679130554,0.0,0.0,2,64,64,1.0,1.0,1,,
S10,EMATent,0.9971587657928467,0.9971587657928467,0.9588376879692078,1,0.200852370262146,0.5,0.29914762973785397,0.0,0.0,3,64,64,1.0,1.0,1,,
S10,EMATent,4.269967394066043e-05,4.269967394066043e-05,0.9999979138374329,0,0.4999871900978178,0.5,1.280990218219813e-05,0.0,0.0,4,64,64,1.0,1.0,1,,
S10,EMATent,0.00015427010657731444,0.00015427010657731444,0.9999915361404419,0,0.4999537189680268,0.5,4.628103197319433e-05,0.0,0.0,5,64,64,1.0,1.0,1,,
S10,EMATent,0.0742824524641037,0.0742824524641037,0.9909713268280029,0,0.4777152642607689,0.5,0.02228473573923111,0.0,0.0,6,64,7,0.109375,0.890625,2,57.0,0.890625
S10,EMATent,0.2859264314174652,0.2859264314174652,0.950110673904419,1,0.41422207057476046,0.5,0.08577792942523955,0.0,0.0,7,64,0,0.0,1.0,1,64.0,1.0
S10,EMATent,0.9178446531295776,0.9178446531295776,0.9578755497932434,1,0.22464660406112671,0.5,0.27535339593887326,0.0,0.0,8,64,40,0.625,0.625,2,24.0,0.375
S10,EMATent,0.000133190187625587,0.000133190187625587,0.9999927878379822,0,0.4999600429437123,0.5,3.9957056287676096e-05,0.0,0.0,9,40,40,1.0,1.0,1,,
S11,EMATent,0.0021708705462515354,0.0021708705462515354,0.9998461008071899,0,0.4993487388361245,0.5,0.0006512611638754606,0.0,0.0,0,64,64,1.0,1.0,1,,
S11,EMATent,0.0002819959190674126,0.0002819959190674126,0.9999837875366211,0,0.4999154012242798,0.5,8.459877572022378e-05,0.0,0.0,1,64,64,1.0,1.0,1,,
S11,EMATent,0.061939023435115814,0.061939023435115814,0.992751955986023,0,0.48141829296946526,0.5,0.018581707030534744,0.0,0.0,2,64,64,1.0,1.0,1,,
S11,EMATent,0.3137398958206177,0.3137398958206177,0.9505960941314697,1,0.4058780312538147,0.5,0.0941219687461853,0.0,0.0,3,64,44,0.6875,0.6875,2,20.0,0.3125
S11,EMATent,0.879954993724823,0.879954993724823,0.8357021808624268,1,0.2360135018825531,0.5,0.2639864981174469,0.0,0.0,4,64,0,0.0,1.0,1,64.0,1.0
S11,EMATent,0.9781380891799927,0.9781380891799927,0.8672757744789124,1,0.20655857324600221,0.5,0.2934414267539978,0.0,0.0,5,64,12,0.1875,0.8125,2,52.0,0.8125
S11,EMATent,0.4221893846988678,0.4221893846988678,0.9359796643257141,1,0.37334318459033966,0.5,0.12665681540966034,0.0,0.0,6,64,64,1.0,1.0,1,,
S11,EMATent,0.1880411058664322,0.1880411058664322,0.9777407646179199,0,0.44358766824007034,0.5,0.05641233175992966,0.0,0.0,7,64,64,1.0,1.0,1,,
S11,EMATent,0.8972451686859131,0.8972451686859131,0.9088786244392395,1,0.23082644939422609,0.5,0.2691735506057739,0.0,0.0,8,64,64,1.0,1.0,1,,
S11,EMATent,0.7127373814582825,0.7127373814582825,0.889554500579834,1,0.28617878556251525,0.5,0.21382121443748472,0.0,0.0,9,29,29,1.0,1.0,1,,
S13,EMATent,0.0008121118298731744,0.0008121118298731744,0.999948263168335,0,0.49975636645103805,0.5,0.00024363354896195233,0.0,0.0,0,64,64,1.0,1.0,1,,
S13,EMATent,0.002081298502162099,0.002081298502162099,0.9998531937599182,0,0.49937561044935136,0.5,0.0006243895506486296,0.0,0.0,1,64,64,1.0,1.0,1,,
S13,EMATent,0.11910606920719147,0.11910606920719147,0.983872652053833,0,0.4642681792378426,0.5,0.03573182076215744,0.0,0.0,2,64,64,1.0,1.0,1,,
S13,EMATent,0.9611620306968689,0.9611620306968689,0.9507484436035156,1,0.21165139079093934,0.5,0.28834860920906064,0.0,0.0,3,64,64,1.0,1.0,1,,
S13,EMATent,0.45530152320861816,0.45530152320861816,0.9888885021209717,1,0.3634095430374146,0.5,0.13659045696258545,0.0,0.0,4,64,64,1.0,1.0,1,,
S13,EMATent,0.25133016705513,0.25133016705513,0.9580128192901611,1,0.424600949883461,0.5,0.075399050116539,0.0,0.0,5,64,64,1.0,1.0,1,,
S13,EMATent,0.8403264880180359,0.8403264880180359,0.9340659379959106,1,0.24790205359458925,0.5,0.2520979464054108,0.0,0.0,6,64,8,0.125,0.875,2,56.0,0.875
S13,EMATent,0.05110212787985802,0.05110212787985802,0.9942448735237122,0,0.4846693616360426,0.5,0.015330638363957405,0.0,0.0,7,64,0,0.0,1.0,1,64.0,1.0
S13,EMATent,0.5315762162208557,0.5315762162208557,0.9490448236465454,1,0.34052713513374333,0.5,0.1594728648662567,0.0,0.0,8,64,51,0.796875,0.796875,2,13.0,0.203125
S13,EMATent,0.0036107595078647137,0.0036107595078647137,0.9997283220291138,0,0.4989167721476406,0.5,0.0010832278523594141,0.0,0.0,9,28,28,1.0,1.0,1,,
S14,EMATent,0.01069956086575985,0.01069956086575985,0.9990707039833069,0,0.49679013174027203,0.5,0.0032098682597279547,0.0,0.0,0,64,64,1.0,1.0,1,,
S14,EMATent,0.3354990780353546,0.3354990780353546,0.938980221748352,1,0.3993502765893936,0.5,0.10064972341060638,0.0,0.0,1,64,64,1.0,1.0,1,,
S14,EMATent,0.7463347315788269,0.7463347315788269,0.8735023736953735,1,0.2760995805263519,0.5,0.22390041947364805,0.0,0.0,2,64,64,1.0,1.0,1,,
S14,EMATent,0.8321999907493591,0.8321999907493591,0.9290969371795654,1,0.25034000277519225,0.5,0.24965999722480772,0.0,0.0,3,64,44,0.6875,0.6875,2,20.0,0.3125
S14,EMATent,0.8889230489730835,0.8889230489730835,0.897499144077301,1,0.23332308530807497,0.5,0.26667691469192506,0.0,0.0,4,64,0,0.0,1.0,1,64.0,1.0
S14,EMATent,0.7346043586730957,0.7346043586730957,0.8935190439224243,1,0.2796186923980713,0.5,0.2203813076019287,0.0,0.0,5,64,13,0.203125,0.796875,2,51.0,0.796875
S14,EMATent,0.02278853952884674,0.02278853952884674,0.9977778196334839,0,0.493163438141346,0.5,0.006836561858654022,0.0,0.0,6,64,64,1.0,1.0,1,,
S14,EMATent,0.2170998901128769,0.2170998901128769,0.996330738067627,1,0.4348700329661369,0.5,0.06512996703386306,0.0,0.0,7,64,64,1.0,1.0,1,,
S14,EMATent,0.6908029913902283,0.6908029913902283,0.9974011778831482,1,0.29275910258293153,0.5,0.20724089741706847,0.0,0.0,8,64,64,1.0,1.0,1,,
S14,EMATent,0.0013373817782849073,0.0013373817782849073,0.9999101758003235,0,0.49959878546651454,0.5,0.0004012145334854722,0.0,0.0,9,27,27,1.0,1.0,1,,
S15,EMATent,0.008798145689070225,0.008798145689070225,0.9992566108703613,0,0.4973605562932789,0.5,0.0026394437067210675,0.0,0.0,0,64,64,1.0,1.0,1,,
S15,EMATent,0.06166580319404602,0.06166580319404602,0.9927904605865479,0,0.48150025904178617,0.5,0.018499740958213804,0.0,0.0,1,64,64,1.0,1.0,1,,
S15,EMATent,0.2165365368127823,0.2165365368127823,0.9751749634742737,1,0.4350390389561653,0.5,0.06496096104383468,0.0,0.0,2,64,64,1.0,1.0,1,,
S15,EMATent,0.6276114583015442,0.6276114583015442,0.9515455961227417,1,0.3117165625095367,0.5,0.18828343749046325,0.0,0.0,3,64,64,1.0,1.0,1,,
S15,EMATent,0.6258280873298645,0.6258280873298645,0.9995545148849487,1,0.3122515738010406,0.5,0.18774842619895935,0.0,0.0,4,64,64,1.0,1.0,1,,
S15,EMATent,0.003465432906523347,0.003465432906523347,0.999740481376648,0,0.498960370128043,0.5,0.001039629871957004,0.0,0.0,5,64,64,1.0,1.0,1,,
S15,EMATent,0.9981836080551147,0.9981836080551147,0.8102088570594788,1,0.2005449175834656,0.5,0.2994550824165344,0.0,0.0,6,64,6,0.09375,0.90625,2,58.0,0.90625
S15,EMATent,0.6924228072166443,0.6924228072166443,0.9375025033950806,1,0.29227315783500674,0.5,0.2077268421649933,0.0,0.0,7,64,0,0.0,1.0,1,64.0,1.0
S15,EMATent,0.9809253811836243,0.9809253811836243,0.9815808534622192,1,0.20572238564491274,0.5,0.29427761435508726,0.0,0.0,8,64,49,0.765625,0.765625,2,15.0,0.234375
S15,EMATent,0.07539192587137222,0.07539192587137222,0.9908074140548706,0,0.47738242223858834,0.5,0.022617577761411666,0.0,0.0,9,30,30,1.0,1.0,1,,
S16,EMATent,0.006329996045678854,0.006329996045678854,0.9994884729385376,0,0.49810100118629635,0.5,0.0018989988137036562,0.0,0.0,0,64,64,1.0,1.0,1,,
S16,EMATent,0.00748972874134779,0.00748972874134779,0.9993810057640076,0,0.49775308137759566,0.5,0.002246918622404337,0.0,0.0,1,64,64,1.0,1.0,1,,
S16,EMATent,0.011719311587512493,0.011719311587512493,0.9989686608314514,0,0.49648420652374625,0.5,0.003515793476253748,0.0,0.0,2,64,64,1.0,1.0,1,,
S16,EMATent,0.9163923263549805,0.9163923263549805,0.9810584783554077,1,0.22508230209350588,0.5,0.2749176979064941,0.0,0.0,3,64,44,0.6875,0.6875,2,20.0,0.3125
S16,EMATent,9.384150871483143e-06,9.384150871483143e-06,0.9999996423721313,0,0.49999718475473853,0.5,2.815245261444943e-06,0.0,0.0,4,64,0,0.0,1.0,1,64.0,1.0
S16,EMATent,0.035040657967329025,0.035040657967329025,0.9963219165802002,0,0.4894878026098013,0.5,0.010512197390198708,0.0,0.0,5,64,14,0.21875,0.78125,2,50.0,0.78125
S16,EMATent,0.004125857725739479,0.004125857725739479,0.9996843338012695,0,0.49876224268227815,0.5,0.0012377573177218438,0.0,0.0,6,64,64,1.0,1.0,1,,
S16,EMATent,0.0005772945587523282,0.0005772945587523282,0.9999644160270691,0,0.4998268116323743,0.5,0.00017318836762569845,0.0,0.0,7,64,64,1.0,1.0,1,,
S16,EMATent,0.8005682229995728,0.8005682229995728,0.9768472909927368,1,0.2598295331001282,0.5,0.24017046689987182,0.0,0.0,8,64,64,1.0,1.0,1,,
S16,EMATent,0.7675811052322388,0.7675811052322388,0.9521666765213013,1,0.26972566843032836,0.5,0.23027433156967161,0.0,0.0,9,26,26,1.0,1.0,1,,
S17,EMATent,0.0006743142730556428,0.0006743142730556428,0.999957799911499,0,0.4997977057180833,0.5,0.00020229428191669284,0.0,0.0,0,64,64,1.0,1.0,1,,
S17,EMATent,0.002057295525446534,0.002057295525446534,0.9998550415039062,0,0.49938281134236606,0.5,0.0006171886576339603,0.0,0.0,1,64,64,1.0,1.0,1,,
S17,EMATent,0.12614309787750244,0.12614309787750244,0.9941554069519043,0,0.46215707063674927,0.5,0.03784292936325073,0.0,0.0,2,64,64,1.0,1.0,1,,
S17,EMATent,0.7325546145439148,0.7325546145439148,0.9601801633834839,1,0.2802336156368256,0.5,0.21976638436317444,0.0,0.0,3,64,64,1.0,1.0,1,,
S17,EMATent,0.12285041809082031,0.12285041809082031,0.9832382798194885,0,0.4631448745727539,0.5,0.036855125427246095,0.0,0.0,4,64,64,1.0,1.0,1,,
S17,EMATent,0.6770853400230408,0.6770853400230408,0.9297333359718323,1,0.2968743979930878,0.5,0.20312560200691224,0.0,0.0,5,64,58,0.90625,0.90625,2,6.0,0.09375
S17,EMATent,0.009505826979875565,0.009505826979875565,0.9991881847381592,0,0.49714825190603734,0.5,0.002851748093962669,0.0,0.0,6,64,0,0.0,1.0,1,64.0,1.0
S17,EMATent,0.023903578519821167,0.023903578519821167,0.9976506233215332,0,0.4928289264440536,0.5,0.00717107355594635,0.0,0.0,7,64,0,0.0,1.0,1,64.0,1.0
S17,EMATent,0.7671490907669067,0.7671490907669067,0.9663331508636475,1,0.269855272769928,0.5,0.230144727230072,0.0,0.0,8,64,53,0.828125,0.828125,2,11.0,0.171875
S17,EMATent,0.7255926728248596,0.7255926728248596,0.8631390929222107,1,0.2823221981525421,0.5,0.21767780184745789,0.0,0.0,9,26,26,1.0,1.0,1,,
S2,EMATent,0.20498326420783997,0.20498326420783997,0.9679054617881775,1,0.438505020737648,0.5,0.061494979262351986,0.0,0.0,0,64,64,1.0,1.0,1,,
S2,EMATent,0.2474072277545929,0.2474072277545929,0.9719704389572144,1,0.42577783167362215,0.5,0.07422216832637786,0.0,0.0,1,64,64,1.0,1.0,1,,
S2,EMATent,0.08719369024038315,0.08719369024038315,0.9890244007110596,0,0.47384189292788503,0.5,0.026158107072114942,0.0,0.0,2,64,64,1.0,1.0,1,,
S2,EMATent,0.14939187467098236,0.14939187467098236,0.9940276145935059,0,0.4551824375987053,0.5,0.044817562401294704,0.0,0.0,3,64,37,0.578125,0.578125,2,27.0,0.421875
S2,EMATent,0.021830150857567787,0.021830150857567787,0.9978861212730408,0,0.49345095474272965,0.5,0.006549045257270336,0.0,0.0,4,64,0,0.0,1.0,1,64.0,1.0
S2,EMATent,0.11743546277284622,0.11743546277284622,0.9841537475585938,0,0.46476936116814616,0.5,0.035230638831853865,0.0,0.0,5,64,32,0.5,0.5,2,32.0,0.5
S2,EMATent,0.0015555968275293708,0.0015555968275293708,0.9998937845230103,0,0.4995333209517412,0.5,0.00046667904825881124,0.0,0.0,6,64,64,1.0,1.0,1,,
S2,EMATent,0.0028183097019791603,0.0028183097019791603,0.9997941255569458,0,0.49915450708940623,0.5,0.0008454929105937481,0.0,0.0,7,64,64,1.0,1.0,1,,
S2,EMATent,4.674042065744288e-05,4.674042065744288e-05,0.9999976754188538,0,0.4999859778738028,0.5,1.4022126197232864e-05,0.0,0.0,8,64,64,1.0,1.0,1,,
S2,EMATent,3.661673326860182e-05,3.661673326860182e-05,0.9999982118606567,0,0.4999890149800194,0.5,1.0985019980580545e-05,0.0,0.0,9,2,2,1.0,1.0,1,,
S3,EMATent,0.0004428245883900672,0.0004428245883900672,0.9999734163284302,0,0.49986715262348297,0.5,0.00013284737651702016,0.0,0.0,0,64,64,1.0,1.0,1,,
S3,EMATent,8.313735452247784e-05,8.313735452247784e-05,0.9999957084655762,0,0.49997505879364323,0.5,2.494120635674335e-05,0.0,0.0,1,64,64,1.0,1.0,1,,
S3,EMATent,0.0002983975282404572,0.0002983975282404572,0.9999827146530151,0,0.4999104807415279,0.5,8.951925847213715e-05,0.0,0.0,2,64,64,1.0,1.0,1,,
S3,EMATent,0.9877015948295593,0.9877015948295593,0.9972360134124756,1,0.2036895215511322,0.5,0.29631047844886776,0.0,0.0,3,64,36,0.5625,0.5625,2,28.0,0.4375
S3,EMATent,0.7309088110923767,0.7309088110923767,0.9167290925979614,1,0.280727356672287,0.5,0.219272643327713,0.0,0.0,4,64,0,0.0,1.0,1,64.0,1.0
S3,EMATent,0.9987528920173645,0.9987528920173645,0.9309095740318298,1,0.20037413239479065,0.5,0.2996258676052093,0.0,0.0,5,64,28,0.4375,0.5625,2,36.0,0.5625
S3,EMATent,0.009188925847411156,0.009188925847411156,0.9992189407348633,0,0.49724332224577666,0.5,0.0027566777542233464,0.0,0.0,6,64,64,1.0,1.0,1,,
S3,EMATent,0.9448851346969604,0.9448851346969604,0.9743871688842773,1,0.2165344595909119,0.5,0.2834655404090881,0.0,0.0,7,64,64,1.0,1.0,1,,
S3,EMATent,0.00034343634615652263,0.00034343634615652263,0.9999798536300659,0,0.49989696909615305,0.5,0.00010303090384695679,0.0,0.0,8,64,64,1.0,1.0,1,,
S3,EMATent,0.00011008995352312922,0.00011008995352312922,0.9999942183494568,0,0.49996697301394305,0.5,3.302698605693876e-05,0.0,0.0,9,11,11,1.0,1.0,1,,
S4,EMATent,0.00037560315104201436,0.00037560315104201436,0.9999778270721436,0,0.4998873190546874,0.5,0.0001126809453126043,0.0,0.0,0,64,64,1.0,1.0,1,,
S4,EMATent,0.0023038180079311132,0.0023038180079311132,0.9998356103897095,0,0.49930885459762064,0.5,0.000691145402379334,0.0,0.0,1,64,64,1.0,1.0,1,,
S4,EMATent,0.3437677323818207,0.3437677323818207,0.9559139013290405,1,0.3968696802854538,0.5,0.1031303197145462,0.0,0.0,2,64,64,1.0,1.0,1,,
S4,EMATent,0.7418720722198486,0.7418720722198486,0.9140902757644653,1,0.2774383783340454,0.5,0.22256162166595458,0.0,0.0,3,64,64,1.0,1.0,1,,
S4,EMATent,0.005950929597020149,0.005950929597020149,0.9995229840278625,0,0.49821472112089393,0.5,0.0017852788791060446,0.0,0.0,4,64,64,1.0,1.0,1,,
S4,EMATent,0.005253390874713659,0.005253390874713659,0.9995856285095215,0,0.4984239827375859,0.5,0.0015760172624140977,0.0,0.0,5,64,64,1.0,1.0,1,,
S4,EMATent,0.414201557636261,0.414201557636261,0.9945656061172485,1,0.37573953270912175,0.5,0.1242604672908783,0.0,0.0,6,64,5,0.078125,0.921875,2,59.0,0.921875
S4,EMATent,0.00016697173123247921,0.00016697173123247921,0.9999907612800598,0,0.49994990848063026,0.5,5.0091519369743764e-05,0.0,0.0,7,64,0,0.0,1.0,1,64.0,1.0
S4,EMATent,0.35095059871673584,0.35095059871673584,0.996464729309082,1,0.3947148203849793,0.5,0.10528517961502075,0.0,0.0,8,64,60,0.9375,0.9375,2,4.0,0.0625
S4,EMATent,0.19649004936218262,0.19649004936218262,0.9802058339118958,0,0.4410529851913452,0.5,0.05894701480865478,0.0,0.0,9,20,20,1.0,1.0,1,,
S5,EMATent,0.0026835582684725523,0.0026835582684725523,0.9998050928115845,0,0.49919493251945823,0.5,0.0008050674805417657,0.0,0.0,0,64,64,1.0,1.0,1,,
S5,EMATent,0.0005147556075826287,0.0005147556075826287,0.9999686479568481,0,0.4998455733177252,0.5,0.0001544266822747886,0.0,0.0,1,64,64,1.0,1.0,1,,
S5,EMATent,0.0031911442056298256,0.0031911442056298256,0.9997633695602417,0,0.49904265673831105,0.5,0.0009573432616889477,0.0,0.0,2,64,64,1.0,1.0,1,,
S5,EMATent,0.03299287334084511,0.03299287334084511,0.9965736865997314,0,0.4901021379977465,0.5,0.009897862002253533,0.0,0.0,3,64,64,1.0,1.0,1,,
S5,EMATent,0.3161366879940033,0.3161366879940033,0.9703027606010437,1,0.405158993601799,0.5,0.09484100639820099,0.0,0.0,4,64,64,1.0,1.0,1,,
S5,EMATent,0.006530617829412222,0.006530617829412222,0.9994701147079468,0,0.49804081465117633,0.5,0.0019591853488236666,0.0,0.0,5,64,64,1.0,1.0,1,,
S5,EMATent,0.5931428074836731,0.5931428074836731,0.9971427917480469,1,0.32205715775489807,0.5,0.17794284224510193,0.0,0.0,6,64,9,0.140625,0.859375,2,55.0,0.859375
S5,EMATent,0.290155827999115,0.290155827999115,0.9491122961044312,1,0.4129532516002655,0.5,0.08704674839973449,0.0,0.0,7,64,0,0.0,1.0,1,64.0,1.0
S5,EMATent,0.43246906995773315,0.43246906995773315,0.9481549263000488,1,0.3702592790126801,0.5,0.12974072098731995,0.0,0.0,8,64,54,0.84375,0.84375,2,10.0,0.15625
S5,EMATent,0.0065725999884307384,0.0065725999884307384,0.9994663000106812,0,0.4980282200034708,0.5,0.0019717799965292214,0.0,0.0,9,26,26,1.0,1.0,1,,
S6,EMATent,0.00027996712015010417,0.00027996712015010417,0.9999839067459106,0,0.49991600986395496,0.5,8.399013604503125e-05,0.0,0.0,0,64,64,1.0,1.0,1,,
S6,EMATent,0.00039334784378297627,0.00039334784378297627,0.999976634979248,0,0.4998819956468651,0.5,0.00011800435313489287,0.0,0.0,1,64,64,1.0,1.0,1,,
S6,EMATent,0.3661907911300659,0.3661907911300659,0.9737344980239868,1,0.39014276266098025,0.5,0.10985723733901977,0.0,0.0,2,64,64,1.0,1.0,1,,
S6,EMATent,0.7362577319145203,0.7362577319145203,0.9407356381416321,1,0.2791226804256439,0.5,0.22087731957435608,0.0,0.0,3,64,44,0.6875,0.6875,2,20.0,0.3125
S6,EMATent,0.7585365176200867,0.7585365176200867,0.9333947896957397,1,0.272439044713974,0.5,0.227560955286026,0.0,0.0,4,64,0,0.0,1.0,1,64.0,1.0
S6,EMATent,0.26839831471443176,0.26839831471443176,0.9674693942070007,1,0.4194805055856705,0.5,0.08051949441432953,0.0,0.0,5,64,18,0.28125,0.71875,2,46.0,0.71875
S6,EMATent,0.40354982018470764,0.40354982018470764,0.9858419895172119,1,0.3789350539445877,0.5,0.12106494605541229,0.0,0.0,6,64,64,1.0,1.0,1,,
S6,EMATent,0.0006123878993093967,0.0006123878993093967,0.9999620318412781,0,0.4998162836302072,0.5,0.000183716369792819,0.0,0.0,7,64,64,1.0,1.0,1,,
S6,EMATent,0.6354467272758484,0.6354467272758484,0.9713922142982483,1,0.3093659818172455,0.5,0.19063401818275452,0.0,0.0,8,64,64,1.0,1.0,1,,
S6,EMATent,0.0006016164552420378,0.0006016164552420378,0.9999627470970154,0,0.49981951506342737,0.5,0.00018048493657261134,0.0,0.0,9,22,22,1.0,1.0,1,,
S7,EMATent,0.0006839908892288804,0.0006839908892288804,0.9999571442604065,0,0.49979480273323135,0.5,0.0002051972667686641,0.0,0.0,0,64,64,1.0,1.0,1,,
S7,EMATent,0.0001781417231541127,0.0001781417231541127,0.9999901056289673,0,0.4999465574830538,0.5,5.3442516946233806e-05,0.0,0.0,1,64,64,1.0,1.0,1,,
S7,EMATent,0.0009300379315391183,0.0009300379315391183,0.9999397993087769,0,0.49972098862053826,0.5,0.0002790113794617355,0.0,0.0,2,64,64,1.0,1.0,1,,
S7,EMATent,0.010344822891056538,0.010344822891056538,0.9991058111190796,0,0.49689655313268305,0.5,0.003103446867316961,0.0,0.0,3,64,64,1.0,1.0,1,,
S7,EMATent,0.01577516458928585,0.01577516458928585,0.9985487461090088,0,0.49526745062321426,0.5,0.004732549376785755,0.0,0.0,4,64,64,1.0,1.0,1,,
S7,EMATent,0.03902137652039528,0.03902137652039528,0.9958235025405884,0,0.4882935870438814,0.5,0.011706412956118583,0.0,0.0,5,64,64,1.0,1.0,1,,
S7,EMATent,0.6781452298164368,0.6781452298164368,0.9718176126480103,1,0.29655643105506896,0.5,0.203443568944931,0.0,0.0,6,64,7,0.109375,0.890625,2,57.0,0.890625
S7,EMATent,0.2638099789619446,0.2638099789619446,0.9703187942504883,1,0.42085700631141665,0.5,0.07914299368858337,0.0,0.0,7,64,0,0.0,1.0,1,64.0,1.0
S7,EMATent,0.4978211522102356,0.4978211522102356,0.9999166131019592,1,0.3506536543369293,0.5,0.14934634566307067,0.0,0.0,8,64,57,0.890625,0.890625,2,7.0,0.109375
S7,EMATent,0.001959719927981496,0.001959719927981496,0.9998626708984375,0,0.49941208402160553,0.5,0.0005879159783944487,0.0,0.0,9,21,21,1.0,1.0,1,,
S8,EMATent,0.0005566402687691152,0.0005566402687691152,0.9999657869338989,0,0.49983300791936924,0.5,0.00016699208063073457,0.0,0.0,0,64,64,1.0,1.0,1,,
S8,EMATent,0.024108469486236572,0.024108469486236572,0.9976271390914917,0,0.492767459154129,0.5,0.007232540845870971,0.0,0.0,1,64,64,1.0,1.0,1,,
S8,EMATent,0.8846980333328247,0.8846980333328247,0.8525086641311646,1,0.2345905900001526,0.5,0.2654094099998474,0.0,0.0,2,64,64,1.0,1.0,1,,
S8,EMATent,0.6739935874938965,0.6739935874938965,0.8934295773506165,1,0.29780192375183107,0.5,0.20219807624816893,0.0,0.0,3,64,64,1.0,1.0,1,,
S8,EMATent,0.07086209207773209,0.07086209207773209,0.9914729595184326,0,0.47874137237668035,0.5,0.021258627623319624,0.0,0.0,4,64,64,1.0,1.0,1,,
S8,EMATent,0.11138495802879333,0.11138495802879333,0.9851614236831665,0,0.466584512591362,0.5,0.033415487408638,0.0,0.0,5,64,64,1.0,1.0,1,,
S8,EMATent,0.006422333884984255,0.006422333884984255,0.9994800090789795,0,0.4980732998345047,0.5,0.0019267001654952763,0.0,0.0,6,64,4,0.0625,0.9375,2,60.0,0.9375
S8,EMATent,0.025146102532744408,0.025146102532744408,0.9975075721740723,0,0.49245616924017666,0.5,0.007543830759823322,0.0,0.0,7,64,0,0.0,1.0,1,64.0,1.0
S8,EMATent,0.6203233003616333,0.6203233003616333,0.9979791641235352,1,0.31390300989151,0.5,0.18609699010848998,0.0,0.0,8,64,54,0.84375,0.84375,2,10.0,0.15625
S8,EMATent,6.164864729818476e-10,6.164864729818476e-10,1.0,0,0.49999999981505405,0.5,1.8494594189455426e-10,0.0,0.0,9,26,26,1.0,1.0,1,,
S9,EMATent,0.003571713576093316,0.003571713576093316,0.9997315406799316,0,0.498928485927172,0.5,0.0010715140728279947,0.0,0.0,0,64,64,1.0,1.0,1,,
S9,EMATent,0.0014096201630309224,0.0014096201630309224,0.9999047517776489,0,0.4995771139510907,0.5,0.0004228860489092767,0.0,0.0,1,64,64,1.0,1.0,1,,
S9,EMATent,0.23677782714366913,0.23677782714366913,0.9851034283638,1,0.42896665185689925,0.5,0.07103334814310074,0.0,0.0,2,64,64,1.0,1.0,1,,
S9,EMATent,0.9859836101531982,0.9859836101531982,0.9900757074356079,1,0.20420491695404053,0.5,0.2957950830459595,0.0,0.0,3,64,44,0.6875,0.6875,2,20.0,0.3125
S9,EMATent,0.18397358059883118,0.18397358059883118,0.9871956706047058,0,0.44480792582035067,0.5,0.05519207417964935,0.0,0.0,4,64,0,0.0,1.0,1,64.0,1.0
S9,EMATent,0.786104679107666,0.786104679107666,0.966257631778717,1,0.2641685962677002,0.5,0.2358314037322998,0.0,0.0,5,64,19,0.296875,0.703125,2,45.0,0.703125
S9,EMATent,0.3658008575439453,0.3658008575439453,0.9925169944763184,1,0.3902597427368164,0.5,0.1097402572631836,0.0,0.0,6,64,64,1.0,1.0,1,,
S9,EMATent,0.07385184615850449,0.07385184615850449,0.9910348653793335,0,0.47784444615244864,0.5,0.022155553847551347,0.0,0.0,7,64,64,1.0,1.0,1,,
S9,EMATent,0.4622540771961212,0.4622540771961212,0.9947762489318848,1,0.3613237768411637,0.5,0.13867622315883635,0.0,0.0,8,64,64,1.0,1.0,1,,
S9,EMATent,0.00452217273414135,0.00452217273414135,0.9996500611305237,0,0.4986433481797576,0.5,0.001356651820242405,0.0,0.0,9,21,21,1.0,1.0,1,,
