Subject,Method,batch_size,g_mi,effective_mi_gate,diversity_norm,sample_entropy_norm,w_source,w_ema,w_batch,rho,n_eff,alpha,entropy_updated,loss_entropy,gate_threshold,gate_aware_ema,dynamic_mixture_weights,pred_class_0_count,pred_class_0_ratio,pred_class_1_count,pred_class_1_ratio,pred_class_2_count,pred_class_2_ratio,pred_max_class_ratio,pred_num_present_classes,batch_index,true_class_0_count,true_class_0_ratio,true_class_1_count,true_class_1_ratio,true_class_2_count,true_class_2_ratio,true_max_class_ratio,true_num_present_classes,true_imbalance,realistic_divergence_mean,realistic_divergence_min,realistic_divergence_max,realistic_prior_mean,realistic_prior_min,realistic_prior_max
S10,DynaMixEMATent,64,0.021838359534740448,0.109647236764431,0.109647236764431,0.08780887722969055,0.9155127690030996,0.051593059967570985,0.032894171029329296,0.05334789474124413,7.017423152923584,0.19999999999999996,0.0,0.1228618174791336,0.2,0.0,1.0,64.0,1.0,0.0,0.0,0.0,0.0,1.0,1.0,0,64,1.0,0,0.0,0,0.0,1.0,1,0.6666666666666667,,,,,,
S10,DynaMixEMATent,64,0.0708380714058876,0.6197370886802673,0.6197370886802673,0.5488989949226379,0.5653048225771253,0.24877405081879445,0.1859211266040802,0.30558961661913253,46.68059682846069,0.19999999999999996,1.0,0.9607859253883362,0.2,0.0,1.0,28.0,0.4375,34.0,0.53125,2.0,0.03125,0.53125,3.0,1,64,1.0,0,0.0,0,0.0,1.0,1,0.6666666666666667,,,,,,
S10,DynaMixEMATent,64,0.12457073479890823,0.8522350192070007,0.8522350192070007,0.7276642918586731,0.33753666217150013,0.4067928320663996,0.2556705057621002,0.546522521565405,101.22363805770874,0.19999999999999996,1.0,0.9265909790992737,0.2,0.0,1.0,8.0,0.125,45.0,0.703125,11.0,0.171875,0.703125,3.0,2,64,1.0,0,0.0,0,0.0,1.0,1,0.6666666666666667,,,,,,
S10,DynaMixEMATent,64,0.4422566294670105,0.9916843175888062,0.9916843175888062,0.5494276881217957,0.19402480899386929,0.5084698957294889,0.2975052952766418,0.7238060191923068,164.69143438339233,0.19999999999999996,1.0,0.5738235712051392,0.2,0.0,1.0,0.0,0.0,44.0,0.6875,20.0,0.3125,0.6875,2.0,3,44,0.6875,0,0.0,20,0.3125,0.6875,2,0.3541666666666667,,,,,,
S10,DynaMixEMATent,64,0.0290277898311615,0.18661987781524658,0.18661987781524658,0.15759208798408508,0.23750276496039927,0.7065112716950268,0.05598596334457397,0.7484118289153258,176.63510656356812,0.19999999999999996,0.0,0.17636066675186157,0.2,0.0,1.0,0.0,0.0,0.0,0.0,64.0,1.0,1.0,1.0,4,0,0.0,9,0.140625,55,0.859375,0.859375,2,0.5260416666666667,,,,,,
S10,DynaMixEMATent,64,0.05847683921456337,0.48097437620162964,0.48097437620162964,0.4224975109100342,0.16926742703185707,0.686440260107654,0.14429231286048888,0.8021901292044132,207.4174666404724,0.19999999999999996,1.0,0.5408391356468201,0.2,0.0,1.0,0.0,0.0,52.0,0.8125,12.0,0.1875,0.8125,2.0,5,0,0.0,64,1.0,0,0.0,1.0,1,0.6666666666666667,,,,,,
S10,DynaMixEMATent,64,0.04738762974739075,0.4314625561237335,0.4314625561237335,0.3840749263763428,0.13878942592343338,0.7317718072394466,0.12943876683712005,0.8405747687394826,235.03107023239136,0.19999999999999996,1.0,0.5791293382644653,0.2,0.0,1.0,0.0,0.0,62.0,0.96875,2.0,0.03125,0.96875,2.0,6,0,0.0,64,1.0,0,0.0,1.0,1,0.6666666666666667,,,,,,
S10,DynaMixEMATent,8,0.026550842449069023,0.44054853916168213,0.44054853916168213,0.41399767994880676,0.13459733122069756,0.7332381070307977,0.13216456174850463,0.8449045460832036,238.55545854568481,0.19999999999999996,1.0,0.6400321125984192,0.2,0.0,1.0,0.0,0.0,8.0,1.0,0.0,0.0,1.0,1.0,7,0,0.0,8,1.0,0,0.0,1.0,1,0.6666666666666667,,,,,,
S10,RealisticTTA,64,,,,,,,,,,,,,,,,,,,,,,,,0,64,1.0,0,0.0,0,0.0,1.0,1,,0.23685312271118164,0.09322894364595413,0.4325549006462097,0.21972377598285675,0.0,0.5
S10,RealisticTTA,64,,,,,,,,,,,,,,,,,,,,,,,,1,64,1.0,0,0.0,0,0.0,1.0,1,,1.5314611196517944,0.8568888902664185,2.401589870452881,0.22475790977478027,0.0,0.5
S10,RealisticTTA,64,,,,,,,,,,,,,,,,,,,,,,,,2,64,1.0,0,0.0,0,0.0,1.0,1,,3.8770389556884766,2.9058594703674316,5.33310604095459,0.2176138311624527,0.018449321389198303,0.5
S10,RealisticTTA,64,,,,,,,,,,,,,,,,,,,,,,,,3,44,0.6875,0,0.0,20,0.3125,0.6875,2,,5.990146160125732,5.046964645385742,7.778680801391602,0.21554093062877655,0.06364695727825165,0.5
S10,RealisticTTA,64,,,,,,,,,,,,,,,,,,,,,,,,4,0,0.0,9,0.140625,55,0.859375,0.859375,2,,9.731356620788574,7.652440071105957,13.705574035644531,0.2155240774154663,0.06512171030044556,0.5
S10,RealisticTTA,64,,,,,,,,,,,,,,,,,,,,,,,,5,0,0.0,64,1.0,0,0.0,1.0,1,,14.584850311279297,10.18008804321289,22.283050537109375,0.21588943898677826,0.048402562737464905,0.5
S10,RealisticTTA,64,,,,,,,,,,,,,,,,,,,,,,,,6,0,0.0,64,1.0,0,0.0,1.0,1,,21.590219497680664,13.844009399414062,33.59770584106445,0.21710270643234253,0.025053516030311584,0.5
S10,RealisticTTA,8,,,,,,,,,,,,,,,,,,,,,,,,7,0,0.0,8,1.0,0,0.0,1.0,1,,30.279983520507812,19.681669235229492,46.02607727050781,0.21776747703552246,0.016646265983581543,0.5
S11,DynaMixEMATent,64,0.016283195465803146,0.14645294845104218,0.14645294845104218,0.13016976416110992,0.8885567373059226,0.06750737815876486,0.04393588453531265,0.07060967676415031,9.3729887008667,0.19999999999999996,0.0,0.16533707082271576,0.2,0.0,1.0,64.0,1.0,0.0,0.0,0.0,0.0,1.0,1.0,0,64,1.0,0,0.0,0,0.0,1.0,1,0.6666666666666667,,,,,,
S11,DynaMixEMATent,64,0.01744742877781391,0.16596712172031403,0.16596712172031403,0.14851969480514526,0.8127900491279746,0.13741981435593123,0.04979013651609421,0.14462048820677054,19.994884490966797,0.19999999999999996,0.0,0.2140391767024994,0.2,0.0,1.0,64.0,1.0,0.0,0.0,0.0,0.0,1.0,1.0,1,64,1.0,0,0.0,0,0.0,1.0,1,0.6666666666666667,,,,,,
S11,DynaMixEMATent,64,0.03969290480017662,0.43194079399108887,0.43194079399108887,0.39224788546562195,0.5999179226617903,0.27049983914088305,0.12958223819732664,0.3107701278759133,47.639095306396484,0.19999999999999996,1.0,0.848143458366394,0.2,0.0,1.0,46.0,0.71875,3.0,0.046875,15.0,0.234375,0.71875,3.0,2,64,1.0,0,0.0,0,0.0,1.0,1,0.6666666666666667,,,,,,
S11,DynaMixEMATent,64,0.04557962715625763,0.7787174582481384,0.7787174582481384,0.7331377863883972,0.3578611934321296,0.40852356909342885,0.23361523747444152,0.5330528333407527,97.47701263427734,0.19999999999999996,1.0,0.8720831871032715,0.2,0.0,1.0,2.0,0.03125,11.0,0.171875,51.0,0.796875,0.796875,3.0,3,44,0.6875,20,0.3125,0,0.0,0.6875,2,0.3541666666666667,,,,,,
S11,DynaMixEMATent,64,0.03805268555879593,0.8635921478271484,0.8635921478271484,0.8255394697189331,0.22465381143862342,0.5162685442132321,0.2590776443481445,0.6967916952094455,152.74691009521484,0.19999999999999996,1.0,0.7450864315032959,0.2,0.0,1.0,0.0,0.0,3.0,0.046875,61.0,0.953125,0.953125,2.0,4,0,0.0,64,1.0,0,0.0,1.0,1,0.6666666666666667,,,,,,
S11,DynaMixEMATent,64,0.06535191088914871,0.7840297222137451,0.7840297222137451,0.718677818775177,0.15668737946142175,0.6081037038744547,0.23520891666412352,0.7951239457735562,202.92481231689453,0.19999999999999996,1.0,0.6267774105072021,0.2,0.0,1.0,0.0,0.0,10.0,0.15625,54.0,0.84375,0.84375,2.0,5,0,0.0,52,0.8125,12,0.1875,0.8125,2,0.4791666666666667,,,,,,
S11,DynaMixEMATent,62,0.028471071273088455,0.5710003972053528,0.5710003972053528,0.5425293445587158,0.12875735323778684,0.6999425276006074,0.17130011916160584,0.8446272815829016,238.3268369436264,0.19999999999999996,1.0,0.45818451046943665,0.2,0.0,1.0,0.0,0.0,1.0,0.016129032258064516,61.0,0.9838709677419355,0.9838709677419355,2.0,6,0,0.0,0,0.0,62,1.0,1.0,1,0.6666666666666667,,,,,,
S11,RealisticTTA,64,,,,,,,,,,,,,,,,,,,,,,,,0,64,1.0,0,0.0,0,0.0,1.0,1,,0.26356998085975647,0.1072603166103363,0.47043246030807495,0.22237779200077057,0.0,0.5
S11,RealisticTTA,64,,,,,,,,,,,,,,,,,,,,,,,,1,64,1.0,0,0.0,0,0.0,1.0,1,,1.9849852323532104,0.9118126034736633,3.3331642150878906,0.22725243866443634,0.0,0.5
S11,RealisticTTA,64,,,,,,,,,,,,,,,,,,,,,,,,2,64,1.0,0,0.0,0,0.0,1.0,1,,4.723691940307617,2.4345791339874268,7.373525619506836,0.23520946502685547,0.0,0.5
S11,RealisticTTA,64,,,,,,,,,,,,,,,,,,,,,,,,3,44,0.6875,20,0.3125,0,0.0,0.6875,2,,7.934327602386475,4.648401260375977,11.421014785766602,0.243957057595253,0.0,0.5
S11,RealisticTTA,64,,,,,,,,,,,,,,,,,,,,,,,,4,0,0.0,64,1.0,0,0.0,1.0,1,,11.722164154052734,7.537041187286377,15.896219253540039,0.250270277261734,0.0,0.5
S11,RealisticTTA,64,,,,,,,,,,,,,,,,,,,,,,,,5,0,0.0,52,0.8125,12,0.1875,0.8125,2,,16.848695755004883,11.169535636901855,22.571807861328125,0.24921314418315887,0.0,0.5
S11,RealisticTTA,62,,,,,,,,,,,,,,,,,,,,,,,,6,0,0.0,0,0.0,62,1.0,1.0,1,,24.305429458618164,16.059768676757812,33.32957077026367,0.2408265322446823,0.0,0.5
S13,DynaMixEMATent,64,0.031070267781615257,0.11999023705720901,0.11999023705720901,0.08891996741294861,0.9078682004150295,0.05613472846780784,0.0359970711171627,0.05823086920789877,7.679375171661377,0.19999999999999996,0.0,0.11471888422966003,0.2,0.0,1.0,64.0,1.0,0.0,0.0,0.0,0.0,1.0,1.0,0,64,1.0,0,0.0,0,0.0,1.0,1,0.6666666666666667,,,,,,
S13,DynaMixEMATent,64,0.003628504229709506,0.030780071392655373,0.030780071392655373,0.027151567861437798,0.9188227264909349,0.07194325209126855,0.009234021417796612,0.0726137691912071,9.64929974079132,0.19999999999999996,0.0,0.03096180222928524,0.2,0.0,1.0,64.0,1.0,0.0,0.0,0.0,0.0,1.0,1.0,1,64,1.0,0,0.0,0,0.0,1.0,1,0.6666666666666667,,,,,,
S13,DynaMixEMATent,64,0.034362390637397766,0.08426772803068161,0.08426772803068161,0.049905337393283844,0.8666462742551682,0.10807340733562729,0.025280318409204482,0.11087639798064364,15.042434334754944,0.19999999999999996,0.0,0.08984013646841049,0.2,0.0,1.0,61.0,0.953125,0.0,0.0,3.0,0.046875,0.953125,2.0,2,64,1.0,0,0.0,0,0.0,1.0,1,0.6666666666666667,,,,,,
S13,DynaMixEMATent,64,0.6002416014671326,0.9156975150108337,0.9156975150108337,0.31545591354370117,0.407974563048002,0.3173161824487479,0.2747092545032501,0.43750204234498924,73.6470752954483,0.19999999999999996,1.0,0.42730194330215454,0.2,0.0,1.0,21.0,0.328125,26.0,0.40625,17.0,0.265625,0.40625,3.0,3,44,0.6875,0,0.0,20,0.3125,0.6875,2,0.3541666666666667,,,,,,
S13,DynaMixEMATent,64,0.24334384500980377,0.47006258368492126,0.47006258368492126,0.2267187535762787,0.38197226345894086,0.4770089614355828,0.14101877510547636,0.555319426794405,103.73108065128326,0.19999999999999996,1.0,0.22095227241516113,0.2,0.0,1.0,0.0,0.0,56.0,0.875,8.0,0.125,0.875,2.0,4,0,0.0,8,0.125,56,0.875,0.875,2,0.5416666666666667,,,,,,
S13,DynaMixEMATent,64,0.23273421823978424,0.6688774228096008,0.6688774228096008,0.4361432194709778,0.2544093467811544,0.5449274263759653,0.20066322684288024,0.6817244554178079,146.53923571109772,0.19999999999999996,1.0,0.42874863743782043,0.2,0.0,1.0,0.0,0.0,35.0,0.546875,29.0,0.453125,0.546875,2.0,5,0,0.0,64,1.0,0,0.0,1.0,1,0.6666666666666667,,,,,,
S13,DynaMixEMATent,61,0.09001771360635757,0.484306663274765,0.484306663274765,0.39428895711898804,0.21596572577331416,0.6387422752442563,0.1452919989824295,0.7473222135323447,176.08194217085838,0.19999999999999996,1.0,0.49654099345207214,0.2,0.0,1.0,0.0,0.0,17.0,0.2786885245901639,44.0,0.7213114754098361,0.7213114754098361,2.0,6,0,0.0,61,1.0,0,0.0,1.0,1,0.6666666666666667,,,,,,
S13,RealisticTTA,64,,,,,,,,,,,,,,,,,,,,,,,,0,64,1.0,0,0.0,0,0.0,1.0,1,,0.2161283642053604,0.09895206987857819,0.3562353253364563,0.23202018439769745,0.0,0.5
S13,RealisticTTA,64,,,,,,,,,,,,,,,,,,,,,,,,1,64,1.0,0,0.0,0,0.0,1.0,1,,1.7685619592666626,0.8444532752037048,2.8097035884857178,0.23790834844112396,0.0,0.5
S13,RealisticTTA,64,,,,,,,,,,,,,,,,,,,,,,,,2,64,1.0,0,0.0,0,0.0,1.0,1,,4.4024658203125,2.22860050201416,6.696667671203613,0.24450838565826416,0.0,0.5
S13,RealisticTTA,64,,,,,,,,,,,,,,,,,,,,,,,,3,44,0.6875,0,0.0,20,0.3125,0.6875,2,,6.635010242462158,4.152663230895996,8.56722640991211,0.2748647928237915,0.0,0.5
S13,RealisticTTA,64,,,,,,,,,,,,,,,,,,,,,,,,4,0,0.0,8,0.125,56,0.875,0.875,2,,9.846831321716309,6.724211692810059,12.028242111206055,0.2815365195274353,0.0,0.49073857069015503
S13,RealisticTTA,64,,,,,,,,,,,,,,,,,,,,,,,,5,0,0.0,64,1.0,0,0.0,1.0,1,,10.474395751953125,7.503694534301758,14.203804016113281,0.22731755673885345,0.0,0.5
S13,RealisticTTA,61,,,,,,,,,,,,,,,,,,,,,,,,6,0,0.0,61,1.0,0,0.0,1.0,1,,17.416629791259766,12.27491569519043,24.168724060058594,0.22309231758117676,0.0,0.5
S14,DynaMixEMATent,64,0.0035747261717915535,0.03347034379839897,0.03347034379839897,0.029895618557929993,0.973529621361509,0.016429275498971337,0.010041103139519692,0.016595916811369182,2.142102003097534,0.19999999999999996,0.0,0.04922167956829071,0.2,0.0,1.0,64.0,1.0,0.0,0.0,0.0,0.0,1.0,1.0,0,64,1.0,0,0.0,0,0.0,1.0,1,0.6666666666666667,,,,,,
S14,DynaMixEMATent,64,0.12192238867282867,0.548827052116394,0.548827052116394,0.4269046485424042,0.624345784379185,0.21100609998589678,0.1646481156349182,0.25259546777257136,37.26703333854675,0.19999999999999996,1.0,0.6131659150123596,0.2,0.0,1.0,33.0,0.515625,15.0,0.234375,16.0,0.25,0.515625,3.0,1,64,1.0,0,0.0,0,0.0,1.0,1,0.6666666666666667,,,,,,
S14,DynaMixEMATent,64,0.14392238855361938,0.7986382842063904,0.7986382842063904,0.654715895652771,0.38122431997111683,0.3791841947669661,0.2395914852619171,0.4986585334299857,88.37988352775574,0.19999999999999996,1.0,0.9369568824768066,0.2,0.0,1.0,26.0,0.40625,16.0,0.25,22.0,0.34375,0.40625,3.0,2,64,1.0,0,0.0,0,0.0,1.0,1,0.6666666666666667,,,,,,
S14,DynaMixEMATent,64,0.35520118474960327,0.9881347417831421,0.9881347417831421,0.6329335570335388,0.21521065717384616,0.48834892029121124,0.2964404225349426,0.6941116799955229,151.62050700187683,0.19999999999999996,1.0,0.6119124293327332,0.2,0.0,1.0,29.0,0.453125,32.0,0.5,3.0,0.046875,0.5,3.0,3,44,0.6875,20,0.3125,0,0.0,0.6875,2,0.3541666666666667,,,,,,
S14,DynaMixEMATent,64,0.23552332818508148,0.6366139650344849,0.6366139650344849,0.4010906517505646,0.18000349487044137,0.6290123156192132,0.19098418951034546,0.7775031185589627,192.36380076408386,0.19999999999999996,1.0,0.40554335713386536,0.2,0.0,1.0,0.0,0.0,43.0,0.671875,21.0,0.328125,0.671875,2.0,4,0,0.0,64,1.0,0,0.0,1.0,1,0.6666666666666667,,,,,,
S14,DynaMixEMATent,64,0.21093221008777618,0.6571334600448608,0.6571334600448608,0.44620126485824585,0.12860830395749254,0.6742516580290492,0.19714003801345825,0.8398122835279107,234.42034220695496,0.19999999999999996,1.0,0.5403560996055603,0.2,0.0,1.0,0.0,0.0,42.0,0.65625,22.0,0.34375,0.65625,2.0,5,0,0.0,51,0.796875,13,0.203125,0.796875,2,0.4635416666666667,,,,,,
S14,DynaMixEMATent,61,0.08238831162452698,0.45011603832244873,0.45011603832244873,0.36772772669792175,0.11180674765686285,0.7531584408464026,0.1350348114967346,0.8707384422599329,261.87742054462433,0.19999999999999996,1.0,0.528846263885498,0.2,0.0,1.0,0.0,0.0,58.0,0.9508196721311475,3.0,0.04918032786885246,0.9508196721311475,2.0,6,0,0.0,0,0.0,61,1.0,1.0,1,0.6666666666666667,,,,,,
S14,RealisticTTA,64,,,,,,,,,,,,,,,,,,,,,,,,0,64,1.0,0,0.0,0,0.0,1.0,1,,0.2681252956390381,0.1052139475941658,0.48147743940353394,0.2233448028564453,0.0,0.5
S14,RealisticTTA,64,,,,,,,,,,,,,,,,,,,,,,,,1,64,1.0,0,0.0,0,0.0,1.0,1,,1.7906655073165894,0.903093695640564,2.7855920791625977,0.23841559886932373,0.0,0.5
S14,RealisticTTA,64,,,,,,,,,,,,,,,,,,,,,,,,2,64,1.0,0,0.0,0,0.0,1.0,1,,4.028463840484619,2.293459892272949,5.740139484405518,0.2513814866542816,0.0,0.5
S14,RealisticTTA,64,,,,,,,,,,,,,,,,,,,,,,,,3,44,0.6875,20,0.3125,0,0.0,0.6875,2,,5.957946300506592,4.112669944763184,7.48377799987793,0.2690873146057129,0.0,0.5
S14,RealisticTTA,64,,,,,,,,,,,,,,,,,,,,,,,,4,0,0.0,64,1.0,0,0.0,1.0,1,,8.1787748336792,6.184636116027832,10.369047164916992,0.24046353995800018,0.0,0.5
S14,RealisticTTA,64,,,,,,,,,,,,,,,,,,,,,,,,5,0,0.0,51,0.796875,13,0.203125,0.796875,2,,12.371367454528809,9.057366371154785,16.742229461669922,0.2226918488740921,0.0,0.5
S14,RealisticTTA,61,,,,,,,,,,,,,,,,,,,,,,,,6,0,0.0,0,0.0,61,1.0,1.0,1,,18.541885375976562,13.232715606689453,25.699222564697266,0.2206893414258957,0.0,0.5
S15,DynaMixEMATent,64,0.025670869275927544,0.1083436831831932,0.1083436831831932,0.08267281204462051,0.9164801183718759,0.05101677667316612,0.03250310495495796,0.05273068775150025,6.933995723724365,0.19999999999999996,0.0,0.10161814093589783,0.2,0.0,1.0,63.0,0.984375,0.0,0.0,1.0,0.015625,0.984375,2.0,0,64,1.0,0,0.0,0,0.0,1.0,1,0.6666666666666667,,,,,,
S15,DynaMixEMATent,64,0.02533128298819065,0.18009960651397705,0.18009960651397705,0.15476831793785095,0.8189224051966243,0.12704771284918256,0.054029881954193115,0.13430415023218578,18.460370540618896,0.19999999999999996,0.0,0.33151647448539734,0.2,0.0,1.0,63.0,0.984375,0.0,0.0,1.0,0.015625,0.984375,2.0,1,64,1.0,0,0.0,0,0.0,1.0,1,0.6666666666666667,,,,,,
S15,DynaMixEMATent,64,0.04205707460641861,0.26016342639923096,0.26016342639923096,0.21810635924339294,0.7007762775186593,0.22117469456157135,0.07804902791976928,0.239898542611791,35.11082983016968,0.19999999999999996,1.0,0.6756058931350708,0.2,0.0,1.0,51.0,0.796875,10.0,0.15625,3.0,0.046875,0.796875,3.0,2,64,1.0,0,0.0,0,0.0,1.0,1,0.6666666666666667,,,,,,
S15,DynaMixEMATent,64,0.3425694406032562,0.7860745191574097,0.7860745191574097,0.44350507855415344,0.39207755443431513,0.372100089818462,0.23582235574722288,0.4869287823544044,85.4195990562439,0.19999999999999996,1.0,0.8070900440216064,0.2,0.0,1.0,14.0,0.21875,39.0,0.609375,11.0,0.171875,0.609375,3.0,3,43,0.671875,0,0.0,21,0.328125,0.671875,2,0.3385416666666667,,,,,,
S15,DynaMixEMATent,64,0.27493590116500854,0.806455671787262,0.806455671787262,0.5315197706222534,0.259874399602472,0.49818889886134937,0.24193670153617858,0.6571864115713095,137.03276205062866,0.19999999999999996,1.0,0.4094928801059723,0.2,0.0,1.0,0.0,0.0,24.0,0.375,40.0,0.625,0.625,2.0,4,0,0.0,10,0.15625,54,0.84375,0.84375,2,0.5104166666666667,,,,,,
S15,DynaMixEMATent,64,0.0717974305152893,0.3901381492614746,0.3901381492614746,0.3183407187461853,0.24904677619386828,0.6339117790276894,0.11704144477844237,0.7179405820113767,162.00160360336304,0.19999999999999996,1.0,0.33629268407821655,0.2,0.0,1.0,0.0,0.0,63.0,0.984375,1.0,0.015625,0.984375,2.0,5,0,0.0,64,1.0,0,0.0,1.0,1,0.6666666666666667,,,,,,
S15,DynaMixEMATent,63,0.05974758788943291,0.3366488814353943,0.3366488814353943,0.2769013047218323,0.21485364383428698,0.6841516917350947,0.10099466443061829,0.7610096010184297,183.21048313379288,0.19999999999999996,1.0,0.3526148796081543,0.2,0.0,1.0,0.0,0.0,54.0,0.8571428571428571,9.0,0.14285714285714285,0.8571428571428571,2.0,6,0,0.0,63,1.0,0,0.0,1.0,1,0.6666666666666667,,,,,,
S15,RealisticTTA,64,,,,,,,,,,,,,,,,,,,,,,,,0,64,1.0,0,0.0,0,0.0,1.0,1,,0.21942166984081268,0.09372779726982117,0.38454675674438477,0.22305648028850555,0.0,0.5
S15,RealisticTTA,64,,,,,,,,,,,,,,,,,,,,,,,,1,64,1.0,0,0.0,0,0.0,1.0,1,,1.5543409585952759,0.8722145557403564,2.536954402923584,0.21833789348602295,0.010511845350265503,0.5
S15,RealisticTTA,64,,,,,,,,,,,,,,,,,,,,,,,,2,64,1.0,0,0.0,0,0.0,1.0,1,,4.465157985687256,3.314788341522217,6.079992771148682,0.21887367963790894,0.005384981632232666,0.5
S15,RealisticTTA,64,,,,,,,,,,,,,,,,,,,,,,,,3,43,0.671875,0,0.0,21,0.328125,0.671875,2,,7.178836345672607,5.57878303527832,9.351787567138672,0.22002482414245605,0.0,0.5
S15,RealisticTTA,64,,,,,,,,,,,,,,,,,,,,,,,,4,0,0.0,10,0.15625,54,0.84375,0.84375,2,,9.80150318145752,7.905348777770996,13.150997161865234,0.21582400798797607,0.05043329298496246,0.5
S15,RealisticTTA,64,,,,,,,,,,,,,,,,,,,,,,,,5,0,0.0,64,1.0,0,0.0,1.0,1,,13.784411430358887,9.87856674194336,19.871593475341797,0.2170276641845703,0.026117265224456787,0.5
S15,RealisticTTA,63,,,,,,,,,,,,,,,,,,,,,,,,6,0,0.0,63,1.0,0,0.0,1.0,1,,19.858991622924805,12.324394226074219,31.04068374633789,0.21778690814971924,0.016422942280769348,0.5
S16,DynaMixEMATent,64,0.03490421175956726,0.08527723699808121,0.08527723699808121,0.050373028963804245,0.9337423553262962,0.04067447357427942,0.025583171099424363,0.04174237591952512,5.457743167877197,0.19999999999999996,0.0,0.048962026834487915,0.2,0.0,1.0,64.0,1.0,0.0,0.0,0.0,0.0,1.0,1.0,0,64,1.0,0,0.0,0,0.0,1.0,1,0.6666666666666667,,,,,,
S16,DynaMixEMATent,64,0.004384742118418217,0.03518008813261986,0.03518008813261986,0.030795346945524216,0.9316120766321376,0.05783389692807643,0.010554026439785957,0.05845078809101534,7.709268808364868,0.19999999999999996,0.0,0.0377473458647728,0.2,0.0,1.0,64.0,1.0,0.0,0.0,0.0,0.0,1.0,1.0,1,64,1.0,0,0.0,0,0.0,1.0,1,0.6666666666666667,,,,,,
S16,DynaMixEMATent,64,0.0013570114970207214,0.01565198227763176,0.01565198227763176,0.014294969849288464,0.9298227454186933,0.06548165989801727,0.004695594683289527,0.06579058582301833,8.7109956741333,0.19999999999999996,0.0,0.02730494923889637,0.2,0.0,1.0,64.0,1.0,0.0,0.0,0.0,0.0,1.0,1.0,2,64,1.0,0,0.0,0,0.0,1.0,1,0.6666666666666667,,,,,,
S16,DynaMixEMATent,64,0.544975996017456,0.5979365706443787,0.5979365706443787,0.05296057090163231,0.5685197366254332,0.25209929218125315,0.1793809711933136,0.30720624715203904,46.978936195373535,0.19999999999999996,1.0,0.17134742438793182,0.2,0.0,1.0,41.0,0.640625,21.0,0.328125,2.0,0.03125,0.640625,3.0,3,44,0.6875,20,0.3125,0,0.0,0.6875,2,0.3541666666666667,,,,,,
S16,DynaMixEMATent,64,0.00447050342336297,0.014442067593336105,0.014442067593336105,0.009971563704311848,0.6848290690456207,0.3108383106763785,0.004332620278000831,0.3121909153669048,47.903228521347046,0.19999999999999996,0.0,0.002705400111153722,0.2,0.0,1.0,0.0,0.0,64.0,1.0,0.0,0.0,1.0,1.0,4,0,0.0,64,1.0,0,0.0,1.0,1,0.6666666666666667,,,,,,
S16,DynaMixEMATent,64,0.010043096728622913,0.03752431273460388,0.03752431273460388,0.027481216937303543,0.6674256598459181,0.32131704633370073,0.011257293820381164,0.3249753897808567,50.304784536361694,0.19999999999999996,0.0,0.1125776544213295,0.2,0.0,1.0,0.0,0.0,64.0,1.0,0.0,0.0,1.0,1.0,5,0,0.0,50,0.78125,14,0.21875,0.78125,2,0.4479166666666667,,,,,,
S16,DynaMixEMATent,60,0.008143177255988121,0.08600974082946777,0.08600974082946777,0.0778665691614151,0.631621565808749,0.34257551194241076,0.025802922248840333,0.3516490859664796,55.46536898612976,0.19999999999999996,0.0,0.6593358516693115,0.2,0.0,1.0,0.0,0.0,40.0,0.6666666666666666,20.0,0.3333333333333333,0.6666666666666666,2.0,6,0,0.0,0,0.0,60,1.0,1.0,1,0.6666666666666667,,,,,,
S16,RealisticTTA,64,,,,,,,,,,,,,,,,,,,,,,,,0,64,1.0,0,0.0,0,0.0,1.0,1,,0.21565449237823486,0.09009750187397003,0.3884504437446594,0.21932107210159302,0.0014692991971969604,0.5
S16,RealisticTTA,64,,,,,,,,,,,,,,,,,,,,,,,,1,64,1.0,0,0.0,0,0.0,1.0,1,,1.6763590574264526,0.8134605884552002,2.7744650840759277,0.2260286808013916,0.0,0.5
S16,RealisticTTA,64,,,,,,,,,,,,,,,,,,,,,,,,2,64,1.0,0,0.0,0,0.0,1.0,1,,4.293030261993408,2.252232551574707,6.698443412780762,0.2334269881248474,0.0,0.5
S16,RealisticTTA,64,,,,,,,,,,,,,,,,,,,,,,,,3,44,0.6875,20,0.3125,0,0.0,0.6875,2,,4.8502607345581055,2.8146936893463135,7.343082427978516,0.22969673573970795,0.0,0.5
S16,RealisticTTA,64,,,,,,,,,,,,,,,,,,,,,,,,4,0,0.0,64,1.0,0,0.0,1.0,1,,7.602095127105713,5.659409046173096,10.994930267333984,0.21589398384094238,0.04826799035072327,0.5
S16,RealisticTTA,64,,,,,,,,,,,,,,,,,,,,,,,,5,0,0.0,50,0.78125,14,0.21875,0.78125,2,,16.70567512512207,13.448799133300781,19.685007095336914,0.2590578496456146,0.0,0.5
S16,RealisticTTA,60,,,,,,,,,,,,,,,,,,,,,,,,6,0,0.0,0,0.0,60,1.0,1.0,1,,21.946443557739258,17.84494400024414,26.03696060180664,0.250273734331131,0.0,0.5
S17,DynaMixEMATent,64,0.0032022963277995586,0.03007838875055313,0.03007838875055313,0.026876091957092285,0.9761845039468015,0.0147919794280326,0.009023516625165939,0.014926670487333427,1.9250168800354004,0.19999999999999996,0.0,0.04383312165737152,0.2,0.0,1.0,64.0,1.0,0.0,0.0,0.0,0.0,1.0,1.0,0,64,1.0,0,0.0,0,0.0,1.0,1,0.6666666666666667,,,,,,
S17,DynaMixEMATent,64,0.006747908424586058,0.08062177151441574,0.08062177151441574,0.0738738626241684,0.9232696801967257,0.052543788348949544,0.02418653145432472,0.05384613970050989,7.084810256958008,0.19999999999999996,0.0,0.09342554211616516,0.2,0.0,1.0,64.0,1.0,0.0,0.0,0.0,0.0,1.0,1.0,1,64,1.0,0,0.0,0,0.0,1.0,1,0.6666666666666667,,,,,,
S17,DynaMixEMATent,64,0.025210268795490265,0.3681884706020355,0.3681884706020355,0.34297817945480347,0.7001286109257897,0.1894148478935997,0.11045654118061066,0.212934900499401,30.64887237548828,0.19999999999999996,1.0,0.7929312586784363,0.2,0.0,1.0,62.0,0.96875,2.0,0.03125,0.0,0.0,0.96875,2.0,2,64,1.0,0,0.0,0,0.0,1.0,1,0.6666666666666667,,,,,,
S17,DynaMixEMATent,64,0.32324978709220886,0.8974447846412659,0.8974447846412659,0.5741950273513794,0.3672076030238515,0.3635589615837687,0.26923343539237976,0.4975035520118234,88.0853385925293,0.19999999999999996,1.0,0.8400935530662537,0.2,0.0,1.0,15.0,0.234375,16.0,0.25,33.0,0.515625,0.515625,3.0,3,45,0.703125,0,0.0,19,0.296875,0.703125,2,0.3697916666666667,,,,,,
S17,DynaMixEMATent,64,0.02283441089093685,0.7843061089515686,0.7843061089515686,0.761471688747406,0.2596084457950005,0.505099721519529,0.23529183268547058,0.6605130468180003,138.2809295654297,0.19999999999999996,1.0,0.7190595269203186,0.2,0.0,1.0,0.0,0.0,15.0,0.234375,49.0,0.765625,0.765625,2.0,4,0,0.0,9,0.140625,55,0.859375,0.859375,2,0.5260416666666667,,,,,,
S17,DynaMixEMATent,64,0.027676677331328392,0.6842892169952393,0.6842892169952393,0.6566125750541687,0.19162052193842036,0.6030927129630078,0.20528676509857177,0.758880922673714,182.075439453125,0.19999999999999996,1.0,0.6678779125213623,0.2,0.0,1.0,0.0,0.0,39.0,0.609375,25.0,0.390625,0.609375,2.0,5,0,0.0,64,1.0,0,0.0,1.0,1,0.6666666666666667,,,,,,
S17,DynaMixEMATent,64,0.03259766846895218,0.6919306516647339,0.6919306516647339,0.6593329906463623,0.13518752288119493,0.6572332816193849,0.20757919549942017,0.8293993265782612,226.35900115966797,0.19999999999999996,1.0,0.6698479652404785,0.2,0.0,1.0,0.0,0.0,56.0,0.875,8.0,0.125,0.875,2.0,6,0,0.0,64,1.0,0,0.0,1.0,1,0.6666666666666667,,,,,,
S17,DynaMixEMATent,8,0.019083037972450256,0.6760720610618591,0.6760720610618591,0.6569890379905701,0.13037230862666985,0.6668060730547725,0.20282161831855774,0.8364577971222914,231.76757764816284,0.19999999999999996,1.0,0.7058216333389282,0.2,0.0,1.0,0.0,0.0,7.0,0.875,1.0,0.125,0.875,2.0,7,0,0.0,8,1.0,0,0.0,1.0,1,0.6666666666666667,,,,,,
S17,RealisticTTA,64,,,,,,,,,,,,,,,,,,,,,,,,0,64,1.0,0,0.0,0,0.0,1.0,1,,0.2818584442138672,0.10294350981712341,0.5359371900558472,0.21862685680389404,0.007681012153625488,0.5
S17,RealisticTTA,64,,,,,,,,,,,,,,,,,,,,,,,,1,64,1.0,0,0.0,0,0.0,1.0,1,,1.917783260345459,0.8814429044723511,3.3599696159362793,0.21906590461730957,0.0036658048629760742,0.5
S17,RealisticTTA,64,,,,,,,,,,,,,,,,,,,,,,,,2,64,1.0,0,0.0,0,0.0,1.0,1,,4.317949295043945,2.395998001098633,6.862095832824707,0.22235584259033203,0.0,0.5
S17,RealisticTTA,64,,,,,,,,,,,,,,,,,,,,,,,,3,45,0.703125,0,0.0,19,0.296875,0.703125,2,,7.036869049072266,4.478288650512695,10.272844314575195,0.22661209106445312,0.0,0.5
S17,RealisticTTA,64,,,,,,,,,,,,,,,,,,,,,,,,4,0,0.0,9,0.140625,55,0.859375,0.859375,2,,11.100092887878418,7.029293537139893,16.292495727539062,0.2258104830980301,0.0,0.5
S17,RealisticTTA,64,,,,,,,,,,,,,,,,,,,,,,,,5,0,0.0,64,1.0,0,0.0,1.0,1,,18.218137741088867,10.437788963317871,28.318862915039062,0.22415609657764435,0.0,0.5
S17,RealisticTTA,64,,,,,,,,,,,,,,,,,,,,,,,,6,0,0.0,64,1.0,0,0.0,1.0,1,,27.959373474121094,14.960805892944336,45.04021453857422,0.22303204238414764,0.0,0.5
S17,RealisticTTA,8,,,,,,,,,,,,,,,,,,,,,,,,7,0,0.0,8,1.0,0,0.0,1.0,1,,39.612396240234375,20.81033706665039,64.22344970703125,0.22339193522930145,0.0,0.5
S2,DynaMixEMATent,64,0.0032719303853809834,0.023137448355555534,0.023137448355555534,0.01986551843583584,0.9816365402210555,0.011422225272277873,0.00694123450666666,0.011502063794385342,1.4807966947555542,0.19999999999999996,0.0,0.022667746990919113,0.2,0.0,1.0,64.0,1.0,0.0,0.0,0.0,0.0,1.0,1.0,0,64,1.0,0,0.0,0,0.0,1.0,1,0.6666666666666667,,,,,,
S2,DynaMixEMATent,64,0.004838692955672741,0.03802860900759697,0.03802860900759697,0.033189915120601654,0.9588149458141945,0.029776471483526516,0.011408582702279091,0.03012009912539948,3.9146276712417603,0.19999999999999996,0.0,0.031350668519735336,0.2,0.0,1.0,64.0,1.0,0.0,0.0,0.0,0.0,1.0,1.0,1,64,1.0,0,0.0,0,0.0,1.0,1,0.6666666666666667,,,,,,
S2,DynaMixEMATent,64,0.006053311750292778,0.05874742195010185,0.05874742195010185,0.052694108337163925,0.9252066859478092,0.057169087467160186,0.017624226585030555,0.05819472447740337,7.674462676048279,0.19999999999999996,0.0,0.06024167686700821,0.2,0.0,1.0,64.0,1.0,0.0,0.0,0.0,0.0,1.0,1.0,2,64,1.0,0,0.0,0,0.0,1.0,1,0.6666666666666667,,,,,,
S2,DynaMixEMATent,64,0.138914093375206,0.25291645526885986,0.25291645526885986,0.11400236189365387,0.7669583099624229,0.15716675345691924,0.07587493658065796,0.17007086992683518,23.86111581325531,0.19999999999999996,1.0,0.20153287053108215,0.2,0.0,1.0,55.0,0.859375,0.0,0.0,9.0,0.140625,0.859375,2.0,3,37,0.578125,27,0.421875,0,0.0,0.578125,2,0.24479166666666669,,,,,,
S2,DynaMixEMATent,64,0.011399715207517147,0.07646117359399796,0.07646117359399796,0.06506145745515823,0.780476160157098,0.19658548776470258,0.022938352078199387,0.2012007002657793,28.75463092327118,0.19999999999999996,0.0,0.27899426221847534,0.2,0.0,1.0,62.0,0.96875,0.0,0.0,2.0,0.03125,0.96875,2.0,4,0,0.0,64,1.0,0,0.0,1.0,1,0.6666666666666667,,,,,,
S2,DynaMixEMATent,64,0.13511355221271515,0.4102831184864044,0.4102831184864044,0.27516958117485046,0.5705626769866313,0.3063523874674473,0.12308493554592131,0.3493524058207008,55.01275050640106,0.19999999999999996,1.0,0.4558902382850647,0.2,0.0,1.0,18.0,0.28125,0.0,0.0,46.0,0.71875,0.71875,2.0,5,0,0.0,32,0.5,32,0.5,0.5,2,0.16666666666666669,,,,,,
S2,DynaMixEMATent,40,0.02292679250240326,0.13927613198757172,0.13927613198757172,0.11634933948516846,0.5969083169859414,0.3613088434177871,0.041782839596271514,0.3770636327004995,60.58379578590393,0.19999999999999996,0.0,0.6446975469589233,0.2,0.0,1.0,16.0,0.4,0.0,0.0,24.0,0.6,0.6,2.0,6,0,0.0,0,0.0,40,1.0,1.0,1,0.6666666666666667,,,,,,
S2,RealisticTTA,64,,,,,,,,,,,,,,,,,,,,,,,,0,64,1.0,0,0.0,0,0.0,1.0,1,,0.2976387143135071,0.11517083644866943,0.5454421043395996,0.2200237512588501,0.0,0.5
S2,RealisticTTA,64,,,,,,,,,,,,,,,,,,,,,,,,1,64,1.0,0,0.0,0,0.0,1.0,1,,2.249840497970581,1.0445743799209595,3.800673723220825,0.22498933970928192,0.0,0.5
S2,RealisticTTA,64,,,,,,,,,,,,,,,,,,,,,,,,2,64,1.0,0,0.0,0,0.0,1.0,1,,6.20296049118042,3.08031964302063,10.04041576385498,0.22936008870601654,0.0,0.5
S2,RealisticTTA,64,,,,,,,,,,,,,,,,,,,,,,,,3,37,0.578125,27,0.421875,0,0.0,0.578125,2,,9.421833992004395,4.848997116088867,14.787664413452148,0.23386652767658234,0.0,0.5
S2,RealisticTTA,64,,,,,,,,,,,,,,,,,,,,,,,,4,0,0.0,64,1.0,0,0.0,1.0,1,,14.186233520507812,7.736800670623779,21.16935920715332,0.2419089823961258,0.0,0.5
S2,RealisticTTA,64,,,,,,,,,,,,,,,,,,,,,,,,5,0,0.0,32,0.5,32,0.5,0.5,2,,20.45357894897461,12.150062561035156,28.709430694580078,0.2505875527858734,0.0,0.5
S2,RealisticTTA,40,,,,,,,,,,,,,,,,,,,,,,,,6,0,0.0,0,0.0,40,1.0,1.0,1,,30.590972900390625,19.0074462890625,42.148681640625,0.2502277195453644,0.0,0.5
S3,DynaMixEMATent,64,0.014016435481607914,0.08264516294002533,0.08264516294002533,0.06862872838973999,0.9357296617555493,0.03947678936244311,0.024793548882007597,0.040480443209933936,5.289290428161621,0.19999999999999996,0.0,0.07060077786445618,0.2,0.0,1.0,64.0,1.0,0.0,0.0,0.0,0.0,1.0,1.0,0,64,1.0,0,0.0,0,0.0,1.0,1,0.6666666666666667,,,,,,
S3,DynaMixEMATent,64,0.006024194415658712,0.04345805197954178,0.04345805197954178,0.03743385896086693,0.9266542538973476,0.06030833050878991,0.013037415593862534,0.061104981548087633,8.070605754852295,0.19999999999999996,0.0,0.04575078561902046,0.2,0.0,1.0,64.0,1.0,0.0,0.0,0.0,0.0,1.0,1.0,1,64,1.0,0,0.0,0,0.0,1.0,1,0.6666666666666667,,,,,,
S3,DynaMixEMATent,64,0.01565997302532196,0.07571789622306824,0.07571789622306824,0.06005792319774628,0.883478879342538,0.0938057517905415,0.02271536886692047,0.09598611172446414,12.916551113128662,0.19999999999999996,0.0,0.09098128229379654,0.2,0.0,1.0,64.0,1.0,0.0,0.0,0.0,0.0,1.0,1.0,2,64,1.0,0,0.0,0,0.0,1.0,1,0.6666666666666667,,,,,,
S3,DynaMixEMATent,64,0.2993881404399872,0.47468817234039307,0.47468817234039307,0.17530003190040588,0.6114759504506286,0.24611759784725343,0.1424064517021179,0.2869862982711775,43.29659414291382,0.19999999999999996,1.0,0.1724555641412735,0.2,0.0,1.0,39.0,0.609375,25.0,0.390625,0.0,0.0,0.609375,2.0,3,36,0.5625,28,0.4375,0,0.0,0.5625,2,0.22916666666666669,,,,,,
S3,DynaMixEMATent,64,0.2445443868637085,0.693192720413208,0.693192720413208,0.4486483335494995,0.39932021980552795,0.3927219640705097,0.20795781612396239,0.49583465636721,87.66092824935913,0.19999999999999996,1.0,0.35576149821281433,0.2,0.0,1.0,1.0,0.015625,63.0,0.984375,0.0,0.0,0.984375,2.0,4,0,0.0,64,1.0,0,0.0,1.0,1,0.6666666666666667,,,,,,
S3,DynaMixEMATent,64,0.12317392975091934,0.40393736958503723,0.40393736958503723,0.2807634174823761,0.36204156800415815,0.5167772211203308,0.12118121087551116,0.5880361543420833,113.51291990280151,0.19999999999999996,1.0,0.4286056160926819,0.2,0.0,1.0,1.0,0.015625,63.0,0.984375,0.0,0.0,0.984375,2.0,5,0,0.0,36,0.5625,28,0.4375,0.5625,2,0.22916666666666669,,,,,,
S3,DynaMixEMATent,47,0.32449856400489807,0.6540237069129944,0.6540237069129944,0.3295251429080963,0.26044002836724994,0.5433528595588518,0.19620711207389832,0.6759861498162522,144.25203412771225,0.19999999999999996,1.0,0.45919978618621826,0.2,0.0,1.0,1.0,0.02127659574468085,46.0,0.9787234042553191,0.0,0.0,0.9787234042553191,2.0,6,0,0.0,0,0.0,47,1.0,1.0,1,0.6666666666666667,,,,,,
S3,RealisticTTA,64,,,,,,,,,,,,,,,,,,,,,,,,0,64,1.0,0,0.0,0,0.0,1.0,1,,0.2106417566537857,0.10083351284265518,0.3601871728897095,0.21977122128009796,0.0,0.5
S3,RealisticTTA,64,,,,,,,,,,,,,,,,,,,,,,,,1,64,1.0,0,0.0,0,0.0,1.0,1,,1.7512413263320923,1.0121785402297974,2.8360562324523926,0.2179822474718094,0.014240831136703491,0.5
S3,RealisticTTA,64,,,,,,,,,,,,,,,,,,,,,,,,2,64,1.0,0,0.0,0,0.0,1.0,1,,4.806396484375,3.042229413986206,7.444943904876709,0.21765433251857758,0.01796656847000122,0.5
S3,RealisticTTA,64,,,,,,,,,,,,,,,,,,,,,,,,3,36,0.5625,28,0.4375,0,0.0,0.5625,2,,6.406444072723389,5.175020217895508,8.327157974243164,0.21701651811599731,0.026278093457221985,0.5
S3,RealisticTTA,64,,,,,,,,,,,,,,,,,,,,,,,,4,0,0.0,64,1.0,0,0.0,1.0,1,,8.167960166931152,6.0269341468811035,10.750764846801758,0.23115567862987518,0.0,0.5
S3,RealisticTTA,64,,,,,,,,,,,,,,,,,,,,,,,,5,0,0.0,36,0.5625,28,0.4375,0.5625,2,,12.785731315612793,9.19771671295166,16.861291885375977,0.23709194362163544,0.0,0.5
S3,RealisticTTA,47,,,,,,,,,,,,,,,,,,,,,,,,6,0,0.0,0,0.0,47,1.0,1.0,1,,17.25153160095215,14.113265037536621,19.26267433166504,0.282989501953125,0.0,0.4736346900463104
S4,DynaMixEMATent,64,0.0038100075908005238,0.025264937430620193,0.025264937430620193,0.021454928442835808,0.9799626501008138,0.01245786867000008,0.007579481229186058,0.012553014004013208,1.6169559955596924,0.19999999999999996,0.0,0.021855046972632408,0.2,0.0,1.0,64.0,1.0,0.0,0.0,0.0,0.0,1.0,1.0,0,64,1.0,0,0.0,0,0.0,1.0,1,0.6666666666666667,,,,,,
S4,DynaMixEMATent,64,0.02596173994243145,0.10713175684213638,0.10713175684213638,0.08117002248764038,0.9058643676303908,0.061996105316968315,0.032139527052640914,0.06405479617136944,8.473388433456421,0.19999999999999996,0.0,0.1373828947544098,0.2,0.0,1.0,64.0,1.0,0.0,0.0,0.0,0.0,1.0,1.0,1,64,1.0,0,0.0,0,0.0,1.0,1,0.6666666666666667,,,,,,
S4,DynaMixEMATent,64,0.1869584023952484,0.8566188812255859,0.8566188812255859,0.6696605086326599,0.45314291031427484,0.2898714253180494,0.2569856643676758,0.3901289805819983,63.29699683189392,0.19999999999999996,1.0,0.7308570146560669,0.2,0.0,1.0,11.0,0.171875,50.0,0.78125,3.0,0.046875,0.78125,3.0,2,64,1.0,0,0.0,0,0.0,1.0,1,0.6666666666666667,,,,,,
S4,DynaMixEMATent,64,0.20301517844200134,0.683825671672821,0.683825671672821,0.4808105230331421,0.34437655170496834,0.4504757467931853,0.2051477015018463,0.5667414532792368,107.06183981895447,0.19999999999999996,1.0,0.4987315535545349,0.2,0.0,1.0,0.0,0.0,36.0,0.5625,28.0,0.4375,0.5625,2.0,3,40,0.625,0,0.0,24,0.375,0.625,2,0.2916666666666667,,,,,,
S4,DynaMixEMATent,64,0.056064385920763016,0.2834608256816864,0.2834608256816864,0.22739644348621368,0.34403081340218694,0.570930938893307,0.08503824770450592,0.6239943226707912,125.2033326625824,0.19999999999999996,1.0,0.23327594995498657,0.2,0.0,1.0,0.0,0.0,64.0,1.0,0.0,0.0,1.0,1.0,4,0,0.0,13,0.203125,51,0.796875,0.796875,2,0.4635416666666667,,,,,,
S4,DynaMixEMATent,64,0.02706168219447136,0.08438107371330261,0.08438107371330261,0.057319387793540955,0.3513466925630364,0.6233389853229728,0.025314322113990782,0.6395282083911703,130.60372138023376,0.19999999999999996,0.0,0.09846052527427673,0.2,0.0,1.0,0.0,0.0,64.0,1.0,0.0,0.0,1.0,1.0,5,0,0.0,64,1.0,0,0.0,1.0,1,0.6666666666666667,,,,,,
S4,DynaMixEMATent,50,0.025010550394654274,0.08493613451719284,0.08493613451719284,0.05992558225989342,0.33982284201769225,0.63469631762715,0.025480840355157852,0.6512917794848295,134.8505281060934,0.19999999999999996,0.0,0.26538923382759094,0.2,0.0,1.0,0.0,0.0,50.0,1.0,0.0,0.0,1.0,1.0,6,0,0.0,50,1.0,0,0.0,1.0,1,0.6666666666666667,,,,,,
S4,RealisticTTA,64,,,,,,,,,,,,,,,,,,,,,,,,0,64,1.0,0,0.0,0,0.0,1.0,1,,0.2752712368965149,0.1057986170053482,0.5133805871009827,0.21885432302951813,0.005561143159866333,0.5
S4,RealisticTTA,64,,,,,,,,,,,,,,,,,,,,,,,,1,64,1.0,0,0.0,0,0.0,1.0,1,,1.828248143196106,0.8648650646209717,3.078019142150879,0.22422528266906738,0.0,0.5
S4,RealisticTTA,64,,,,,,,,,,,,,,,,,,,,,,,,2,64,1.0,0,0.0,0,0.0,1.0,1,,3.583772659301758,2.1593852043151855,5.146203994750977,0.2405959814786911,0.0,0.5
S4,RealisticTTA,64,,,,,,,,,,,,,,,,,,,,,,,,3,40,0.625,0,0.0,24,0.375,0.625,2,,5.547159194946289,3.5501742362976074,7.5104827880859375,0.25173476338386536,0.0,0.5
S4,RealisticTTA,64,,,,,,,,,,,,,,,,,,,,,,,,4,0,0.0,13,0.203125,51,0.796875,0.796875,2,,6.946531295776367,4.13102388381958,10.767427444458008,0.22008860111236572,0.0,0.5
S4,RealisticTTA,64,,,,,,,,,,,,,,,,,,,,,,,,5,0,0.0,64,1.0,0,0.0,1.0,1,,13.972336769104004,5.492826461791992,22.384639739990234,0.2508121430873871,0.0,0.5
S4,RealisticTTA,50,,,,,,,,,,,,,,,,,,,,,,,,6,0,0.0,50,1.0,0,0.0,1.0,1,,34.36848068237305,17.787220001220703,43.7855224609375,0.2841568887233734,0.0,0.4501796364784241
S5,DynaMixEMATent,64,0.012349491007626057,0.042312245815992355,0.042312245815992355,0.029962753877043724,0.9666381523679611,0.020668173887241157,0.012693673744797707,0.020933902009556027,2.7079837322235107,0.19999999999999996,0.0,0.030786875635385513,0.2,0.0,1.0,64.0,1.0,0.0,0.0,0.0,0.0,1.0,1.0,0,64,1.0,0,0.0,0,0.0,1.0,1,0.6666666666666667,,,,,,
S5,DynaMixEMATent,64,0.0007352359825745225,0.006790847983211279,0.006790847983211279,0.006055612117052078,0.9737595452088479,0.024203200396188777,0.0020372543949633837,0.024252609130729685,3.1425980031490326,0.19999999999999996,0.0,0.004740594886243343,0.2,0.0,1.0,64.0,1.0,0.0,0.0,0.0,0.0,1.0,1.0,1,64,1.0,0,0.0,0,0.0,1.0,1,0.6666666666666667,,,,,,
S5,DynaMixEMATent,64,0.017837973311543465,0.06182735413312912,0.06182735413312912,0.043989378958940506,0.9284974864484937,0.052954307311567625,0.018548206239938737,0.053955077211376046,7.099548667669296,0.19999999999999996,0.0,0.0432271882891655,0.2,0.0,1.0,64.0,1.0,0.0,0.0,0.0,0.0,1.0,1.0,2,64,1.0,0,0.0,0,0.0,1.0,1,0.6666666666666667,,,,,,
S5,DynaMixEMATent,64,0.2604560852050781,0.6540594100952148,0.6540594100952148,0.3936033248901367,0.548305919963306,0.2554762570081294,0.19621782302856444,0.3178426498217918,48.959350913763046,0.19999999999999996,1.0,0.6470078825950623,0.2,0.0,1.0,26.0,0.40625,0.0,0.0,38.0,0.59375,0.59375,2.0,3,47,0.734375,0,0.0,17,0.265625,0.734375,2,0.4010416666666667,,,,,,
S5,DynaMixEMATent,64,0.178122416138649,0.889755129814148,0.889755129814148,0.7116326689720154,0.32049716240324255,0.4125762986525131,0.2669265389442444,0.5628034850127164,105.90367922186852,0.19999999999999996,1.0,0.48745009303092957,0.2,0.0,1.0,0.0,0.0,23.0,0.359375,41.0,0.640625,0.640625,2.0,4,0,0.0,6,0.09375,58,0.90625,0.90625,2,0.5729166666666667,,,,,,
S5,DynaMixEMATent,64,0.10320580750703812,0.7432147264480591,0.7432147264480591,0.6400089263916016,0.23427749441617798,0.5427580876494044,0.2229644179344177,0.698498370186084,153.4694217145443,0.19999999999999996,1.0,0.4769379496574402,0.2,0.0,1.0,0.0,0.0,56.0,0.875,8.0,0.125,0.875,2.0,5,0,0.0,64,1.0,0,0.0,1.0,1,0.6666666666666667,,,,,,
S5,DynaMixEMATent,59,0.09786315262317657,0.8750655651092529,0.8750655651092529,0.7772023677825928,0.14854813189661442,0.5889321985706097,0.2625196695327759,0.7985734320500412,205.09829005599022,0.19999999999999996,1.0,0.43186330795288086,0.2,0.0,1.0,0.0,0.0,58.0,0.9830508474576272,1.0,0.01694915254237288,0.9830508474576272,2.0,6,0,0.0,59,1.0,0,0.0,1.0,1,0.6666666666666667,,,,,,
S5,RealisticTTA,64,,,,,,,,,,,,,,,,,,,,,,,,0,64,1.0,0,0.0,0,0.0,1.0,1,,0.2267482876777649,0.09258752316236496,0.4007548391819,0.2242448776960373,0.0,0.5
S5,RealisticTTA,64,,,,,,,,,,,,,,,,,,,,,,,,1,64,1.0,0,0.0,0,0.0,1.0,1,,1.8766393661499023,0.821383535861969,3.2599246501922607,0.22325773537158966,0.0,0.5
S5,RealisticTTA,64,,,,,,,,,,,,,,,,,,,,,,,,2,64,1.0,0,0.0,0,0.0,1.0,1,,4.676355838775635,2.25634765625,7.723180770874023,0.22704380750656128,0.0,0.5
S5,RealisticTTA,64,,,,,,,,,,,,,,,,,,,,,,,,3,47,0.734375,0,0.0,17,0.265625,0.734375,2,,7.60675573348999,4.4819488525390625,11.039922714233398,0.24043361842632294,0.0,0.5
S5,RealisticTTA,64,,,,,,,,,,,,,,,,,,,,,,,,4,0,0.0,6,0.09375,58,0.90625,0.90625,2,,9.562966346740723,7.030608177185059,12.097766876220703,0.24990157783031464,0.0,0.5
S5,RealisticTTA,64,,,,,,,,,,,,,,,,,,,,,,,,5,0,0.0,64,1.0,0,0.0,1.0,1,,10.868916511535645,8.65011215209961,13.895853996276855,0.21961672604084015,0.0,0.5
S5,RealisticTTA,59,,,,,,,,,,,,,,,,,,,,,,,,6,0,0.0,59,1.0,0,0.0,1.0,1,,16.13831901550293,11.49445915222168,21.821693420410156,0.22975872457027435,0.0,0.5
S6,DynaMixEMATent,64,0.00731620704755187,0.06043564900755882,0.06043564900755882,0.053119443356990814,0.9526431502311671,0.02922615506656522,0.018130694702267646,0.029765830247339253,3.8678815364837646,0.19999999999999996,0.0,0.05752600356936455,0.2,0.0,1.0,64.0,1.0,0.0,0.0,0.0,0.0,1.0,1.0,0,64,1.0,0,0.0,0,0.0,1.0,1,0.6666666666666667,,,,,,
S6,DynaMixEMATent,64,0.007031618617475033,0.06643027812242508,0.06643027812242508,0.05939865857362747,0.9198328505222493,0.060238066041023205,0.019929083436727522,0.06146296663128692,8.11941933631897,0.19999999999999996,0.0,0.06341341882944107,0.2,0.0,1.0,64.0,1.0,0.0,0.0,0.0,0.0,1.0,1.0,1,64,1.0,0,0.0,0,0.0,1.0,1,0.6666666666666667,,,,,,
S6,DynaMixEMATent,64,0.0616435669362545,0.2139451503753662,0.2139451503753662,0.1523015946149826,0.7891953035964442,0.14662115129094597,0.06418354511260986,0.15667725281512535,21.811908960342407,0.19999999999999996,1.0,0.34335237741470337,0.2,0.0,1.0,59.0,0.921875,2.0,0.03125,3.0,0.046875,0.921875,3.0,2,64,1.0,0,0.0,0,0.0,1.0,1,0.6666666666666667,,,,,,
S6,DynaMixEMATent,64,0.3807053864002228,0.7814103960990906,0.7814103960990906,0.4007050395011902,0.43681899310650885,0.32875788806376394,0.23442311882972716,0.4294250468499251,71.8221743106842,0.19999999999999996,1.0,0.4803072214126587,0.2,0.0,1.0,24.0,0.375,14.0,0.21875,26.0,0.40625,0.40625,3.0,3,44,0.6875,20,0.3125,0,0.0,0.6875,2,0.3541666666666667,,,,,,
S6,DynaMixEMATent,64,0.12434156984090805,0.8397167325019836,0.8397167325019836,0.7153751850128174,0.2804926379434038,0.46759234230600116,0.2519150197505951,0.6250524400985968,125.56404519081116,0.19999999999999996,1.0,0.6739919781684875,0.2,0.0,1.0,0.0,0.0,40.0,0.625,24.0,0.375,0.625,2.0,4,0,0.0,64,1.0,0,0.0,1.0,1,0.6666666666666667,,,,,,
S6,DynaMixEMATent,64,0.10952547937631607,0.5696899890899658,0.5696899890899658,0.46016451716423035,0.23381220222542554,0.5952808010475847,0.17090699672698975,0.7179903806902179,162.02420449256897,0.19999999999999996,1.0,0.5693966150283813,0.2,0.0,1.0,0.0,0.0,36.0,0.5625,28.0,0.4375,0.5625,2.0,5,0,0.0,46,0.71875,18,0.28125,0.71875,2,0.3854166666666667,,,,,,
S6,DynaMixEMATent,57,0.18136140704154968,0.8633229732513428,0.8633229732513428,0.6819615960121155,0.14227221229652376,0.5987308957280734,0.2589968919754028,0.8080005188159061,211.2336139678955,0.19999999999999996,1.0,0.7281244993209839,0.2,0.0,1.0,3.0,0.05263157894736842,28.0,0.49122807017543857,26.0,0.45614035087719296,0.49122807017543857,3.0,6,0,0.0,0,0.0,57,1.0,1.0,1,0.6666666666666667,,,,,,
S6,RealisticTTA,64,,,,,,,,,,,,,,,,,,,,,,,,0,64,1.0,0,0.0,0,0.0,1.0,1,,0.26628991961479187,0.1088716983795166,0.45976561307907104,0.22934897243976593,0.0,0.5
S6,RealisticTTA,64,,,,,,,,,,,,,,,,,,,,,,,,1,64,1.0,0,0.0,0,0.0,1.0,1,,1.9437862634658813,0.9028220176696777,3.2331066131591797,0.22860638797283173,0.0,0.5
S6,RealisticTTA,64,,,,,,,,,,,,,,,,,,,,,,,,2,64,1.0,0,0.0,0,0.0,1.0,1,,4.300106048583984,2.3034157752990723,6.742842674255371,0.22979451715946198,0.0,0.5
S6,RealisticTTA,64,,,,,,,,,,,,,,,,,,,,,,,,3,44,0.6875,20,0.3125,0,0.0,0.6875,2,,6.0235114097595215,3.9889206886291504,8.33818531036377,0.2369358092546463,0.0,0.5
S6,RealisticTTA,64,,,,,,,,,,,,,,,,,,,,,,,,4,0,0.0,64,1.0,0,0.0,1.0,1,,8.350071907043457,6.057581901550293,10.794760704040527,0.24345195293426514,0.0,0.5
S6,RealisticTTA,64,,,,,,,,,,,,,,,,,,,,,,,,5,0,0.0,46,0.71875,18,0.28125,0.71875,2,,12.030566215515137,8.925481796264648,15.655632019042969,0.23436839878559113,0.0,0.5
S6,RealisticTTA,57,,,,,,,,,,,,,,,,,,,,,,,,6,0,0.0,0,0.0,57,1.0,1.0,1,,15.885627746582031,11.743829727172852,21.3643798828125,0.2224208265542984,0.0,0.5
S7,DynaMixEMATent,64,0.003926912322640419,0.054060570895671844,0.054060570895671844,0.050133660435676575,0.957546102051316,0.02623572667998256,0.016218171268701554,0.026668236710385873,3.459876537322998,0.19999999999999996,0.0,0.06414205580949783,0.2,0.0,1.0,64.0,1.0,0.0,0.0,0.0,0.0,1.0,1.0,0,64,1.0,0,0.0,0,0.0,1.0,1,0.6666666666666667,,,,,,
S7,DynaMixEMATent,64,0.009093438275158405,0.08773524314165115,0.08773524314165115,0.07864180952310562,0.9070378789270832,0.06664154813042149,0.026320572942495346,0.06844300729636932,9.074932098388672,0.19999999999999996,0.0,0.09724318236112595,0.2,0.0,1.0,64.0,1.0,0.0,0.0,0.0,0.0,1.0,1.0,1,64,1.0,0,0.0,0,0.0,1.0,1,0.6666666666666667,,,,,,
S7,DynaMixEMATent,64,0.004435467068105936,0.07515574991703033,0.07515574991703033,0.07072027772665024,0.8769716872852231,0.10048158773966778,0.022546724975109098,0.1027993770209722,13.884900093078613,0.19999999999999996,0.0,0.11685479432344437,0.2,0.0,1.0,64.0,1.0,0.0,0.0,0.0,0.0,1.0,1.0,2,64,1.0,0,0.0,0,0.0,1.0,1,0.6666666666666667,,,,,,
S7,DynaMixEMATent,64,0.08520533889532089,0.27949467301368713,0.27949467301368713,0.19428932666778564,0.7147685132645117,0.20138308483138215,0.08384840190410614,0.21981415002706062,31.77255916595459,0.19999999999999996,1.0,0.31497031450271606,0.2,0.0,1.0,52.0,0.8125,0.0,0.0,12.0,0.1875,0.8125,2.0,3,45,0.703125,0,0.0,19,0.296875,0.703125,2,0.3697916666666667,,,,,,
S7,DynaMixEMATent,64,0.17338615655899048,0.6742563843727112,0.6742563843727112,0.5008702278137207,0.44426010584874975,0.3534629788394369,0.20227691531181335,0.4430898210468589,74.9249677658081,0.19999999999999996,1.0,0.7262395620346069,0.2,0.0,1.0,15.0,0.234375,8.0,0.125,41.0,0.640625,0.640625,3.0,4,0,0.0,8,0.125,56,0.875,0.875,2,0.5416666666666667,,,,,,
S7,DynaMixEMATent,64,0.07877935469150543,0.8420616984367371,0.8420616984367371,0.7632823586463928,0.27319712156134723,0.4741843689076316,0.2526185095310211,0.6344609479291263,128.81691646575928,0.19999999999999996,1.0,0.4520716071128845,0.2,0.0,1.0,0.0,0.0,57.0,0.890625,7.0,0.109375,0.890625,2.0,5,0,0.0,64,1.0,0,0.0,1.0,1,0.6666666666666667,,,,,,
S7,DynaMixEMATent,56,0.03450769558548927,0.5747881531715393,0.5747881531715393,0.5402804613113403,0.23524650689533677,0.5923170471532014,0.1724364459514618,0.715736023240169,161.00505304336548,0.19999999999999996,1.0,0.2133929431438446,0.2,0.0,1.0,0.0,0.0,56.0,1.0,0.0,0.0,1.0,1.0,6,0,0.0,56,1.0,0,0.0,1.0,1,0.6666666666666667,,,,,,
S7,RealisticTTA,64,,,,,,,,,,,,,,,,,,,,,,,,0,64,1.0,0,0.0,0,0.0,1.0,1,,0.28831541538238525,0.10332880169153214,0.5389466285705566,0.22023701667785645,0.0,0.5
S7,RealisticTTA,64,,,,,,,,,,,,,,,,,,,,,,,,1,64,1.0,0,0.0,0,0.0,1.0,1,,2.197251319885254,0.8943741321563721,3.939210891723633,0.22144150733947754,0.0,0.5
S7,RealisticTTA,64,,,,,,,,,,,,,,,,,,,,,,,,2,64,1.0,0,0.0,0,0.0,1.0,1,,5.597528457641602,2.507246971130371,9.67406177520752,0.22267520427703857,0.0,0.5
S7,RealisticTTA,64,,,,,,,,,,,,,,,,,,,,,,,,3,45,0.703125,0,0.0,19,0.296875,0.703125,2,,8.898028373718262,4.751561164855957,14.274349212646484,0.2242734432220459,0.0,0.5
S7,RealisticTTA,64,,,,,,,,,,,,,,,,,,,,,,,,4,0,0.0,8,0.125,56,0.875,0.875,2,,11.548515319824219,8.021522521972656,15.431604385375977,0.2402244359254837,0.0,0.5
S7,RealisticTTA,64,,,,,,,,,,,,,,,,,,,,,,,,5,0,0.0,64,1.0,0,0.0,1.0,1,,13.281081199645996,11.642400741577148,14.261885643005371,0.28376221656799316,0.0,0.4602569341659546
S7,RealisticTTA,56,,,,,,,,,,,,,,,,,,,,,,,,6,0,0.0,56,1.0,0,0.0,1.0,1,,19.0935115814209,15.26440715789795,23.538803100585938,0.23492401838302612,0.0,0.5
S8,DynaMixEMATent,64,0.004126830026507378,0.046477243304252625,0.046477243304252625,0.042350415140390396,0.9634064268403968,0.022650400168327367,0.013943172991275787,0.02297068439456884,2.974543571472168,0.19999999999999996,0.0,0.06653963029384613,0.2,0.0,1.0,64.0,1.0,0.0,0.0,0.0,0.0,1.0,1.0,0,64,1.0,0,0.0,0,0.0,1.0,1,0.6666666666666667,,,,,,
S8,DynaMixEMATent,64,0.2465064972639084,0.8580747246742249,0.8580747246742249,0.6115682125091553,0.47241194490452976,0.2701656376932028,0.25742241740226746,0.363821429604826,57.89132595062256,0.19999999999999996,1.0,0.666654646396637,0.2,0.0,1.0,18.0,0.28125,17.0,0.265625,29.0,0.453125,0.453125,3.0,1,64,1.0,0,0.0,0,0.0,1.0,1,0.6666666666666667,,,,,,
S8,DynaMixEMATent,64,0.09377779066562653,0.8811485171318054,0.8811485171318054,0.7873706817626953,0.3012413049010656,0.4344141399593928,0.26434455513954164,0.5905130492737588,114.2848310470581,0.19999999999999996,1.0,0.8351816534996033,0.2,0.0,1.0,7.0,0.109375,19.0,0.296875,38.0,0.59375,0.59375,3.0,2,64,1.0,0,0.0,0,0.0,1.0,1,0.6666666666666667,,,,,,
S8,DynaMixEMATent,64,0.23157420754432678,0.9991418123245239,0.9991418123245239,0.7675675749778748,0.1739950609425765,0.5262623953600665,0.29974254369735714,0.7515270142766207,178.22990703582764,0.19999999999999996,1.0,0.8664900064468384,0.2,0.0,1.0,22.0,0.34375,10.0,0.15625,32.0,0.5,0.5,3.0,3,42,0.65625,0,0.0,22,0.34375,0.65625,2,0.3229166666666667,,,,,,
S8,DynaMixEMATent,64,0.4238758683204651,0.8312209248542786,0.8312209248542786,0.4073450565338135,0.12308635743609565,0.6275473651076208,0.24936627745628356,0.8360234109666886,231.42804622650146,0.19999999999999996,1.0,0.9057567119598389,0.2,0.0,1.0,8.0,0.125,49.0,0.765625,7.0,0.109375,0.765625,3.0,4,0,0.0,12,0.1875,52,0.8125,0.8125,2,0.4791666666666667,,,,,,
S8,DynaMixEMATent,64,0.06085802987217903,0.16976134479045868,0.16976134479045868,0.10890331864356995,0.14296101295970534,0.8061105836031571,0.0509284034371376,0.8493675150774189,242.29277229309082,0.19999999999999996,0.0,0.38495302200317383,0.2,0.0,1.0,0.0,0.0,64.0,1.0,0.0,0.0,1.0,1.0,5,0,0.0,64,1.0,0,0.0,1.0,1,0.6666666666666667,,,,,,
S8,DynaMixEMATent,58,0.0725395604968071,0.19332069158554077,0.19332069158554077,0.12078113108873367,0.12999533675386946,0.8120084557704683,0.057996207475662226,0.862001259670607,253.50537240505219,0.19999999999999996,0.0,0.6371054649353027,0.2,0.0,1.0,0.0,0.0,49.0,0.8448275862068966,9.0,0.15517241379310345,0.8448275862068966,2.0,6,0,0.0,58,1.0,0,0.0,1.0,1,0.6666666666666667,,,,,,
S8,RealisticTTA,64,,,,,,,,,,,,,,,,,,,,,,,,0,64,1.0,0,0.0,0,0.0,1.0,1,,0.27895835041999817,0.10507778823375702,0.5219811797142029,0.2189694195985794,0.0045211464166641235,0.5
S8,RealisticTTA,64,,,,,,,,,,,,,,,,,,,,,,,,1,64,1.0,0,0.0,0,0.0,1.0,1,,1.4517697095870972,0.8101253509521484,2.3957910537719727,0.21793998777866364,0.01470404863357544,0.5
S8,RealisticTTA,64,,,,,,,,,,,,,,,,,,,,,,,,2,64,1.0,0,0.0,0,0.0,1.0,1,,3.9279067516326904,2.940887451171875,5.371364593505859,0.21804966032505035,0.013511165976524353,0.5
S8,RealisticTTA,64,,,,,,,,,,,,,,,,,,,,,,,,3,42,0.65625,0,0.0,22,0.34375,0.65625,2,,7.527746677398682,5.931183815002441,10.174262046813965,0.2163112759590149,0.03821234405040741,0.5
S8,RealisticTTA,64,,,,,,,,,,,,,,,,,,,,,,,,4,0,0.0,12,0.1875,52,0.8125,0.8125,2,,13.858275413513184,12.156153678894043,16.42535400390625,0.2175171971321106,0.019621580839157104,0.5
S8,RealisticTTA,64,,,,,,,,,,,,,,,,,,,,,,,,5,0,0.0,64,1.0,0,0.0,1.0,1,,24.928213119506836,21.77347755432129,28.522003173828125,0.236803337931633,0.0,0.5
S8,RealisticTTA,58,,,,,,,,,,,,,,,,,,,,,,,,6,0,0.0,58,1.0,0,0.0,1.0,1,,39.2132453918457,33.270469665527344,45.04662322998047,0.25189611315727234,0.0,0.5
S9,DynaMixEMATent,64,0.004213718697428703,0.04053409397602081,0.04053409397602081,0.03632037714123726,0.9680206922350342,0.019819079572159594,0.012160228192806244,0.02006305084872395,2.594182014465332,0.19999999999999996,0.0,0.05200973153114319,0.2,0.0,1.0,64.0,1.0,0.0,0.0,0.0,0.0,1.0,1.0,0,64,1.0,0,0.0,0,0.0,1.0,1,0.6666666666666667,,,,,,
S9,DynaMixEMATent,64,0.03720516338944435,0.18475428223609924,0.18475428223609924,0.147549107670784,0.8439468702924001,0.10062684503677012,0.05542628467082977,0.10653148971195237,14.418456077575684,0.19999999999999996,0.0,0.2262856364250183,0.2,0.0,1.0,63.0,0.984375,0.0,0.0,1.0,0.015625,0.984375,2.0,1,64,1.0,0,0.0,0,0.0,1.0,1,0.6666666666666667,,,,,,
S9,DynaMixEMATent,64,0.022902892902493477,0.12207333743572235,0.12207333743572235,0.09917044639587402,0.8097819387833747,0.15359605998590864,0.036622001230716704,0.15943488452313404,22.231149673461914,0.19999999999999996,0.0,0.20161625742912292,0.2,0.0,1.0,63.0,0.984375,0.0,0.0,1.0,0.015625,0.984375,2.0,2,64,1.0,0,0.0,0,0.0,1.0,1,0.6666666666666667,,,,,,
S9,DynaMixEMATent,64,0.3883892595767975,0.7122101187705994,0.7122101187705994,0.3238208591938019,0.4629409426132134,0.3233960217556068,0.2136630356311798,0.4112690060490689,67.81259727478027,0.19999999999999996,1.0,0.4558104872703552,0.2,0.0,1.0,35.0,0.546875,24.0,0.375,5.0,0.078125,0.546875,3.0,3,44,0.6875,20,0.3125,0,0.0,0.6875,2,0.3541666666666667,,,,,,
S9,DynaMixEMATent,64,0.03578482195734978,0.4205586016178131,0.4205586016178131,0.38477379083633423,0.41689041794732135,0.4569420015673347,0.12616758048534393,0.5229171994112205,94.72834777832031,0.19999999999999996,1.0,0.21946710348129272,0.2,0.0,1.0,0.0,0.0,63.0,0.984375,1.0,0.015625,0.984375,2.0,4,0,0.0,64,1.0,0,0.0,1.0,1,0.6666666666666667,,,,,,
S9,DynaMixEMATent,64,0.023200642317533493,0.24451565742492676,0.24451565742492676,0.22131501138210297,0.39121129774432956,0.5354340050281925,0.07335469722747802,0.5778198016287077,110.37734985351562,0.19999999999999996,1.0,0.1279301643371582,0.2,0.0,1.0,0.0,0.0,64.0,1.0,0.0,0.0,1.0,1.0,5,0,0.0,45,0.703125,19,0.296875,0.703125,2,0.3697916666666667,,,,,,
S9,DynaMixEMATent,55,0.017407754436135292,0.20863227546215057,0.20863227546215057,0.19122451543807983,0.3618216334766733,0.5755886838846815,0.06258968263864517,0.6140200008731101,121.8521250039339,0.19999999999999996,1.0,0.3272223174571991,0.2,0.0,1.0,0.0,0.0,55.0,1.0,0.0,0.0,1.0,1.0,6,0,0.0,0,0.0,55,1.0,1.0,1,0.6666666666666667,,,,,,
S9,RealisticTTA,64,,,,,,,,,,,,,,,,,,,,,,,,0,64,1.0,0,0.0,0,0.0,1.0,1,,0.2612309157848358,0.10451018065214157,0.4687155485153198,0.22234316170215607,0.0,0.5
S9,RealisticTTA,64,,,,,,,,,,,,,,,,,,,,,,,,1,64,1.0,0,0.0,0,0.0,1.0,1,,2.0527546405792236,0.9082284569740295,3.5580263137817383,0.222952201962471,0.0,0.5
S9,RealisticTTA,64,,,,,,,,,,,,,,,,,,,,,,,,2,64,1.0,0,0.0,0,0.0,1.0,1,,4.755675792694092,2.288262367248535,7.885308265686035,0.22634057700634003,0.0,0.5
S9,RealisticTTA,64,,,,,,,,,,,,,,,,,,,,,,,,3,44,0.6875,20,0.3125,0,0.0,0.6875,2,,6.440032958984375,3.9844703674316406,8.981911659240723,0.2464759796857834,0.0,0.5
S9,RealisticTTA,64,,,,,,,,,,,,,,,,,,,,,,,,4,0,0.0,64,1.0,0,0.0,1.0,1,,9.258379936218262,6.219792366027832,12.10937786102295,0.25649163126945496,0.0,0.5
S9,RealisticTTA,64,,,,,,,,,,,,,,,,,,,,,,,,5,0,0.0,45,0.703125,19,0.296875,0.703125,2,,15.794451713562012,9.475809097290039,22.475730895996094,0.24431248009204865,0.0,0.5
S9,RealisticTTA,55,,,,,,,,,,,,,,,,,,,,,,,,6,0,0.0,0,0.0,55,1.0,1.0,1,,25.504501342773438,13.985574722290039,38.30000305175781,0.23932693898677826,0.0,0.5
