Subject,Source_Acc,Source_F1_0,Source_F1_1,Source_F1_2,Source_MacroF1,Norm_Acc,Norm_F1_0,Norm_F1_1,Norm_F1_2,Norm_MacroF1,Tent_Acc,Tent_F1_0,Tent_F1_1,Tent_F1_2,Tent_MacroF1,TentLR1e3_Acc,TentLR1e3_F1_0,TentLR1e3_F1_1,TentLR1e3_F1_2,TentLR1e3_MacroF1,NormBnOnly_Acc,NormBnOnly_F1_0,NormBnOnly_F1_1,NormBnOnly_F1_2,NormBnOnly_MacroF1,TentBnOnly_Acc,TentBnOnly_F1_0,TentBnOnly_F1_1,TentBnOnly_F1_2,TentBnOnly_MacroF1,TentBnOnlyLR1e3_Acc,TentBnOnlyLR1e3_F1_0,TentBnOnlyLR1e3_F1_1,TentBnOnlyLR1e3_F1_2,TentBnOnlyLR1e3_MacroF1,OFTTA_Acc,OFTTA_F1_0,OFTTA_F1_1,OFTTA_F1_2,OFTTA_MacroF1,EmaTentGridS20E50B30M080_Acc,EmaTentGridS20E50B30M080_F1_0,EmaTentGridS20E50B30M080_F1_1,EmaTentGridS20E50B30M080_F1_2,EmaTentGridS20E50B30M080_MacroF1,EmaTentGridS20E50B30M080LR1e3_Acc,EmaTentGridS20E50B30M080LR1e3_F1_0,EmaTentGridS20E50B30M080LR1e3_F1_1,EmaTentGridS20E50B30M080LR1e3_F1_2,EmaTentGridS20E50B30M080LR1e3_MacroF1,EmaTentGridS20E50B30M080BnOnly_Acc,EmaTentGridS20E50B30M080BnOnly_F1_0,EmaTentGridS20E50B30M080BnOnly_F1_1,EmaTentGridS20E50B30M080BnOnly_F1_2,EmaTentGridS20E50B30M080BnOnly_MacroF1,EmaTentGridS20E50B30M080BnOnlyLR1e3_Acc,EmaTentGridS20E50B30M080BnOnlyLR1e3_F1_0,EmaTentGridS20E50B30M080BnOnlyLR1e3_F1_1,EmaTentGridS20E50B30M080BnOnlyLR1e3_F1_2,EmaTentGridS20E50B30M080BnOnlyLR1e3_MacroF1
S10,0.5635964912280702,0.8708133971291866,0.0,0.5084745762711864,0.4597626578001243,0.47368421052631576,0.4792626728110599,0.5235294117647059,0.3333333333333333,0.445375139303033,0.47368421052631576,0.4792626728110599,0.5235294117647059,0.3333333333333333,0.445375139303033,0.4780701754385965,0.4851258581235698,0.5309734513274337,0.3235294117647059,0.44654290707190314,0.5087719298245614,0.5191873589164786,0.5476190476190477,0.37593984962406013,0.48091541871986215,0.5087719298245614,0.5191873589164786,0.5476190476190477,0.37593984962406013,0.48091541871986215,0.5087719298245614,0.5201793721973094,0.5492537313432836,0.366412213740458,0.4786151057603503,0.36403508771929827,0.35359116022099446,0.35435435435435436,0.39631336405529954,0.3680862928768828,0.6008771929824561,0.5432098765432098,0.5591939546599496,0.7853403141361257,0.6292480484464283,0.6052631578947368,0.5432098765432098,0.5664160401002506,0.7936507936507936,0.6344255700980846,0.6162280701754386,0.5341614906832298,0.5825242718446602,0.8426966292134831,0.6531274639137911,0.618421052631579,0.5341614906832298,0.585956416464891,0.847457627118644,0.6558585114222549
S11,0.6860986547085202,0.8436363636363636,0.0,0.7184466019417476,0.5206943218593704,0.35650224215246634,0.43914081145584727,0.3931034482758621,0.1092896174863388,0.3138446257393494,0.35650224215246634,0.43914081145584727,0.3931034482758621,0.1092896174863388,0.3138446257393494,0.35874439461883406,0.43914081145584727,0.39862542955326463,0.10989010989010989,0.3158854502997406,0.3789237668161435,0.4647887323943662,0.40955631399317405,0.11560693641618497,0.32998399426790836,0.3789237668161435,0.4647887323943662,0.40955631399317405,0.11560693641618497,0.32998399426790836,0.3789237668161435,0.46588235294117647,0.40955631399317405,0.11494252873563218,0.3301270652233276,0.38789237668161436,0.5873417721518988,0.14345991561181434,0.3076923076923077,0.34616466515200695,0.5224215246636771,0.803030303030303,0.0,0.43023255813953487,0.411087620389946,0.5224215246636771,0.803030303030303,0.0,0.43023255813953487,0.411087620389946,0.5269058295964125,0.8110831234256927,0.0,0.4289855072463768,0.41335621022402314,0.5269058295964125,0.8110831234256927,0.0,0.42528735632183906,0.41212349324917724
S13,0.5685393258426966,0.9649122807017544,0.26506024096385544,0.0,0.4099908405552033,0.43820224719101125,0.5485232067510548,0.43986254295532645,0.016,0.3347952499021271,0.43820224719101125,0.5473684210526316,0.43986254295532645,0.016129032258064516,0.3344533320886742,0.43820224719101125,0.5450733752620545,0.4429065743944637,0.016129032258064516,0.3347029939715276,0.4606741573033708,0.5446985446985447,0.4863013698630137,0.05128205128205128,0.36076065528120327,0.4606741573033708,0.5446985446985447,0.4863013698630137,0.05128205128205128,0.36076065528120327,0.4606741573033708,0.5435684647302904,0.4879725085910653,0.05128205128205128,0.36094100820113567,0.47191011235955055,0.6480186480186481,0.41543026706231456,0.016129032258064516,0.3598593157796757,0.6022471910112359,0.9393258426966292,0.4233576642335766,0.011695906432748537,0.45812647112098476,0.604494382022472,0.9393258426966292,0.4290909090909091,0.011764705882352941,0.46006048588996373,0.5932584269662922,0.9417040358744395,0.3985239852398524,0.0,0.44674267370476395,0.5932584269662922,0.9417040358744395,0.3985239852398524,0.0,0.44674267370476395
S14,0.6247191011235955,0.9626373626373627,0.41843971631205673,0.0,0.46035902631647313,0.3955056179775281,0.5318681318681319,0.34057971014492755,0.10062893081761007,0.32435892427688984,0.3955056179775281,0.5318681318681319,0.34057971014492755,0.10062893081761007,0.32435892427688984,0.39325842696629215,0.5307017543859649,0.34057971014492755,0.08860759493670886,0.3199630198225338,0.40898876404494383,0.532150776053215,0.3776223776223776,0.10457516339869281,0.3381161056914285,0.40898876404494383,0.532150776053215,0.3776223776223776,0.10457516339869281,0.3381161056914285,0.4067415730337079,0.5309734513274337,0.3776223776223776,0.09210526315789473,0.33356703070256866,0.4696629213483146,0.7015706806282722,0.3729903536977492,0.17258883248730963,0.4157166222711104,0.550561797752809,0.7772020725388601,0.5306122448979592,0.049689440993788817,0.45250125281020276,0.550561797752809,0.7772020725388601,0.5306122448979592,0.049689440993788817,0.45250125281020276,0.5483146067415731,0.7897435897435897,0.5263157894736842,0.0,0.4386864597390913,0.5483146067415731,0.7897435897435897,0.5278592375366569,0.0,0.43920094242674884
S15,0.9082774049217002,0.9957264957264957,0.8681672025723473,0.6608695652173913,0.8415877545054115,0.465324384787472,0.49876543209876545,0.40939597315436244,0.4816753926701571,0.46327893264109504,0.465324384787472,0.5,0.40939597315436244,0.4791666666666667,0.4628542132736764,0.46308724832214765,0.5012285012285013,0.39864864864864863,0.4816753926701571,0.46051751418243564,0.44966442953020136,0.47381546134663344,0.4013377926421405,0.4742268041237113,0.4497933527041617,0.44966442953020136,0.47381546134663344,0.4013377926421405,0.4742268041237113,0.4497933527041617,0.44966442953020136,0.47381546134663344,0.4013377926421405,0.4742268041237113,0.4497933527041617,0.5570469798657718,0.5490196078431373,0.5808219178082191,0.5232558139534884,0.5510324465349483,0.738255033557047,0.8190954773869347,0.7082152974504249,0.5874125874125874,0.7049077874166491,0.7472035794183445,0.827930174563591,0.717948717948718,0.5915492957746479,0.712476062762319,0.7427293064876958,0.825,0.7071823204419889,0.5909090909090909,0.7076971371170266,0.7539149888143176,0.8395061728395061,0.7150837988826816,0.5954198473282443,0.7166699396834773
S16,0.8333333333333334,1.0,0.783625730994152,0.0,0.594541910331384,0.5135135135135135,0.6014319809069213,0.5730337078651685,0.0,0.3914885629240299,0.5135135135135135,0.6014319809069213,0.5730337078651685,0.0,0.3914885629240299,0.5135135135135135,0.6014319809069213,0.5730337078651685,0.0,0.3914885629240299,0.5045045045045045,0.5879518072289157,0.5746478873239437,0.0,0.3875332315176198,0.5045045045045045,0.5879518072289157,0.5746478873239437,0.0,0.3875332315176198,0.5045045045045045,0.5879518072289157,0.5746478873239437,0.0,0.3875332315176198,0.5608108108108109,0.6666666666666666,0.6263736263736264,0.0,0.431013431013431,0.9797297297297297,0.980561555075594,0.9816849816849816,0.9736842105263158,0.9786435824289638,0.9797297297297297,0.980561555075594,0.9816849816849816,0.9736842105263158,0.9786435824289638,0.9797297297297297,0.980561555075594,0.9852941176470589,0.9673202614379085,0.9777253113868537,0.9797297297297297,0.980561555075594,0.9852941176470589,0.9673202614379085,0.9777253113868537
S17,0.75,0.9936305732484076,0.3825136612021858,0.5658914728682171,0.6473452357729368,0.46271929824561403,0.5673469387755102,0.4,0.19672131147540983,0.38802275008364,0.46271929824561403,0.5673469387755102,0.4,0.19672131147540983,0.38802275008364,0.4605263157894737,0.5679513184584178,0.3959731543624161,0.18181818181818182,0.38191421821300525,0.4605263157894737,0.5633802816901409,0.391025641025641,0.17475728155339806,0.3763877347563933,0.4605263157894737,0.5633802816901409,0.391025641025641,0.17475728155339806,0.3763877347563933,0.4605263157894737,0.561122244488978,0.39228295819935693,0.17647058823529413,0.3766252636412097,0.5614035087719298,0.7210884353741497,0.4918032786885246,0.26506024096385544,0.49265065167550987,0.7390350877192983,0.8467153284671532,0.7087087087087087,0.5357142857142857,0.6970461076300491,0.7412280701754386,0.8467153284671532,0.7125748502994012,0.5389221556886228,0.699404111485059,0.7828947368421053,0.8353808353808354,0.7838616714697406,0.6455696202531646,0.7549373757012469,0.7850877192982456,0.8382352941176471,0.7838616714697406,0.6496815286624203,0.7572594980832693
S2,0.5400943396226415,0.7057010785824345,0.0,0.0,0.2352336928608115,0.5165094339622641,0.6062052505966588,0.4406779661016949,0.41450777202072536,0.4871303295730263,0.5165094339622641,0.6062052505966588,0.4406779661016949,0.41450777202072536,0.4871303295730263,0.5165094339622641,0.6062052505966588,0.4406779661016949,0.41450777202072536,0.4871303295730263,0.5212264150943396,0.6057692307692307,0.45643153526970953,0.418848167539267,0.49368297785940246,0.5212264150943396,0.6057692307692307,0.45643153526970953,0.418848167539267,0.49368297785940246,0.5235849056603774,0.6076555023923444,0.4583333333333333,0.42105263157894735,0.49568048910154167,0.6226415094339622,0.7855711422845691,0.20125786163522014,0.5473684210526316,0.5113991416574737,0.660377358490566,0.9118279569892473,0.032,0.5116279069767442,0.4851519546553305,0.6650943396226415,0.9217391304347826,0.032,0.5171102661596958,0.4902831321981595,0.6556603773584906,0.9277899343544858,0.0,0.4925373134328358,0.47344241592910724,0.6627358490566038,0.9359823399558499,0.0,0.5073529411764706,0.48111176037744013
S3,0.6566125290023201,0.7889273356401384,0.5263157894736842,0.0,0.43841437503794084,0.531322505800464,0.645021645021645,0.43703703703703706,0.3230769230769231,0.4683785350452017,0.531322505800464,0.645021645021645,0.43703703703703706,0.3230769230769231,0.4683785350452017,0.5266821345707656,0.6436285097192225,0.42962962962962964,0.31007751937984496,0.46111188624289906,0.5220417633410673,0.6420824295010846,0.417910447761194,0.3157894736842105,0.45859411698216307,0.5220417633410673,0.6420824295010846,0.417910447761194,0.3157894736842105,0.45859411698216307,0.5266821345707656,0.646551724137931,0.42105263157894735,0.3181818181818182,0.46192872463289886,0.5939675174013921,0.7505070993914807,0.5,0.13675213675213677,0.4624197453812058,0.7842227378190255,0.9421487603305785,0.7308970099667774,0.0,0.5576819234324519,0.7842227378190255,0.9421487603305785,0.7308970099667774,0.0,0.5576819234324519,0.7865429234338747,0.9402061855670103,0.7350993377483444,0.0,0.5584351744384516,0.7865429234338747,0.9402061855670103,0.7350993377483444,0.0,0.5584351744384516
S4,0.619815668202765,0.7560321715817694,0.6381909547738693,0.020618556701030927,0.4716138943522232,0.5299539170506913,0.6359832635983264,0.5480427046263345,0.01834862385321101,0.40079153069262397,0.5299539170506913,0.6359832635983264,0.5480427046263345,0.01834862385321101,0.40079153069262397,0.5276497695852534,0.6333333333333333,0.5428571428571428,0.018518518518518517,0.39823633156966487,0.5345622119815668,0.6291666666666667,0.5448275862068965,0.04081632653061224,0.4049368598013918,0.5345622119815668,0.6291666666666667,0.5448275862068965,0.04081632653061224,0.4049368598013918,0.5345622119815668,0.6291666666666667,0.5448275862068965,0.04081632653061224,0.4049368598013918,0.5944700460829493,0.6497695852534562,0.7076923076923077,0.03669724770642202,0.4647197135507286,0.576036866359447,0.6855524079320113,0.6150121065375302,0.0392156862745098,0.4465934002480172,0.576036866359447,0.6855524079320113,0.6135265700483091,0.039603960396039604,0.44622764612545335,0.576036866359447,0.6855524079320113,0.6120481927710844,0.04,0.44586686690103194,0.576036866359447,0.6855524079320113,0.6105769230769231,0.04040404040404041,0.445511123804325
S5,0.8126410835214447,0.9409448818897638,0.7414634146341463,0.5202312138728323,0.7342131701322474,0.4966139954853273,0.5789473684210527,0.4377104377104377,0.3458646616541353,0.4541741559285419,0.4966139954853273,0.5789473684210527,0.4377104377104377,0.3458646616541353,0.4541741559285419,0.4966139954853273,0.5776805251641138,0.4429530201342282,0.33587786259541985,0.4521704692979207,0.4966139954853273,0.5745614035087719,0.45695364238410596,0.3125,0.448005015297626,0.49435665914221216,0.5733041575492341,0.45695364238410596,0.2992125984251969,0.44315679945284564,0.4966139954853273,0.5764192139737991,0.45695364238410596,0.30158730158730157,0.4449867193150689,0.5688487584650113,0.6809421841541756,0.48201438848920863,0.36879432624113473,0.5105836329615063,0.8555304740406321,0.9234234234234234,0.8913043478260869,0.6144578313253012,0.809728534191604,0.8600451467268623,0.9282511210762332,0.8913043478260869,0.6219512195121951,0.8138355628048384,0.8803611738148984,0.9330357142857143,0.9181494661921709,0.6624203821656051,0.8378685208811634,0.8826185101580135,0.9330357142857143,0.9214285714285714,0.6708860759493671,0.8417834538878842
S6,0.6621315192743764,0.9587852494577006,0.029850746268656716,0.4808362369337979,0.4898240775533851,0.42857142857142855,0.5181818181818182,0.37174721189591076,0.28901734104046245,0.3929821237060638,0.42857142857142855,0.5181818181818182,0.37174721189591076,0.28901734104046245,0.3929821237060638,0.4308390022675737,0.5215419501133787,0.37174721189591076,0.29069767441860467,0.394662278809298,0.45351473922902497,0.5217391304347826,0.41025641025641024,0.3488372093023256,0.4269442499978395,0.45351473922902497,0.5217391304347826,0.41025641025641024,0.3488372093023256,0.4269442499978395,0.4512471655328798,0.5205479452054794,0.40293040293040294,0.3508771929824561,0.4247851803727795,0.5124716553287982,0.6167400881057269,0.4435483870967742,0.34444444444444444,0.4682443065489818,0.7369614512471655,0.9016018306636155,0.6693877551020408,0.46,0.6769965285885521,0.7392290249433107,0.9041095890410958,0.6693877551020408,0.4623115577889447,0.6786029673106938,0.7437641723356009,0.9115646258503401,0.6693877551020408,0.45918367346938777,0.680045351473923,0.7437641723356009,0.9140271493212669,0.6666666666666666,0.4536082474226804,0.6781006878035379
S7,0.7568181818181818,0.8633879781420765,0.8571428571428571,0.0,0.5735102784283111,0.42045454545454547,0.48868778280542985,0.448,0.22340425531914893,0.3866973460415262,0.42045454545454547,0.48868778280542985,0.448,0.22340425531914893,0.3866973460415262,0.42272727272727273,0.49209932279909707,0.4497991967871486,0.22340425531914893,0.3884342583017982,0.4340909090909091,0.49321266968325794,0.4528301886792453,0.2543352601156069,0.40012603949270337,0.4340909090909091,0.49321266968325794,0.4528301886792453,0.2543352601156069,0.40012603949270337,0.4340909090909091,0.49321266968325794,0.4528301886792453,0.2543352601156069,0.40012603949270337,0.5840909090909091,0.6452991452991453,0.6614173228346457,0.27848101265822783,0.5283991602640062,0.9295454545454546,0.9518072289156626,0.9718875502008032,0.7669172932330827,0.8968706907831828,0.9295454545454546,0.9518072289156626,0.9718875502008032,0.7669172932330827,0.8968706907831828,0.9431818181818182,0.9556451612903226,0.9881422924901185,0.8091603053435115,0.9176492530413176,0.9431818181818182,0.9556451612903226,0.9881422924901185,0.8091603053435115,0.9176492530413176
S8,0.5633484162895928,0.5437352245862884,0.8401253918495298,0.0,0.46128687214527275,0.3076923076923077,0.44761904761904764,0.304,0.037383177570093455,0.2630007417297137,0.3076923076923077,0.44761904761904764,0.304,0.037383177570093455,0.2630007417297137,0.3009049773755656,0.44549763033175355,0.2845528455284553,0.037037037037037035,0.25569583763241527,0.2850678733031674,0.4449648711943794,0.2510460251046025,0.009174311926605505,0.2350617360751958,0.2850678733031674,0.4449648711943794,0.2510460251046025,0.009174311926605505,0.2350617360751958,0.2828054298642534,0.4439252336448598,0.24369747899159663,0.009174311926605505,0.23226567485435398,0.4004524886877828,0.5788336933045356,0.36752136752136755,0.0,0.31545168694196773,0.5633484162895928,0.6005361930294906,0.7652173913043478,0.060240963855421686,0.4753315160630867,0.5610859728506787,0.5967741935483871,0.7652173913043478,0.059880239520958084,0.473957274791231,0.5542986425339367,0.5888594164456233,0.7549295774647887,0.0,0.44792966463680406,0.5542986425339367,0.5888594164456233,0.7549295774647887,0.0,0.44792966463680406
S9,0.826879271070615,0.9957805907172996,0.7696969696969697,0.0,0.5884925201380898,0.4760820045558087,0.5550239234449761,0.46496815286624205,0.273972602739726,0.431321559683648,0.4760820045558087,0.5550239234449761,0.46496815286624205,0.273972602739726,0.431321559683648,0.4760820045558087,0.5550239234449761,0.46496815286624205,0.273972602739726,0.431321559683648,0.4760820045558087,0.5605700712589073,0.445141065830721,0.2898550724637681,0.43185540318446547,0.4760820045558087,0.5605700712589073,0.445141065830721,0.2898550724637681,0.43185540318446547,0.4760820045558087,0.5605700712589073,0.445141065830721,0.2898550724637681,0.43185540318446547,0.5968109339407744,0.6966292134831461,0.5945945945945946,0.2773722627737226,0.5228653569504877,0.7904328018223234,0.960352422907489,0.7610619469026548,0.0,0.5738047899367146,0.7904328018223234,0.960352422907489,0.7610619469026548,0.0,0.5738047899367146,0.7927107061503417,0.9626373626373627,0.7588235294117647,0.0,0.5738202973497092,0.7927107061503417,0.9626373626373627,0.7588235294117647,0.0,0.5738202973497092
Average,0.6915270213306569,0.8789767322451361,0.4747061783922873,0.23169121492041356,0.5284580418526122,0.45417677686445057,0.5428006182904164,0.43544588695986736,0.2108815962038183,0.39637603381803405,0.45417677686445057,0.5428059371039372,0.43544588695986736,0.21072294995412325,0.3963249246726426,0.45356072749131326,0.5430442696882541,0.4338617228064517,0.20704953102446358,0.3946518411730564,0.45968358532629405,0.5438692956896918,0.4415671554388149,0.21910292719736632,0.4015131261086243,0.45953309623675304,0.5437854792923892,0.4415671554388149,0.21821710042571277,0.4011899117189723,0.4596983622362567,0.5441028120815988,0.44122932664337267,0.21742129097614388,0.4009178099003718,0.5231010410659246,0.6421059414786667,0.462885329564048,0.2447299628692697,0.4499070779706615,0.7086388745353639,0.8390927119953469,0.6232360639650562,0.38841526566802975,0.6169146805428108,0.7104396390897967,0.8405806671401054,0.624907354358216,0.3904845131511315,0.6186575115498175,0.7148411591138436,0.8415283625697502,0.6280188204864866,0.39591885223142426,0.6218220117625536,0.716501456132519,0.8433960666129907,0.6288164083685374,0.3977718820776751,0.6233281190197343
Std,0.1126448217055062,0.12828442985838678,0.3313761924072551,0.2862109358845466,0.1393546905968598,0.06242153203671453,0.062244706872249984,0.070481153733466,0.15124718367676823,0.06253363954312957,0.06242153203671453,0.06218089990038819,0.070481153733466,0.1509376481588611,0.06252593086075207,0.0627836101287415,0.06124260540378227,0.07343930122789559,0.15030057492550827,0.06301438925479229,0.06309362853492623,0.05718061362072943,0.07717661676712327,0.15243671523868052,0.06504404342238844,0.06300799767986466,0.05713646753935276,0.07717661676712327,0.15192916291734307,0.06482388784345676,0.0641193956626878,0.05789786028383867,0.07874254852483437,0.15244295291195353,0.06581389878922055,0.08145602133398097,0.09894351429902551,0.15534298841443778,0.17440306706278758,0.07159253304018302,0.13723272459382335,0.1311533580538157,0.28047453944474365,0.32309171293537503,0.16945400548902415,0.13747789126274262,0.13221597893493783,0.28038868308695075,0.32456328974947835,0.16989746028207411,0.14218608792544,0.1351731027819661,0.29127415667430756,0.3457471234962635,0.1802790341639461,0.14231455036121599,0.13553834307049714,0.2915528845819599,0.3471468993839144,0.18066863724239618
