Subject,Source_Acc,Source_F1_0,Source_F1_1,Source_MacroF1,Norm_Acc,Norm_F1_0,Norm_F1_1,Norm_MacroF1,Tent_Acc,Tent_F1_0,Tent_F1_1,Tent_MacroF1,OFTTA_Acc,OFTTA_F1_0,OFTTA_F1_1,OFTTA_MacroF1,EMATent_Acc,EMATent_F1_0,EMATent_F1_1,EMATent_MacroF1,DynaMixEMATent_Acc,DynaMixEMATent_F1_0,DynaMixEMATent_F1_1,DynaMixEMATent_MacroF1,TEMA_Acc,TEMA_F1_0,TEMA_F1_1,TEMA_MacroF1,DUA_Acc,DUA_F1_0,DUA_F1_1,DUA_MacroF1,RoTTA_Acc,RoTTA_F1_0,RoTTA_F1_1,RoTTA_MacroF1,NOTE_Acc,NOTE_F1_0,NOTE_F1_1,NOTE_MacroF1,DELTA_Acc,DELTA_F1_0,DELTA_F1_1,DELTA_MacroF1
01-9TZK,0.43341404358353514,0.3675675675675676,0.4868421052631579,0.4272048364153628,0.47699757869249393,0.44329896907216493,0.5068493150684932,0.47507414207032905,0.4794188861985472,0.4444444444444444,0.510250569476082,0.47734750696026323,0.43825665859564167,0.40512820512820513,0.46788990825688076,0.4365090566925429,0.42857142857142855,0.3723404255319149,0.47555555555555556,0.4239479905437352,0.43341404358353514,0.38421052631578945,0.47533632286995514,0.42977342459287227,0.3946731234866828,0.358974358974359,0.42660550458715596,0.3927899317807575,0.3898305084745763,0.35051546391752575,0.4246575342465753,0.38758649908205056,0.4963680387409201,0.4583333333333333,0.5294117647058824,0.49387254901960786,0.4963680387409201,0.4583333333333333,0.5294117647058824,0.49387254901960786,0.48426150121065376,0.4580152671755725,0.5080831408775982,0.48304920402658535
02-9TZO,0.44552058111380144,0.5178947368421053,0.3475783475783476,0.43273654221022645,0.42857142857142855,0.4380952380952381,0.4187192118226601,0.4284072249589491,0.42857142857142855,0.4380952380952381,0.4187192118226601,0.4284072249589491,0.4576271186440678,0.48148148148148145,0.43147208121827413,0.4564767813498778,0.4891041162227603,0.5149425287356322,0.46035805626598464,0.4876502925008084,0.46973365617433416,0.496551724137931,0.4398976982097187,0.46822471117382486,0.45036319612590797,0.5159914712153518,0.3641456582633053,0.44006856473932854,0.45036319612590797,0.5159914712153518,0.3641456582633053,0.44006856473932854,0.4406779661016949,0.4433734939759036,0.43795620437956206,0.44066484917773285,0.4406779661016949,0.4433734939759036,0.43795620437956206,0.44066484917773285,0.45036319612590797,0.46588235294117647,0.4339152119700748,0.44989878245562565
03-9U4C,0.5399515738498789,0.6122448979591837,0.43452380952380953,0.5233843537414966,0.44552058111380144,0.525879917184265,0.3323615160349854,0.4291207166096252,0.44552058111380144,0.525879917184265,0.3323615160349854,0.4291207166096252,0.41404358353510895,0.47844827586206895,0.3314917127071823,0.40496999428462566,0.48426150121065376,0.5359477124183006,0.4196185286103542,0.4777831205143274,0.5060532687651331,0.5603448275862069,0.43646408839779005,0.49840445799199845,0.5520581113801453,0.6232179226069247,0.44776119402985076,0.5354895583183877,0.5544794188861986,0.6244897959183674,0.4523809523809524,0.5384353741496599,0.4116222760290557,0.4884210526315789,0.3076923076923077,0.3980566801619433,0.4116222760290557,0.4884210526315789,0.3076923076923077,0.3980566801619433,0.44794188861985473,0.4841628959276018,0.40625,0.44520644796380093
04-9U66,0.41646489104116224,0.26299694189602446,0.5170340681362725,0.39001550501614846,0.4939467312348668,0.44562334217506633,0.534521158129176,0.4900722501521212,0.4939467312348668,0.44562334217506633,0.534521158129176,0.4900722501521212,0.49878934624697335,0.4328767123287671,0.5509761388286334,0.49192642557870025,0.4600484261501211,0.38904109589041097,0.5162689804772235,0.45265503818381725,0.46246973365617433,0.3867403314917127,0.521551724137931,0.4541460278148219,0.41404358353510895,0.29239766081871343,0.5,0.3961988304093567,0.41404358353510895,0.29239766081871343,0.5,0.3961988304093567,0.5157384987893463,0.4594594594594595,0.5614035087719298,0.5104314841156946,0.5157384987893463,0.4594594594594595,0.5614035087719298,0.5104314841156946,0.39709443099273606,0.4429530201342282,0.34300791556728233,0.39298046785075524
05-9U8B,0.4188861985472155,0.2727272727272727,0.5161290322580645,0.3944281524926686,0.5060532687651331,0.3333333333333333,0.6076923076923076,0.4705128205128205,0.5060532687651331,0.3333333333333333,0.6076923076923076,0.4705128205128205,0.5375302663438256,0.38977635782747605,0.6276803118908382,0.5087283348591571,0.5084745762711864,0.31186440677966104,0.6177024482109228,0.4647834274952919,0.4721549636803874,0.32298136645962733,0.5674603174603174,0.44522084195997236,0.45036319612590797,0.3100303951367781,0.5432595573440644,0.42664497624042125,0.44794188861985473,0.3048780487804878,0.5421686746987951,0.42352336173964145,0.5230024213075061,0.3665594855305466,0.6174757281553398,0.4920176068429432,0.5230024213075061,0.3665594855305466,0.6174757281553398,0.4920176068429432,0.42857142857142855,0.4187192118226601,0.4380952380952381,0.4284072249589491
06-9UA7,0.48184019370460046,0.5069124423963134,0.45408163265306123,0.4804970375246873,0.44794188861985473,0.4841628959276018,0.40625,0.44520644796380093,0.44794188861985473,0.4841628959276018,0.40625,0.44520644796380093,0.4600484261501211,0.47030878859857483,0.44938271604938274,0.4598457523239788,0.48184019370460046,0.46766169154228854,0.49528301886792453,0.48147235520510656,0.47699757869249393,0.48325358851674644,0.47058823529411764,0.47692091190543207,0.48184019370460046,0.5069124423963134,0.45408163265306123,0.4804970375246873,0.48184019370460046,0.5069124423963134,0.45408163265306123,0.4804970375246873,0.4721549636803874,0.5045454545454545,0.43523316062176165,0.4698893075836081,0.4721549636803874,0.5045454545454545,0.43523316062176165,0.4698893075836081,0.5956416464891041,0.6393088552915767,0.5399449035812672,0.5896268794364219
07-9UAD,0.559322033898305,0.6738351254480287,0.3208955223880597,0.4973653239180442,0.45278450363196127,0.5533596837944664,0.29375,0.42355484189723325,0.45278450363196127,0.5533596837944664,0.29375,0.42355484189723325,0.43099273607748184,0.5154639175257731,0.31085043988269795,0.4131571787042355,0.5230024213075061,0.6275992438563327,0.3367003367003367,0.4821497902783347,0.5084745762711864,0.6177024482109228,0.31186440677966104,0.4647834274952919,0.5932203389830508,0.711340206185567,0.3114754098360656,0.5114078080108163,0.5883777239709443,0.7079037800687286,0.30327868852459017,0.5055912342966593,0.48668280871670705,0.5826771653543307,0.3333333333333333,0.458005249343832,0.48668280871670705,0.5826771653543307,0.3333333333333333,0.458005249343832,0.5665859564164649,0.6786355475763016,0.3345724907063197,0.5066040191413107
08-9UB2,0.5205811138014528,0.648936170212766,0.24427480916030533,0.44660548968653563,0.4915254237288136,0.5930232558139535,0.3225806451612903,0.45780195048762196,0.4915254237288136,0.5930232558139535,0.3225806451612903,0.45780195048762196,0.3341404358353511,0.4008714596949891,0.2506811989100817,0.3257763293025354,0.3898305084745763,0.5,0.21739130434782608,0.358695652173913,0.3946731234866828,0.5098039215686274,0.2088607594936709,0.35933234053114915,0.4891041162227603,0.6128440366972477,0.2491103202846975,0.4309771784909726,0.4915254237288136,0.6153846153846154,0.25,0.4326923076923077,0.4576271186440678,0.5658914728682171,0.27741935483870966,0.4216554138534634,0.4576271186440678,0.5658914728682171,0.27741935483870966,0.4216554138534634,0.5230024213075061,0.634508348794063,0.313588850174216,0.4740485994841395
09-9UDP,0.5679611650485437,0.13592233009708737,0.7119741100323624,0.4239482200647249,0.49514563106796117,0.45263157894736844,0.5315315315315315,0.49208155523944996,0.49029126213592233,0.450261780104712,0.5248868778280543,0.4875743289663832,0.4174757281553398,0.3333333333333333,0.4827586206896552,0.40804597701149425,0.5097087378640777,0.26277372262773724,0.6327272727272727,0.44775049767750497,0.48058252427184467,0.24113475177304963,0.6051660516605166,0.42315040171678314,0.558252427184466,0.2222222222222222,0.6915254237288135,0.4568738229755179,0.5679611650485437,0.22608695652173913,0.7003367003367004,0.46321182842921976,0.48058252427184467,0.42162162162162165,0.5286343612334802,0.4751279914275509,0.48058252427184467,0.42162162162162165,0.5286343612334802,0.4751279914275509,0.470873786407767,0.4293193717277487,0.5067873303167421,0.4680533510222454
10-9UHM,0.387409200968523,0.3496143958868895,0.42105263157894735,0.3853335137329184,0.46246973365617433,0.4126984126984127,0.5044642857142857,0.4585813492063492,0.46246973365617433,0.4126984126984127,0.5044642857142857,0.4585813492063492,0.4188861985472155,0.40298507462686567,0.4339622641509434,0.4184736693889045,0.38256658595641646,0.33766233766233766,0.4217687074829932,0.37971552257266544,0.41404358353510895,0.34594594594594597,0.4692982456140351,0.40762209577999053,0.4116222760290557,0.3485254691689008,0.46357615894039733,0.40605081405464905,0.4067796610169492,0.3466666666666667,0.4567627494456763,0.4017147080561715,0.44552058111380144,0.3925729442970822,0.48997772828507796,0.44127533629108007,0.44552058111380144,0.3925729442970822,0.48997772828507796,0.44127533629108007,0.43099273607748184,0.45727482678983833,0.4020356234096692,0.42965522509975373
11-9UIZ,0.6658595641646489,0.23333333333333334,0.7863777089783281,0.5098555211558308,0.5399515738498789,0.291044776119403,0.6594982078853047,0.47527149200235386,0.5399515738498789,0.291044776119403,0.6594982078853047,0.47527149200235386,0.6537530266343826,0.3470319634703196,0.7644151565074135,0.5557235599888666,0.612590799031477,0.30434782608695654,0.7315436241610739,0.5179457251240152,0.612590799031477,0.3103448275862069,0.7306397306397306,0.5204922791129688,0.6537530266343826,0.30917874396135264,0.7689822294022617,0.5390804866818072,0.6585956416464891,0.3121951219512195,0.7729468599033816,0.5425709909273005,0.5326876513317191,0.2661596958174905,0.6571936056838366,0.46167665075066355,0.5351089588377724,0.2727272727272727,0.6583629893238434,0.46554513102555806,0.6368038740920097,0.29245283018867924,0.755700325732899,0.5240765779607891
12-9UN3,0.43341404358353514,0.5411764705882353,0.25949367088607594,0.4003350707371556,0.48426150121065376,0.6162162162162163,0.2140221402214022,0.4151191782188092,0.48426150121065376,0.6162162162162163,0.2140221402214022,0.4151191782188092,0.4043583535108959,0.5444444444444444,0.13986013986013987,0.34215229215229215,0.48426150121065376,0.5973534971644613,0.2828282828282828,0.440090889996372,0.47699757869249393,0.5909090909090909,0.2751677852348993,0.43303843807199516,0.5157384987893463,0.6336996336996337,0.2857142857142857,0.4597069597069597,0.513317191283293,0.6311926605504588,0.2846975088967972,0.45794508472362794,0.48668280871670705,0.6227758007117438,0.19696969696969696,0.40987274884072034,0.48668280871670705,0.6227758007117438,0.19696969696969696,0.40987274884072034,0.6198547215496368,0.7617602427921093,0.059880239520958084,0.4108202411565337
13-9UOF,0.639225181598063,0.4581818181818182,0.7295825771324864,0.5938821976571523,0.5278450363196125,0.4108761329305136,0.6060606060606061,0.5084683694955598,0.5278450363196125,0.4108761329305136,0.6060606060606061,0.5084683694955598,0.48426150121065376,0.2629757785467128,0.6033519553072626,0.4331638669269877,0.4939467312348668,0.31475409836065577,0.5988483685220729,0.45680123344136436,0.48184019370460046,0.3096774193548387,0.5852713178294574,0.44747436859214806,0.5665859564164649,0.4013377926421405,0.6603415559772297,0.530839674309685,0.576271186440678,0.4107744107744108,0.6691871455576559,0.5399807781660333,0.48184019370460046,0.3592814371257485,0.5650406504065041,0.4621610437661263,0.48184019370460046,0.3592814371257485,0.5650406504065041,0.4621610437661263,0.5544794188861986,0.3825503355704698,0.6515151515151515,0.5170327435428106
14-9UP0,0.58,0.3137254901960784,0.6974063400576369,0.5055659151268577,0.488,0.20987654320987653,0.621301775147929,0.4155891591789027,0.488,0.20987654320987653,0.621301775147929,0.4155891591789027,0.724,0.3783783783783784,0.8226221079691517,0.600500243173765,0.616,0.3142857142857143,0.7333333333333333,0.5238095238095237,0.612,0.302158273381295,0.7313019390581718,0.5167301062197334,0.572,0.2913907284768212,0.6934097421203438,0.49240023529858246,0.576,0.29333333333333333,0.6971428571428572,0.49523809523809526,0.5,0.2138364779874214,0.6334310850439883,0.42363378151570485,0.504,0.21518987341772153,0.6374269005847953,0.42630838700125845,0.448,0.2247191011235955,0.5714285714285714,0.39807383627608345
15-9UR2,0.36561743341404357,0.33163265306122447,0.39631336405529954,0.363973008558262,0.4794188861985472,0.3086816720257235,0.5825242718446602,0.4456029719351918,0.4794188861985472,0.3086816720257235,0.5825242718446602,0.4456029719351918,0.39709443099273606,0.29859154929577464,0.4713375796178344,0.3849645644568045,0.41404358353510895,0.28402366863905326,0.5040983606557377,0.39406101464739546,0.423728813559322,0.2874251497005988,0.516260162601626,0.40184265615111237,0.35108958837772397,0.29842931937172773,0.3963963963963964,0.34741285788406207,0.34624697336561744,0.3005181347150259,0.38636363636363635,0.34344088553933116,0.46246973365617433,0.31901840490797545,0.556,0.4375092024539877,0.46246973365617433,0.31901840490797545,0.556,0.4375092024539877,0.387409200968523,0.2792022792022792,0.4673684210526316,0.3732853501274554
16-9USC,0.5520581113801453,0.5363408521303258,0.5667447306791569,0.5515427914047413,0.4891041162227603,0.4940047961630695,0.4841075794621027,0.4890561878125861,0.4891041162227603,0.4940047961630695,0.4841075794621027,0.4890561878125861,0.49878934624697335,0.4759493670886076,0.5197215777262181,0.4978354724074128,0.513317191283293,0.4779220779220779,0.54421768707483,0.511069882498454,0.49878934624697335,0.46511627906976744,0.5284738041002278,0.49679504158499765,0.5399515738498789,0.5320197044334976,0.5476190476190477,0.5398193760262726,0.5351089588377724,0.5270935960591133,0.5428571428571428,0.5349753694581281,0.4794188861985472,0.48687350835322196,0.47174447174447176,0.47930899004884686,0.4794188861985472,0.48687350835322196,0.47174447174447176,0.47930899004884686,0.4600484261501211,0.43256997455470736,0.48498845265588914,0.4587792136052983
17-9UTL,0.387409200968523,0.42105263157894735,0.3496143958868895,0.3853335137329184,0.387409200968523,0.40749414519906324,0.3659147869674185,0.3867044660832409,0.387409200968523,0.40749414519906324,0.3659147869674185,0.3867044660832409,0.3922518159806295,0.3922518159806295,0.3922518159806295,0.3922518159806295,0.42857142857142855,0.4611872146118721,0.3917525773195876,0.4264698959657299,0.44794188861985473,0.49107142857142855,0.3968253968253968,0.4439484126984127,0.3898305084745763,0.44,0.32978723404255317,0.38489361702127656,0.387409200968523,0.4365256124721604,0.32891246684350134,0.38271903965783083,0.3704600484261501,0.38095238095238093,0.35960591133004927,0.3702791461412151,0.3704600484261501,0.37799043062200954,0.3627450980392157,0.3703677643306126,0.5084745762711864,0.5964214711729622,0.3715170278637771,0.4839692495183696
18-9UVM,0.41404358353510895,0.3888888888888889,0.4372093023255814,0.41304909560723513,0.38498789346246975,0.45726495726495725,0.2905027932960894,0.37388387528052336,0.38498789346246975,0.45726495726495725,0.2905027932960894,0.37388387528052336,0.37772397094430993,0.40093240093240096,0.3526448362720403,0.3767886186022206,0.4043583535108959,0.4225352112676056,0.385,0.4037676056338028,0.41646489104116224,0.4408352668213457,0.389873417721519,0.41535434227143236,0.43341404358353514,0.44285714285714284,0.4236453201970443,0.43325123152709355,0.43341404358353514,0.44549763033175355,0.4207920792079208,0.43314485476983716,0.3946731234866828,0.45652173913043476,0.31693989071038253,0.3867308149204086,0.3946731234866828,0.45652173913043476,0.31693989071038253,0.3867308149204086,0.3583535108958838,0.43254817987152033,0.2618384401114206,0.34719330999147047
19-9UY7,0.5399515738498789,0.7012578616352201,0.0,0.35062893081761004,0.46731234866828086,0.636963696369637,0.0,0.3184818481848185,0.46973365617433416,0.6392092257001647,0.0,0.31960461285008235,0.6246973365617433,0.7690014903129657,0.0,0.38450074515648286,0.4915254237288136,0.6590909090909091,0.0,0.32954545454545453,0.5157384987893463,0.6805111821086262,0.0,0.3402555910543131,0.559322033898305,0.717391304347826,0.0,0.358695652173913,0.5569007263922519,0.7153965785381027,0.0,0.35769828926905134,0.4406779661016949,0.611764705882353,0.0,0.3058823529411765,0.4406779661016949,0.611764705882353,0.0,0.3058823529411765,0.44552058111380144,0.6164154103852596,0.0,0.3082077051926298
20-9V52,0.5302663438256658,0.48404255319148937,0.5688888888888889,0.5264657210401891,0.48184019370460046,0.3668639053254438,0.5614754098360656,0.4641696575807547,0.48184019370460046,0.3668639053254438,0.5614754098360656,0.4641696575807547,0.4213075060532688,0.32294617563739375,0.49471458773784355,0.40883038168761865,0.4794188861985472,0.3302180685358255,0.5742574257425742,0.45223774713919984,0.48184019370460046,0.33125,0.5770750988142292,0.45416254940711465,0.49878934624697335,0.448,0.541019955654102,0.494509977827051,0.5060532687651331,0.4631578947368421,0.5426008968609866,0.5028793957989144,0.4430992736077482,0.294478527607362,0.54,0.41723926380368104,0.44552058111380144,0.2953846153846154,0.5429141716566867,0.41914939352065106,0.46973365617433416,0.46454767726161367,0.4748201438848921,0.46968391057325287
21-9V5J,0.6610169491525424,0.7577854671280276,0.43548387096774194,0.5966346690478848,0.5447941888619855,0.6,0.47191011235955055,0.5359550561797752,0.5447941888619855,0.6,0.47191011235955055,0.5359550561797752,0.5980629539951574,0.6359649122807017,0.5513513513513514,0.5936581318160266,0.5714285714285714,0.6438631790744467,0.46200607902735563,0.5529346290509012,0.5786924939467313,0.6547619047619048,0.45962732919254656,0.5571946169772257,0.6053268765133172,0.7009174311926606,0.4199288256227758,0.5604231284077181,0.6053268765133172,0.7020109689213894,0.4157706093189964,0.5588907891201929,0.5786924939467313,0.6297872340425532,0.5112359550561798,0.5705115945493665,0.5786924939467313,0.6297872340425532,0.5112359550561798,0.5705115945493665,0.5399515738498789,0.5662100456621004,0.5103092783505154,0.5382596620063079
22-9V5N,0.5060532687651331,0.6061776061776062,0.33766233766233766,0.4719199719199719,0.4600484261501211,0.4897025171624714,0.4267352185089974,0.4582188678357344,0.4600484261501211,0.4897025171624714,0.4267352185089974,0.4582188678357344,0.4891041162227603,0.5127020785219399,0.4631043256997455,0.4879032021108427,0.4963680387409201,0.5418502202643172,0.44086021505376344,0.49135521765904033,0.5036319612590799,0.5454545454545454,0.4533333333333333,0.4993939393939394,0.5108958837772397,0.5943775100401606,0.38414634146341464,0.4892619257517876,0.5036319612590799,0.590818363273453,0.36923076923076925,0.48002456625211115,0.4576271186440678,0.5,0.4074074074074074,0.4537037037037037,0.4576271186440678,0.5,0.4074074074074074,0.4537037037037037,0.46973365617433416,0.43410852713178294,0.5011389521640092,0.46762373964789605
23-9VIV,0.5108958837772397,0.61003861003861,0.34415584415584416,0.47709722709722713,0.4019370460048426,0.42691415313225056,0.37468354430379747,0.400798848718024,0.39951573849878935,0.42592592592592593,0.37055837563451777,0.39824215078022185,0.43099273607748184,0.4766146993318486,0.376657824933687,0.4266362621327678,0.46246973365617433,0.5022421524663677,0.41578947368421054,0.45901581307528916,0.47699757869249393,0.5263157894736842,0.41621621621621624,0.47126600284495024,0.5036319612590799,0.605009633911368,0.3322475570032573,0.4686285954573126,0.5060532687651331,0.6076923076923076,0.3333333333333333,0.4705128205128205,0.4116222760290557,0.44646924829157175,0.37209302325581395,0.40928113577369285,0.41404358353510895,0.45,0.37305699481865284,0.4115284974093264,0.41404358353510895,0.4474885844748858,0.37628865979381443,0.4118886221343501
24-9VL3,0.4648910411622276,0.5366876310272537,0.3667621776504298,0.4517249043388417,0.5157384987893463,0.5121951219512195,0.5192307692307693,0.5157129455909943,0.5157384987893463,0.5121951219512195,0.5192307692307693,0.5157129455909943,0.43341404358353514,0.5125,0.3236994219653179,0.41809971098265897,0.4648910411622276,0.5267665952890792,0.38440111420612816,0.45558385474760366,0.46246973365617433,0.5296610169491526,0.3728813559322034,0.451271186440678,0.42857142857142855,0.556390977443609,0.19727891156462585,0.3768349445041174,0.43341404358353514,0.5617977528089888,0.19863013698630136,0.3802139448976451,0.5036319612590799,0.5130641330166271,0.49382716049382713,0.5034456467552271,0.5036319612590799,0.5130641330166271,0.49382716049382713,0.5034456467552271,0.3898305084745763,0.3942307692307692,0.3853658536585366,0.38979831144465293
25-9VNK,0.4721549636803874,0.551440329218107,0.3588235294117647,0.45513192931493585,0.5254237288135594,0.5288461538461539,0.5219512195121951,0.5253986866791744,0.5254237288135594,0.5288461538461539,0.5219512195121951,0.5253986866791744,0.513317191283293,0.5314685314685315,0.49370277078085645,0.512585651124694,0.43825665859564167,0.45794392523364486,0.41708542713567837,0.4375146761846616,0.43099273607748184,0.45977011494252873,0.3989769820971867,0.4293735485198577,0.4576271186440678,0.5087719298245614,0.3945945945945946,0.451683262209578,0.4576271186440678,0.5109170305676856,0.391304347826087,0.45111068919688624,0.5351089588377724,0.5406698564593302,0.5294117647058824,0.5350408105826063,0.5351089588377724,0.5406698564593302,0.5294117647058824,0.5350408105826063,0.4963680387409201,0.5047619047619047,0.4876847290640394,0.49622331691297206
26-9VTJ,0.5326876513317191,0.45014245014245013,0.5936842105263158,0.521913330334383,0.48668280871670705,0.4854368932038835,0.48792270531400966,0.48667979925894655,0.4891041162227603,0.48661800486618007,0.491566265060241,0.4890921349632105,0.4552058111380145,0.4,0.5011086474501109,0.45055432372505544,0.5181598062953995,0.4693333333333333,0.5587583148558758,0.5140458240946045,0.5205811138014528,0.46774193548387094,0.5638766519823789,0.5158092937331249,0.5375302663438256,0.467966573816156,0.5910064239828694,0.5294864988995127,0.5351089588377724,0.4666666666666667,0.5879828326180258,0.5273247496423462,0.5060532687651331,0.5142857142857142,0.4975369458128079,0.505911330049261,0.5060532687651331,0.5142857142857142,0.4975369458128079,0.505911330049261,0.5520581113801453,0.48753462603878117,0.6021505376344086,0.544842581836595
27-9VUW,0.4915254237288136,0.5291479820627802,0.4473684210526316,0.48825820155770594,0.5036319612590799,0.4474393530997305,0.5494505494505495,0.49844495127514,0.5036319612590799,0.4474393530997305,0.5494505494505495,0.49844495127514,0.48426150121065376,0.3194888178913738,0.5847953216374269,0.4521420697644003,0.44552058111380144,0.3400576368876081,0.5219206680584552,0.4309891524730316,0.4552058111380145,0.336283185840708,0.5379876796714579,0.4371354327560829,0.4939467312348668,0.4708860759493671,0.5150812064965197,0.49298364122294336,0.49878934624697335,0.4732824427480916,0.5219399538106235,0.49761119827935757,0.5544794188861986,0.518324607329843,0.5855855855855856,0.5519550964577142,0.5544794188861986,0.518324607329843,0.5855855855855856,0.5519550964577142,0.6198547215496368,0.5047318611987381,0.6915520628683693,0.5981419620335537
28-9VXK,0.4552058111380145,0.5454545454545454,0.3202416918429003,0.43284811864872286,0.46973365617433416,0.4398976982097187,0.496551724137931,0.46822471117382486,0.46973365617433416,0.4398976982097187,0.496551724137931,0.46822471117382486,0.4043583535108959,0.3880597014925373,0.419811320754717,0.40393551112362713,0.3946731234866828,0.41037735849056606,0.3781094527363184,0.39424340561344223,0.3946731234866828,0.41037735849056606,0.3781094527363184,0.39424340561344223,0.43099273607748184,0.5271629778672032,0.2857142857142857,0.40643863179074446,0.4406779661016949,0.5370741482965932,0.29357798165137616,0.41532606497398467,0.4576271186440678,0.4427860696517413,0.4716981132075472,0.4572420914296442,0.4576271186440678,0.4427860696517413,0.4716981132075472,0.4572420914296442,0.423728813559322,0.4978902953586498,0.32386363636363635,0.4108769658611431
29-9VXR,0.4939467312348668,0.16733067729083664,0.6365217391304347,0.4019262082106357,0.4963680387409201,0.16129032258064516,0.6401384083044983,0.4007143654425717,0.4963680387409201,0.16129032258064516,0.6401384083044983,0.4007143654425717,0.5447941888619855,0.14545454545454545,0.6897689768976898,0.41761176117611765,0.5230024213075061,0.17573221757322174,0.6643952299829642,0.420063723778093,0.4915254237288136,0.14634146341463414,0.6379310344827587,0.3921362489486964,0.3559322033898305,0.15286624203821655,0.48046875,0.31666749601910826,0.3559322033898305,0.15286624203821655,0.48046875,0.31666749601910826,0.4576271186440678,0.13846153846153847,0.6042402826855123,0.37135091057352543,0.4576271186440678,0.13846153846153847,0.6042402826855123,0.37135091057352543,0.6101694915254238,0.20689655172413793,0.7415730337078652,0.47423479271600155
30-9VYD,0.387409200968523,0.27089337175792505,0.4718162839248434,0.37135482784138424,0.46731234866828086,0.5510204081632653,0.34523809523809523,0.44812925170068024,0.4648910411622276,0.5480572597137015,0.34421364985163205,0.44613545478266675,0.44794188861985473,0.44660194174757284,0.4492753623188406,0.4479386520332067,0.5012106537530266,0.5275229357798165,0.4717948717948718,0.4996589037873441,0.5084745762711864,0.5375854214123007,0.4754521963824289,0.5065188088973648,0.42857142857142855,0.3854166666666667,0.4660633484162896,0.4257400075414781,0.4116222760290557,0.35543766578249336,0.45879732739420936,0.4071174965883514,0.4939467312348668,0.579476861167002,0.364741641337386,0.47210925125219405,0.4939467312348668,0.579476861167002,0.364741641337386,0.47210925125219405,0.5278450363196125,0.5979381443298969,0.4281524926686217,0.5130453184992593
31-9VZJ,0.4430992736077482,0.54,0.294478527607362,0.41723926380368104,0.44552058111380144,0.4143222506393862,0.4735632183908046,0.4439427345150954,0.44552058111380144,0.4143222506393862,0.4735632183908046,0.4439427345150954,0.5036319612590799,0.5454545454545454,0.4533333333333333,0.4993939393939394,0.49878934624697335,0.5605095541401274,0.4169014084507042,0.4887054812954158,0.49878934624697335,0.5548387096774193,0.4265927977839335,0.49071575373067644,0.45278450363196127,0.5349794238683128,0.3352941176470588,0.43513677075768575,0.45278450363196127,0.5368852459016393,0.33136094674556216,0.43412309632360074,0.43341404358353514,0.415,0.4507042253521127,0.43285211267605633,0.4358353510895884,0.41604010025062654,0.45433255269320844,0.43518632647191746,0.513317191283293,0.3890577507598784,0.5955734406438632,0.4923155957018708
32-9VZN,0.288135593220339,0.15028901734104047,0.3875,0.2688945086705202,0.4043583535108959,0.4225352112676056,0.385,0.4037676056338028,0.4019370460048426,0.4188235294117647,0.38403990024937656,0.4014317148305706,0.387409200968523,0.30684931506849317,0.4511930585683297,0.37902118681841146,0.35351089588377727,0.3308270676691729,0.3747072599531616,0.35276716381116724,0.37530266343825663,0.3582089552238806,0.3915094339622642,0.3748591945930724,0.3704600484261501,0.32642487046632124,0.4090909090909091,0.3677578897786152,0.36319612590799033,0.3133159268929504,0.40632054176072235,0.35981823432683635,0.3704600484261501,0.36893203883495146,0.3719806763285024,0.3704563575817269,0.3704600484261501,0.36893203883495146,0.3719806763285024,0.3704563575817269,0.5084745762711864,0.6162570888468809,0.3164983164983165,0.4663777026725987
33-9VZR,0.5278450363196125,0.4715447154471545,0.5733041575492341,0.5224244364981943,0.5108958837772397,0.5345622119815668,0.4846938775510204,0.5096280447662936,0.5108958837772397,0.5345622119815668,0.4846938775510204,0.5096280447662936,0.43099273607748184,0.35967302452316074,0.4880174291938998,0.42384522685853027,0.4430992736077482,0.4221105527638191,0.46261682242990654,0.44236368759686284,0.43341404358353514,0.4292682926829268,0.4375,0.4333841463414634,0.4891041162227603,0.47642679900744417,0.5011820330969267,0.4888044160521854,0.4939467312348668,0.47880299251870323,0.508235294117647,0.49351914331817515,0.4600484261501211,0.5033407572383074,0.40848806366047746,0.4559144104493924,0.4600484261501211,0.5033407572383074,0.40848806366047746,0.4559144104493924,0.5811138014527845,0.6640776699029126,0.4437299035369775,0.553903786719945
34-9W1R,0.4351145038167939,0.39344262295081966,0.4714285714285714,0.43243559718969554,0.42748091603053434,0.3119266055045872,0.5098039215686274,0.4108652635366073,0.42748091603053434,0.3119266055045872,0.5098039215686274,0.4108652635366073,0.4770992366412214,0.3686635944700461,0.5537459283387622,0.46120476140440414,0.4618320610687023,0.37333333333333335,0.5284280936454849,0.45088071348940917,0.4580152671755725,0.3826086956521739,0.5170068027210885,0.4498077491866312,0.45038167938931295,0.4,0.49295774647887325,0.44647887323943664,0.44656488549618323,0.3983402489626556,0.4876325088339223,0.44298637889828896,0.44656488549618323,0.34977578475336324,0.5182724252491694,0.4340241050012663,0.44656488549618323,0.34977578475336324,0.5182724252491694,0.4340241050012663,0.4580152671755725,0.4496124031007752,0.46616541353383456,0.4578889083173049
36-9W4C,0.513317191283293,0.4369747899159664,0.5714285714285714,0.5042016806722689,0.48184019370460046,0.5180180180180181,0.4397905759162304,0.4789042969671242,0.4794188861985472,0.5168539325842697,0.4356955380577428,0.4762747353210063,0.4891041162227603,0.39886039886039887,0.5557894736842105,0.47732493627230466,0.5569007263922519,0.4930747922437673,0.6064516129032258,0.5497632025734965,0.5690072639225182,0.4943181818181818,0.6244725738396625,0.5593953778289221,0.5351089588377724,0.44508670520231214,0.6,0.522543352601156,0.5375302663438256,0.4463768115942029,0.6029106029106029,0.524643707252403,0.4794188861985472,0.549266247379455,0.3839541547277937,0.46661020105362433,0.4794188861985472,0.549266247379455,0.3839541547277937,0.46661020105362433,0.5230024213075061,0.4718498659517426,0.565121412803532,0.5184856393776374
37-9W4X,0.513317191283293,0.27956989247311825,0.6325411334552102,0.45605551296416424,0.45278450363196127,0.22602739726027396,0.5767790262172284,0.4014032117387512,0.45278450363196127,0.22602739726027396,0.5767790262172284,0.4014032117387512,0.43825665859564167,0.2108843537414966,0.5639097744360902,0.38739706408879343,0.4963680387409201,0.2517985611510791,0.6204379562043796,0.43611825867772935,0.4721549636803874,0.22695035460992907,0.5992647058823529,0.413107530246141,0.4963680387409201,0.24087591240875914,0.6231884057971014,0.4320321591029303,0.49878934624697335,0.24727272727272728,0.6243194192377496,0.43579607325523845,0.4116222760290557,0.19801980198019803,0.5353728489483748,0.36669632546428643,0.4116222760290557,0.19801980198019803,0.5353728489483748,0.36669632546428643,0.5907990314769975,0.2987551867219917,0.7111111111111111,0.5049331489165514
38-9W6A,0.4721549636803874,0.42328042328042326,0.5133928571428571,0.4683366402116402,0.5302663438256658,0.49214659685863876,0.5630630630630631,0.5276048299608509,0.5326876513317191,0.49343832020997375,0.5662921348314607,0.5298652275207172,0.4721549636803874,0.4603960396039604,0.4834123222748815,0.471904180939421,0.5326876513317191,0.45938375350140054,0.5884861407249466,0.5239349471131736,0.5472154963680388,0.4932249322493225,0.5908096280087527,0.5420172801290376,0.5230024213075061,0.5037783375314862,0.5407925407925408,0.5222854391620135,0.5108958837772397,0.4873096446700508,0.5324074074074074,0.5098585260387292,0.49878934624697335,0.448,0.541019955654102,0.494509977827051,0.49878934624697335,0.448,0.541019955654102,0.494509977827051,0.5690072639225182,0.463855421686747,0.6396761133603239,0.5517657675235355
39-9W6G,0.4915254237288136,0.5766129032258065,0.36363636363636365,0.47012463343108507,0.5520581113801453,0.6021505376344086,0.48753462603878117,0.544842581836595,0.5520581113801453,0.6021505376344086,0.48753462603878117,0.544842581836595,0.5811138014527845,0.5871121718377088,0.5749385749385749,0.5810253733881419,0.5544794188861986,0.6198347107438017,0.4619883040935672,0.5409115074186844,0.5641646489104116,0.6311475409836066,0.46745562130177515,0.5493015811426909,0.5399515738498789,0.6274509803921569,0.3987341772151899,0.5130925788036733,0.5351089588377724,0.6235294117647059,0.3924050632911392,0.5079672375279225,0.513317191283293,0.569593147751606,0.4401114206128134,0.5048522841822096,0.513317191283293,0.569593147751606,0.4401114206128134,0.5048522841822096,0.4406779661016949,0.5010799136069114,0.36363636363636365,0.4323581386216375
40-9W74,0.4648910411622276,0.5206073752711496,0.39452054794520547,0.4575639616081776,0.513317191283293,0.5855670103092784,0.41055718475073316,0.49806209753000574,0.513317191283293,0.5855670103092784,0.41055718475073316,0.49806209753000574,0.48426150121065376,0.5731462925851704,0.3486238532110092,0.4608850728980898,0.46246973365617433,0.48130841121495327,0.44221105527638194,0.4617597332456676,0.4552058111380145,0.4897959183673469,0.4155844155844156,0.45269016697588127,0.4067796610169492,0.4341801385681293,0.37659033078880405,0.40538523467846665,0.41404358353510895,0.4372093023255814,0.3888888888888889,0.41304909560723513,0.5302663438256658,0.5991735537190083,0.4327485380116959,0.5159610458653521,0.5302663438256658,0.5991735537190083,0.4327485380116959,0.5159610458653521,0.4915254237288136,0.44148936170212766,0.5333333333333333,0.4874113475177305
41-9W7K,0.4721549636803874,0.5045454545454545,0.43523316062176165,0.4698893075836081,0.4891041162227603,0.5501066098081023,0.40896358543417366,0.479535097621138,0.4891041162227603,0.5501066098081023,0.40896358543417366,0.479535097621138,0.5108958837772397,0.5809128630705395,0.4127906976744186,0.496851780372479,0.5714285714285714,0.6304801670146137,0.4899135446685879,0.5601968558416008,0.5835351089588378,0.6416666666666667,0.5028901734104047,0.5722784200385357,0.5351089588377724,0.6,0.44508670520231214,0.522543352601156,0.5351089588377724,0.5966386554621849,0.4514285714285714,0.5240336134453781,0.5060532687651331,0.5545851528384279,0.44565217391304346,0.5001186633757357,0.5060532687651331,0.5545851528384279,0.44565217391304346,0.5001186633757357,0.6077481840193705,0.7022058823529411,0.425531914893617,0.563868898623279
42-9W7R,0.4721549636803874,0.5657370517928287,0.3271604938271605,0.4464487728099946,0.46973365617433416,0.5310492505353319,0.38997214484679665,0.4605106976910643,0.46973365617433416,0.5310492505353319,0.38997214484679665,0.4605106976910643,0.4915254237288136,0.573170731707317,0.3712574850299401,0.47221410836862854,0.42857142857142855,0.4978723404255319,0.33707865168539325,0.4174754960554626,0.4188861985472155,0.48497854077253216,0.3333333333333333,0.40915593705293274,0.4600484261501211,0.5601577909270217,0.30094043887147337,0.4305491148992475,0.4576271186440678,0.5590551181102362,0.29559748427672955,0.4273263011934829,0.5205811138014528,0.5822784810126582,0.4375,0.5098892405063291,0.5205811138014528,0.5822784810126582,0.4375,0.5098892405063291,0.4963680387409201,0.5953307392996109,0.3333333333333333,0.46433203631647213
43-9W91,0.39951573849878935,0.4745762711864407,0.2994350282485876,0.38700564971751417,0.43825665859564167,0.41414141414141414,0.4604651162790698,0.437303265210242,0.43825665859564167,0.41414141414141414,0.4604651162790698,0.437303265210242,0.42857142857142855,0.4129353233830846,0.44339622641509435,0.42816577489908947,0.44794188861985473,0.39361702127659576,0.49333333333333335,0.44347517730496455,0.4552058111380145,0.40318302387267907,0.49888641425389757,0.4510347190632883,0.3946731234866828,0.42660550458715596,0.358974358974359,0.3927899317807575,0.3922518159806295,0.425629290617849,0.35475578406169667,0.3901925373397728,0.43099273607748184,0.41975308641975306,0.4418052256532066,0.43077915603647987,0.43099273607748184,0.41975308641975306,0.4418052256532066,0.43077915603647987,0.5108958837772397,0.46842105263157896,0.547085201793722,0.5077531272126505
44-9WAY,0.5012106537530266,0.5,0.5024154589371981,0.501207729468599,0.5036319612590799,0.5434298440979956,0.4562334217506631,0.4998316329243293,0.5036319612590799,0.5434298440979956,0.4562334217506631,0.4998316329243293,0.4430992736077482,0.4549763033175355,0.4306930693069307,0.4428346863122331,0.4576271186440678,0.5022222222222222,0.40425531914893614,0.45323877068557916,0.4648910411622276,0.5099778270509978,0.4106666666666667,0.4603222468588323,0.4891041162227603,0.5258426966292135,0.4461942257217848,0.48601846117549913,0.4939467312348668,0.5303370786516854,0.45144356955380577,0.4908903241027456,0.4939467312348668,0.5365853658536586,0.44266666666666665,0.4896260162601626,0.4963680387409201,0.5398230088495575,0.44385026737967914,0.4918366381146183,0.4213075060532688,0.4295942720763723,0.41277641277641275,0.4211853424263925
45-9WBS,0.5883777239709443,0.43333333333333335,0.6768060836501901,0.5550697084917617,0.5036319612590799,0.4533333333333333,0.5454545454545454,0.4993939393939394,0.5036319612590799,0.4533333333333333,0.5454545454545454,0.4993939393939394,0.5060532687651331,0.39285714285714285,0.5836734693877551,0.488265306122449,0.585956416464891,0.5210084033613446,0.6353944562899787,0.5782014298256617,0.5956416464891041,0.5322128851540616,0.6439232409381663,0.5880680630461139,0.6004842615012107,0.4728434504792332,0.6783625730994152,0.5756030117893242,0.6004842615012107,0.4694533762057878,0.6796116504854369,0.5745325133456124,0.5302663438256658,0.478494623655914,0.5726872246696035,0.5255909241627588,0.5302663438256658,0.478494623655914,0.5726872246696035,0.5255909241627588,0.585956416464891,0.5365853658536586,0.6258205689277899,0.5812029673907242
46-9WCE,0.5084745762711864,0.4754521963824289,0.5375854214123007,0.5065188088973648,0.48184019370460046,0.4729064039408867,0.49047619047619045,0.48169129720853854,0.48184019370460046,0.4729064039408867,0.49047619047619045,0.48169129720853854,0.549636803874092,0.5463414634146342,0.5528846153846154,0.5496130393996248,0.5181598062953995,0.4776902887139108,0.5528089887640449,0.5152496387389779,0.5036319612590799,0.46475195822454307,0.5372460496613995,0.5009990039429713,0.5205811138014528,0.49230769230769234,0.5458715596330275,0.5190896259703599,0.5108958837772397,0.48205128205128206,0.536697247706422,0.5093742648788521,0.4794188861985472,0.4529262086513995,0.5034642032332564,0.4781952059423279,0.4794188861985472,0.4529262086513995,0.5034642032332564,0.4781952059423279,0.48668280871670705,0.5309734513274337,0.43315508021390375,0.48206426577066874
47-9WCU,0.47699757869249393,0.31210191082802546,0.578125,0.4451134554140127,0.46973365617433416,0.3177570093457944,0.5663366336633663,0.4420468215045803,0.46973365617433416,0.3177570093457944,0.5663366336633663,0.4420468215045803,0.43341404358353514,0.31976744186046513,0.5145228215767634,0.4171451317186143,0.5205811138014528,0.40718562874251496,0.5975609756097561,0.5023733021761355,0.5108958837772397,0.39880952380952384,0.5877551020408164,0.4932823129251701,0.4430992736077482,0.375,0.4978165938864629,0.43640829694323147,0.4430992736077482,0.3783783783783784,0.4956140350877193,0.43699620673304884,0.45036319612590797,0.29283489096573206,0.5504950495049505,0.42166497023534133,0.45036319612590797,0.29283489096573206,0.5504950495049505,0.42166497023534133,0.34624697336561744,0.3891402714932127,0.296875,0.3430076357466063
48-9WDR,0.48184019370460046,0.4088397790055249,0.5387931034482759,0.47381644122690036,0.37772397094430993,0.32545931758530183,0.42247191011235957,0.3739656138488307,0.37772397094430993,0.32545931758530183,0.42247191011235957,0.3739656138488307,0.38256658595641646,0.33766233766233766,0.4217687074829932,0.37971552257266544,0.45278450363196127,0.3924731182795699,0.5022026431718062,0.44733788072568803,0.45278450363196127,0.4083769633507853,0.49099099099099097,0.44968397717088815,0.4891041162227603,0.4343163538873995,0.5342163355408388,0.4842663447141191,0.4915254237288136,0.4385026737967914,0.5353982300884956,0.4869504519426435,0.38256658595641646,0.33070866141732286,0.42696629213483145,0.37883747677607715,0.38256658595641646,0.33070866141732286,0.42696629213483145,0.37883747677607715,0.4794188861985472,0.5585215605749486,0.36578171091445427,0.4621516357447014
49-9WEW,0.5569007263922519,0.43343653250773995,0.6361829025844931,0.5348097175461165,0.5036319612590799,0.47837150127226463,0.5265588914549654,0.502465196363615,0.5012106537530266,0.4744897959183674,0.5253456221198156,0.4999177090190915,0.4794188861985472,0.24028268551236748,0.6040515653775322,0.42216712544494983,0.5302663438256658,0.4012345679012346,0.6135458167330677,0.5073901923171511,0.5012106537530266,0.3869047619047619,0.5795918367346938,0.4832482993197279,0.5205811138014528,0.4107142857142857,0.5959183673469388,0.5033163265306122,0.513317191283293,0.4,0.5906313645621182,0.4953156822810591,0.4963680387409201,0.48,0.5117370892018779,0.49586854460093893,0.4939467312348668,0.47880299251870323,0.508235294117647,0.49351914331817515,0.49878934624697335,0.42016806722689076,0.55863539445629,0.48940173084159033
Average,0.48879188111588895,0.4517443202834208,0.4644271778481525,0.45808574906578664,0.4762201757441323,0.45245722109894376,0.4640762046084442,0.45826671285369397,0.476068599151672,0.45226524594424394,0.46391393817550125,0.4580895920598726,0.4724309655196217,0.4279578797419712,0.4699863099784996,0.4489720948602354,0.4851016116807525,0.4436917812521071,0.4829728562188785,0.4633323187354928,0.48478596084885917,0.4471559337042706,0.47890101087259196,0.4630284722884313,0.48637015163513775,0.4640316149154044,0.4551291310590276,0.4595803729872161,0.4858700191119336,0.46322007560675477,0.4543751632666228,0.4587976194366888,0.47318461865588163,0.4509939839014862,0.45976805993701547,0.45538102191925084,0.4734697276147193,0.4512539130110825,0.4600491570636693,0.4556515350373758,0.49660286416111377,0.48251528823608797,0.45848451542719987,0.470499901831644
Std,0.07392122125840048,0.140953399900158,0.14782128828902333,0.06406424657238541,0.04077929102305853,0.10681039700267214,0.11790486201289606,0.04743337081520821,0.04097179706013778,0.10684697775227388,0.11803758277980202,0.047483624009578076,0.073838311127734,0.11530533510629214,0.13838080108831885,0.060697219652166276,0.05763198878756878,0.11139752869392335,0.12974987623792228,0.054517995663766985,0.0556404303350969,0.11651895426368108,0.12760232972275476,0.05472510541432353,0.06878320950754324,0.1288436307301646,0.14108566390397173,0.06032224478733068,0.06994660165483951,0.12904299529642302,0.14220662961522698,0.06079170809422783,0.04638476495396021,0.1141855110110061,0.11667978672495341,0.053818995442297075,0.04636271008951232,0.11395870492636147,0.11677872783589645,0.0537046876557027,0.07223568593189858,0.11705742274624747,0.1497429827638735,0.06371084075197647
