Subject,Method,raw_gate,effective_gate,confidence,updated,effective_source_weight,effective_ema_weight,effective_batch_weight,probe_gate,min_gate,batch_index,batch_size,true_class_0_count,true_class_0_ratio,true_class_1_count,true_class_1_ratio,true_class_2_count,true_class_2_ratio,true_max_class_ratio,true_num_present_classes,g_mi,effective_mi_gate,diversity_norm,sample_entropy_norm,w_source,w_ema,w_batch,rho,n_eff,alpha,entropy_updated,loss_entropy,gate_threshold,gate_aware_ema,dynamic_mixture_weights,pred_class_0_count,pred_class_0_ratio,pred_class_1_count,pred_class_1_ratio,pred_class_2_count,pred_class_2_ratio,pred_max_class_ratio,pred_num_present_classes,true_imbalance
S10,EMATent,0.109647236764431,0.109647236764431,0.9781075119972229,0.0,0.4671058289706707,0.5,0.032894171029329296,0.0,0.0,0,64,64,1.0,0,0.0,0,0.0,1.0,1,,,,,,,,,,,,,,,,,,,,,,,,
S10,EMATent,0.853682279586792,0.853682279586792,0.6456230282783508,1.0,0.24389531612396242,0.5,0.2561046838760376,0.0,0.0,1,64,64,1.0,0,0.0,0,0.0,1.0,1,,,,,,,,,,,,,,,,,,,,,,,,
S10,EMATent,0.8682008981704712,0.8682008981704712,0.6177782416343689,1.0,0.23953973054885866,0.5,0.26046026945114137,0.0,0.0,2,64,64,1.0,0,0.0,0,0.0,1.0,1,,,,,,,,,,,,,,,,,,,,,,,,
S10,EMATent,0.8450646996498108,0.8450646996498108,0.775323748588562,1.0,0.24648059010505677,0.5,0.2535194098949432,0.0,0.0,3,64,44,0.6875,0,0.0,20,0.3125,0.6875,2,,,,,,,,,,,,,,,,,,,,,,,,
S10,EMATent,0.160710409283638,0.160710409283638,0.9632365703582764,0.0,0.4517868772149086,0.5,0.0482131227850914,0.0,0.0,4,64,0,0.0,9,0.140625,55,0.859375,0.859375,2,,,,,,,,,,,,,,,,,,,,,,,,
S10,EMATent,0.6526212096214294,0.6526212096214294,0.7504882216453552,1.0,0.3042136371135712,0.5,0.19578636288642884,0.0,0.0,5,64,0,0.0,64,1.0,0,0.0,1.0,1,,,,,,,,,,,,,,,,,,,,,,,,
S10,EMATent,0.6692977547645569,0.6692977547645569,0.6491234302520752,1.0,0.2992106735706329,0.5,0.20078932642936706,0.0,0.0,6,64,0,0.0,64,1.0,0,0.0,1.0,1,,,,,,,,,,,,,,,,,,,,,,,,
S10,EMATent,0.6557409763336182,0.6557409763336182,0.6518597602844238,1.0,0.30327770709991453,0.5,0.19672229290008544,0.0,0.0,7,8,0,0.0,8,1.0,0,0.0,1.0,1,,,,,,,,,,,,,,,,,,,,,,,,
S10,DynaMixEMATent,,,,,,,,,,0,64,64,1.0,0,0.0,0,0.0,1.0,1,0.021838359534740448,0.109647236764431,0.109647236764431,0.08780887722969055,0.9155127690030996,0.051593059967570985,0.032894171029329296,0.05334789474124413,7.017423152923584,0.19999999999999996,0.0,0.1228618174791336,0.2,0.0,1.0,64.0,1.0,0.0,0.0,0.0,0.0,1.0,1.0,0.6666666666666667
S10,DynaMixEMATent,,,,,,,,,,1,64,64,1.0,0,0.0,0,0.0,1.0,1,0.0708380714058876,0.6197370886802673,0.6197370886802673,0.5488989949226379,0.5653048225771253,0.24877405081879445,0.1859211266040802,0.30558961661913253,46.68059682846069,0.19999999999999996,1.0,0.9607859253883362,0.2,0.0,1.0,28.0,0.4375,34.0,0.53125,2.0,0.03125,0.53125,3.0,0.6666666666666667
S10,DynaMixEMATent,,,,,,,,,,2,64,64,1.0,0,0.0,0,0.0,1.0,1,0.12457073479890823,0.8522350192070007,0.8522350192070007,0.7276642918586731,0.33753666217150013,0.4067928320663996,0.2556705057621002,0.546522521565405,101.22363805770874,0.19999999999999996,1.0,0.9265909790992737,0.2,0.0,1.0,8.0,0.125,45.0,0.703125,11.0,0.171875,0.703125,3.0,0.6666666666666667
S10,DynaMixEMATent,,,,,,,,,,3,64,44,0.6875,0,0.0,20,0.3125,0.6875,2,0.4422566294670105,0.9916843175888062,0.9916843175888062,0.5494276881217957,0.19402480899386929,0.5084698957294889,0.2975052952766418,0.7238060191923068,164.69143438339233,0.19999999999999996,1.0,0.5738235712051392,0.2,0.0,1.0,0.0,0.0,44.0,0.6875,20.0,0.3125,0.6875,2.0,0.3541666666666667
S10,DynaMixEMATent,,,,,,,,,,4,64,0,0.0,9,0.140625,55,0.859375,0.859375,2,0.0290277898311615,0.18661987781524658,0.18661987781524658,0.15759208798408508,0.23750276496039927,0.7065112716950268,0.05598596334457397,0.7484118289153258,176.63510656356812,0.19999999999999996,0.0,0.17636066675186157,0.2,0.0,1.0,0.0,0.0,0.0,0.0,64.0,1.0,1.0,1.0,0.5260416666666667
S10,DynaMixEMATent,,,,,,,,,,5,64,0,0.0,64,1.0,0,0.0,1.0,1,0.05847683921456337,0.48097437620162964,0.48097437620162964,0.4224975109100342,0.16926742703185707,0.686440260107654,0.14429231286048888,0.8021901292044132,207.4174666404724,0.19999999999999996,1.0,0.5408391356468201,0.2,0.0,1.0,0.0,0.0,52.0,0.8125,12.0,0.1875,0.8125,2.0,0.6666666666666667
S10,DynaMixEMATent,,,,,,,,,,6,64,0,0.0,64,1.0,0,0.0,1.0,1,0.04738762974739075,0.4314625561237335,0.4314625561237335,0.3840749263763428,0.13878942592343338,0.7317718072394466,0.12943876683712005,0.8405747687394826,235.03107023239136,0.19999999999999996,1.0,0.5791293382644653,0.2,0.0,1.0,0.0,0.0,62.0,0.96875,2.0,0.03125,0.96875,2.0,0.6666666666666667
S10,DynaMixEMATent,,,,,,,,,,7,8,0,0.0,8,1.0,0,0.0,1.0,1,0.026550842449069023,0.44054853916168213,0.44054853916168213,0.41399767994880676,0.13459733122069756,0.7332381070307977,0.13216456174850463,0.8449045460832036,238.55545854568481,0.19999999999999996,1.0,0.6400321125984192,0.2,0.0,1.0,0.0,0.0,8.0,1.0,0.0,0.0,1.0,1.0,0.6666666666666667
S11,EMATent,0.14645294845104218,0.14645294845104218,0.9686616659164429,0.0,0.45606411546468734,0.5,0.04393588453531265,0.0,0.0,0,64,64,1.0,0,0.0,0,0.0,1.0,1,,,,,,,,,,,,,,,,,,,,,,,,
S11,EMATent,0.20222258567810059,0.20222258567810059,0.9529796838760376,1.0,0.43933322429656985,0.5,0.060666775703430174,0.0,0.0,1,64,64,1.0,0,0.0,0,0.0,1.0,1,,,,,,,,,,,,,,,,,,,,,,,,
S11,EMATent,0.9186703562736511,0.9186703562736511,0.609183669090271,1.0,0.22439889311790467,0.5,0.2756011068820953,0.0,0.0,2,64,64,1.0,0,0.0,0,0.0,1.0,1,,,,,,,,,,,,,,,,,,,,,,,,
S11,EMATent,0.8507895469665527,0.8507895469665527,0.6367895603179932,1.0,0.24476313591003418,0.5,0.2552368640899658,0.0,0.0,3,64,44,0.6875,20,0.3125,0,0.0,0.6875,2,,,,,,,,,,,,,,,,,,,,,,,,
S11,EMATent,0.6819781064987183,0.6819781064987183,0.7419804334640503,1.0,0.2954065680503845,0.5,0.20459343194961546,0.0,0.0,4,64,0,0.0,64,1.0,0,0.0,1.0,1,,,,,,,,,,,,,,,,,,,,,,,,
S11,EMATent,0.47257664799690247,0.47257664799690247,0.8389599919319153,1.0,0.35822700560092924,0.5,0.14177299439907073,0.0,0.0,5,64,0,0.0,52,0.8125,12,0.1875,0.8125,2,,,,,,,,,,,,,,,,,,,,,,,,
S11,EMATent,0.36233755946159363,0.36233755946159363,0.8967939615249634,1.0,0.3912987321615219,0.5,0.10870126783847808,0.0,0.0,6,62,0,0.0,0,0.0,62,1.0,1.0,1,,,,,,,,,,,,,,,,,,,,,,,,
S11,DynaMixEMATent,,,,,,,,,,0,64,64,1.0,0,0.0,0,0.0,1.0,1,0.016283195465803146,0.14645294845104218,0.14645294845104218,0.13016976416110992,0.8885567373059226,0.06750737815876486,0.04393588453531265,0.07060967676415031,9.3729887008667,0.19999999999999996,0.0,0.16533707082271576,0.2,0.0,1.0,64.0,1.0,0.0,0.0,0.0,0.0,1.0,1.0,0.6666666666666667
S11,DynaMixEMATent,,,,,,,,,,1,64,64,1.0,0,0.0,0,0.0,1.0,1,0.01744742877781391,0.16596712172031403,0.16596712172031403,0.14851969480514526,0.8127900491279746,0.13741981435593123,0.04979013651609421,0.14462048820677054,19.994884490966797,0.19999999999999996,0.0,0.2140391767024994,0.2,0.0,1.0,64.0,1.0,0.0,0.0,0.0,0.0,1.0,1.0,0.6666666666666667
S11,DynaMixEMATent,,,,,,,,,,2,64,64,1.0,0,0.0,0,0.0,1.0,1,0.03969290480017662,0.43194079399108887,0.43194079399108887,0.39224788546562195,0.5999179226617903,0.27049983914088305,0.12958223819732664,0.3107701278759133,47.639095306396484,0.19999999999999996,1.0,0.848143458366394,0.2,0.0,1.0,46.0,0.71875,3.0,0.046875,15.0,0.234375,0.71875,3.0,0.6666666666666667
S11,DynaMixEMATent,,,,,,,,,,3,64,44,0.6875,20,0.3125,0,0.0,0.6875,2,0.04557962715625763,0.7787174582481384,0.7787174582481384,0.7331377863883972,0.3578611934321296,0.40852356909342885,0.23361523747444152,0.5330528333407527,97.47701263427734,0.19999999999999996,1.0,0.8720831871032715,0.2,0.0,1.0,2.0,0.03125,11.0,0.171875,51.0,0.796875,0.796875,3.0,0.3541666666666667
S11,DynaMixEMATent,,,,,,,,,,4,64,0,0.0,64,1.0,0,0.0,1.0,1,0.03805268555879593,0.8635921478271484,0.8635921478271484,0.8255394697189331,0.22465381143862342,0.5162685442132321,0.2590776443481445,0.6967916952094455,152.74691009521484,0.19999999999999996,1.0,0.7450864315032959,0.2,0.0,1.0,0.0,0.0,3.0,0.046875,61.0,0.953125,0.953125,2.0,0.6666666666666667
S11,DynaMixEMATent,,,,,,,,,,5,64,0,0.0,52,0.8125,12,0.1875,0.8125,2,0.06535191088914871,0.7840297222137451,0.7840297222137451,0.718677818775177,0.15668737946142175,0.6081037038744547,0.23520891666412352,0.7951239457735562,202.92481231689453,0.19999999999999996,1.0,0.6267774105072021,0.2,0.0,1.0,0.0,0.0,10.0,0.15625,54.0,0.84375,0.84375,2.0,0.4791666666666667
S11,DynaMixEMATent,,,,,,,,,,6,62,0,0.0,0,0.0,62,1.0,1.0,1,0.028471071273088455,0.5710003972053528,0.5710003972053528,0.5425293445587158,0.12875735323778684,0.6999425276006074,0.17130011916160584,0.8446272815829016,238.3268369436264,0.19999999999999996,1.0,0.45818451046943665,0.2,0.0,1.0,0.0,0.0,1.0,0.016129032258064516,61.0,0.9838709677419355,0.9838709677419355,2.0,0.6666666666666667
S13,EMATent,0.11999023705720901,0.11999023705720901,0.9754358530044556,0.0,0.4640029288828373,0.5,0.0359970711171627,0.0,0.0,0,64,64,1.0,0,0.0,0,0.0,1.0,1,,,,,,,,,,,,,,,,,,,,,,,,
S13,EMATent,0.0451284684240818,0.0451284684240818,0.9924033284187317,0.0,0.48646145947277547,0.5,0.01353854052722454,0.0,0.0,1,64,64,1.0,0,0.0,0,0.0,1.0,1,,,,,,,,,,,,,,,,,,,,,,,,
S13,EMATent,0.23266924917697906,0.23266924917697906,0.9746440649032593,1.0,0.4301992252469063,0.5,0.06980077475309372,0.0,0.0,2,64,64,1.0,0,0.0,0,0.0,1.0,1,,,,,,,,,,,,,,,,,,,,,,,,
S13,EMATent,0.9562434554100037,0.9562434554100037,0.8147724866867065,1.0,0.2131269633769989,0.5,0.28687303662300107,0.0,0.0,3,64,44,0.6875,0,0.0,20,0.3125,0.6875,2,,,,,,,,,,,,,,,,,,,,,,,,
S13,EMATent,0.4027569890022278,0.4027569890022278,0.9645830392837524,1.0,0.3791729032993317,0.5,0.12082709670066832,0.0,0.0,4,64,0,0.0,8,0.125,56,0.875,0.875,2,,,,,,,,,,,,,,,,,,,,,,,,
S13,EMATent,0.5711360573768616,0.5711360573768616,0.9263198375701904,1.0,0.3286591827869415,0.5,0.17134081721305847,0.0,0.0,5,64,0,0.0,64,1.0,0,0.0,1.0,1,,,,,,,,,,,,,,,,,,,,,,,,
S13,EMATent,0.5922224521636963,0.5922224521636963,0.806748628616333,1.0,0.3223332643508911,0.5,0.17766673564910887,0.0,0.0,6,61,0,0.0,61,1.0,0,0.0,1.0,1,,,,,,,,,,,,,,,,,,,,,,,,
S13,DynaMixEMATent,,,,,,,,,,0,64,64,1.0,0,0.0,0,0.0,1.0,1,0.031070267781615257,0.11999023705720901,0.11999023705720901,0.08891996741294861,0.9078682004150295,0.05613472846780784,0.0359970711171627,0.05823086920789877,7.679375171661377,0.19999999999999996,0.0,0.11471888422966003,0.2,0.0,1.0,64.0,1.0,0.0,0.0,0.0,0.0,1.0,1.0,0.6666666666666667
S13,DynaMixEMATent,,,,,,,,,,1,64,64,1.0,0,0.0,0,0.0,1.0,1,0.003628504229709506,0.030780071392655373,0.030780071392655373,0.027151567861437798,0.9188227264909349,0.07194325209126855,0.009234021417796612,0.0726137691912071,9.64929974079132,0.19999999999999996,0.0,0.03096180222928524,0.2,0.0,1.0,64.0,1.0,0.0,0.0,0.0,0.0,1.0,1.0,0.6666666666666667
S13,DynaMixEMATent,,,,,,,,,,2,64,64,1.0,0,0.0,0,0.0,1.0,1,0.034362390637397766,0.08426772803068161,0.08426772803068161,0.049905337393283844,0.8666462742551682,0.10807340733562729,0.025280318409204482,0.11087639798064364,15.042434334754944,0.19999999999999996,0.0,0.08984013646841049,0.2,0.0,1.0,61.0,0.953125,0.0,0.0,3.0,0.046875,0.953125,2.0,0.6666666666666667
S13,DynaMixEMATent,,,,,,,,,,3,64,44,0.6875,0,0.0,20,0.3125,0.6875,2,0.6002416014671326,0.9156975150108337,0.9156975150108337,0.31545591354370117,0.407974563048002,0.3173161824487479,0.2747092545032501,0.43750204234498924,73.6470752954483,0.19999999999999996,1.0,0.42730194330215454,0.2,0.0,1.0,21.0,0.328125,26.0,0.40625,17.0,0.265625,0.40625,3.0,0.3541666666666667
S13,DynaMixEMATent,,,,,,,,,,4,64,0,0.0,8,0.125,56,0.875,0.875,2,0.24334384500980377,0.47006258368492126,0.47006258368492126,0.2267187535762787,0.38197226345894086,0.4770089614355828,0.14101877510547636,0.555319426794405,103.73108065128326,0.19999999999999996,1.0,0.22095227241516113,0.2,0.0,1.0,0.0,0.0,56.0,0.875,8.0,0.125,0.875,2.0,0.5416666666666667
S13,DynaMixEMATent,,,,,,,,,,5,64,0,0.0,64,1.0,0,0.0,1.0,1,0.23273421823978424,0.6688774228096008,0.6688774228096008,0.4361432194709778,0.2544093467811544,0.5449274263759653,0.20066322684288024,0.6817244554178079,146.53923571109772,0.19999999999999996,1.0,0.42874863743782043,0.2,0.0,1.0,0.0,0.0,35.0,0.546875,29.0,0.453125,0.546875,2.0,0.6666666666666667
S13,DynaMixEMATent,,,,,,,,,,6,61,0,0.0,61,1.0,0,0.0,1.0,1,0.09001771360635757,0.484306663274765,0.484306663274765,0.39428895711898804,0.21596572577331416,0.6387422752442563,0.1452919989824295,0.7473222135323447,176.08194217085838,0.19999999999999996,1.0,0.49654099345207214,0.2,0.0,1.0,0.0,0.0,17.0,0.2786885245901639,44.0,0.7213114754098361,0.7213114754098361,2.0,0.6666666666666667
S14,EMATent,0.03347034379839897,0.03347034379839897,0.9946631193161011,0.0,0.48995889686048033,0.5,0.010041103139519692,0.0,0.0,0,64,64,1.0,0,0.0,0,0.0,1.0,1,,,,,,,,,,,,,,,,,,,,,,,,
S14,EMATent,0.9197412133216858,0.9197412133216858,0.7422871589660645,1.0,0.22407763600349428,0.5,0.2759223639965057,0.0,0.0,1,64,64,1.0,0,0.0,0,0.0,1.0,1,,,,,,,,,,,,,,,,,,,,,,,,
S14,EMATent,0.9949799180030823,0.9949799180030823,0.559194803237915,1.0,0.20150602459907532,0.5,0.29849397540092465,0.0,0.0,2,64,64,1.0,0,0.0,0,0.0,1.0,1,,,,,,,,,,,,,,,,,,,,,,,,
S14,EMATent,0.9719070196151733,0.9719070196151733,0.6168927550315857,1.0,0.20842789411544801,0.5,0.291572105884552,0.0,0.0,3,64,44,0.6875,20,0.3125,0,0.0,0.6875,2,,,,,,,,,,,,,,,,,,,,,,,,
S14,EMATent,0.5234255790710449,0.5234255790710449,0.8450758457183838,1.0,0.34297232627868657,0.5,0.15702767372131346,0.0,0.0,4,64,0,0.0,64,1.0,0,0.0,1.0,1,,,,,,,,,,,,,,,,,,,,,,,,
S14,EMATent,0.6205260157585144,0.6205260157585144,0.8112057447433472,1.0,0.31384219527244567,0.5,0.1861578047275543,0.0,0.0,5,64,0,0.0,51,0.796875,13,0.203125,0.796875,2,,,,,,,,,,,,,,,,,,,,,,,,
S14,EMATent,0.3209274113178253,0.3209274113178253,0.8929850459098816,1.0,0.4037217766046524,0.5,0.0962782233953476,0.0,0.0,6,61,0,0.0,0,0.0,61,1.0,1.0,1,,,,,,,,,,,,,,,,,,,,,,,,
S14,DynaMixEMATent,,,,,,,,,,0,64,64,1.0,0,0.0,0,0.0,1.0,1,0.0035747261717915535,0.03347034379839897,0.03347034379839897,0.029895618557929993,0.973529621361509,0.016429275498971337,0.010041103139519692,0.016595916811369182,2.142102003097534,0.19999999999999996,0.0,0.04922167956829071,0.2,0.0,1.0,64.0,1.0,0.0,0.0,0.0,0.0,1.0,1.0,0.6666666666666667
S14,DynaMixEMATent,,,,,,,,,,1,64,64,1.0,0,0.0,0,0.0,1.0,1,0.12192238867282867,0.548827052116394,0.548827052116394,0.4269046485424042,0.624345784379185,0.21100609998589678,0.1646481156349182,0.25259546777257136,37.26703333854675,0.19999999999999996,1.0,0.6131659150123596,0.2,0.0,1.0,33.0,0.515625,15.0,0.234375,16.0,0.25,0.515625,3.0,0.6666666666666667
S14,DynaMixEMATent,,,,,,,,,,2,64,64,1.0,0,0.0,0,0.0,1.0,1,0.14392238855361938,0.7986382842063904,0.7986382842063904,0.654715895652771,0.38122431997111683,0.3791841947669661,0.2395914852619171,0.4986585334299857,88.37988352775574,0.19999999999999996,1.0,0.9369568824768066,0.2,0.0,1.0,26.0,0.40625,16.0,0.25,22.0,0.34375,0.40625,3.0,0.6666666666666667
S14,DynaMixEMATent,,,,,,,,,,3,64,44,0.6875,20,0.3125,0,0.0,0.6875,2,0.35520118474960327,0.9881347417831421,0.9881347417831421,0.6329335570335388,0.21521065717384616,0.48834892029121124,0.2964404225349426,0.6941116799955229,151.62050700187683,0.19999999999999996,1.0,0.6119124293327332,0.2,0.0,1.0,29.0,0.453125,32.0,0.5,3.0,0.046875,0.5,3.0,0.3541666666666667
S14,DynaMixEMATent,,,,,,,,,,4,64,0,0.0,64,1.0,0,0.0,1.0,1,0.23552332818508148,0.6366139650344849,0.6366139650344849,0.4010906517505646,0.18000349487044137,0.6290123156192132,0.19098418951034546,0.7775031185589627,192.36380076408386,0.19999999999999996,1.0,0.40554335713386536,0.2,0.0,1.0,0.0,0.0,43.0,0.671875,21.0,0.328125,0.671875,2.0,0.6666666666666667
S14,DynaMixEMATent,,,,,,,,,,5,64,0,0.0,51,0.796875,13,0.203125,0.796875,2,0.21093221008777618,0.6571334600448608,0.6571334600448608,0.44620126485824585,0.12860830395749254,0.6742516580290492,0.19714003801345825,0.8398122835279107,234.42034220695496,0.19999999999999996,1.0,0.5403560996055603,0.2,0.0,1.0,0.0,0.0,42.0,0.65625,22.0,0.34375,0.65625,2.0,0.4635416666666667
S14,DynaMixEMATent,,,,,,,,,,6,61,0,0.0,0,0.0,61,1.0,1.0,1,0.08238831162452698,0.45011603832244873,0.45011603832244873,0.36772772669792175,0.11180674765686285,0.7531584408464026,0.1350348114967346,0.8707384422599329,261.87742054462433,0.19999999999999996,1.0,0.528846263885498,0.2,0.0,1.0,0.0,0.0,58.0,0.9508196721311475,3.0,0.04918032786885246,0.9508196721311475,2.0,0.6666666666666667
S15,EMATent,0.1083436831831932,0.1083436831831932,0.9782970547676086,0.0,0.46749689504504205,0.5,0.03250310495495796,0.0,0.0,0,64,64,1.0,0,0.0,0,0.0,1.0,1,,,,,,,,,,,,,,,,,,,,,,,,
S15,EMATent,0.36075615882873535,0.36075615882873535,0.9028865694999695,1.0,0.39177315235137944,0.5,0.1082268476486206,0.0,0.0,1,64,64,1.0,0,0.0,0,0.0,1.0,1,,,,,,,,,,,,,,,,,,,,,,,,
S15,EMATent,0.7783912420272827,0.7783912420272827,0.714208722114563,1.0,0.26648262739181516,0.5,0.2335173726081848,0.0,0.0,2,64,64,1.0,0,0.0,0,0.0,1.0,1,,,,,,,,,,,,,,,,,,,,,,,,
S15,EMATent,0.8078107833862305,0.8078107833862305,0.694603681564331,1.0,0.25765676498413087,0.5,0.24234323501586913,0.0,0.0,3,64,43,0.671875,0,0.0,21,0.328125,0.671875,2,,,,,,,,,,,,,,,,,,,,,,,,
S15,EMATent,0.6225892305374146,0.6225892305374146,0.8602321743965149,1.0,0.3132232308387756,0.5,0.18677676916122435,0.0,0.0,4,64,0,0.0,10,0.15625,54,0.84375,0.84375,2,,,,,,,,,,,,,,,,,,,,,,,,
S15,EMATent,0.3305525481700897,0.3305525481700897,0.9041790962219238,1.0,0.40083423554897313,0.5,0.09916576445102691,0.0,0.0,5,64,0,0.0,64,1.0,0,0.0,1.0,1,,,,,,,,,,,,,,,,,,,,,,,,
S15,EMATent,0.3324192464351654,0.3324192464351654,0.9214603304862976,1.0,0.4002742260694504,0.5,0.09972577393054961,0.0,0.0,6,63,0,0.0,63,1.0,0,0.0,1.0,1,,,,,,,,,,,,,,,,,,,,,,,,
S15,DynaMixEMATent,,,,,,,,,,0,64,64,1.0,0,0.0,0,0.0,1.0,1,0.025670869275927544,0.1083436831831932,0.1083436831831932,0.08267281204462051,0.9164801183718759,0.05101677667316612,0.03250310495495796,0.05273068775150025,6.933995723724365,0.19999999999999996,0.0,0.10161814093589783,0.2,0.0,1.0,63.0,0.984375,0.0,0.0,1.0,0.015625,0.984375,2.0,0.6666666666666667
S15,DynaMixEMATent,,,,,,,,,,1,64,64,1.0,0,0.0,0,0.0,1.0,1,0.02533128298819065,0.18009960651397705,0.18009960651397705,0.15476831793785095,0.8189224051966243,0.12704771284918256,0.054029881954193115,0.13430415023218578,18.460370540618896,0.19999999999999996,0.0,0.33151647448539734,0.2,0.0,1.0,63.0,0.984375,0.0,0.0,1.0,0.015625,0.984375,2.0,0.6666666666666667
S15,DynaMixEMATent,,,,,,,,,,2,64,64,1.0,0,0.0,0,0.0,1.0,1,0.04205707460641861,0.26016342639923096,0.26016342639923096,0.21810635924339294,0.7007762775186593,0.22117469456157135,0.07804902791976928,0.239898542611791,35.11082983016968,0.19999999999999996,1.0,0.6756058931350708,0.2,0.0,1.0,51.0,0.796875,10.0,0.15625,3.0,0.046875,0.796875,3.0,0.6666666666666667
S15,DynaMixEMATent,,,,,,,,,,3,64,43,0.671875,0,0.0,21,0.328125,0.671875,2,0.3425694406032562,0.7860745191574097,0.7860745191574097,0.44350507855415344,0.39207755443431513,0.372100089818462,0.23582235574722288,0.4869287823544044,85.4195990562439,0.19999999999999996,1.0,0.8070900440216064,0.2,0.0,1.0,14.0,0.21875,39.0,0.609375,11.0,0.171875,0.609375,3.0,0.3385416666666667
S15,DynaMixEMATent,,,,,,,,,,4,64,0,0.0,10,0.15625,54,0.84375,0.84375,2,0.27493590116500854,0.806455671787262,0.806455671787262,0.5315197706222534,0.259874399602472,0.49818889886134937,0.24193670153617858,0.6571864115713095,137.03276205062866,0.19999999999999996,1.0,0.4094928801059723,0.2,0.0,1.0,0.0,0.0,24.0,0.375,40.0,0.625,0.625,2.0,0.5104166666666667
S15,DynaMixEMATent,,,,,,,,,,5,64,0,0.0,64,1.0,0,0.0,1.0,1,0.0717974305152893,0.3901381492614746,0.3901381492614746,0.3183407187461853,0.24904677619386828,0.6339117790276894,0.11704144477844237,0.7179405820113767,162.00160360336304,0.19999999999999996,1.0,0.33629268407821655,0.2,0.0,1.0,0.0,0.0,63.0,0.984375,1.0,0.015625,0.984375,2.0,0.6666666666666667
S15,DynaMixEMATent,,,,,,,,,,6,63,0,0.0,63,1.0,0,0.0,1.0,1,0.05974758788943291,0.3366488814353943,0.3366488814353943,0.2769013047218323,0.21485364383428698,0.6841516917350947,0.10099466443061829,0.7610096010184297,183.21048313379288,0.19999999999999996,1.0,0.3526148796081543,0.2,0.0,1.0,0.0,0.0,54.0,0.8571428571428571,9.0,0.14285714285714285,0.8571428571428571,2.0,0.6666666666666667
S16,EMATent,0.08527723699808121,0.08527723699808121,0.9830548167228699,0.0,0.4744168289005756,0.5,0.025583171099424363,0.0,0.0,0,64,64,1.0,0,0.0,0,0.0,1.0,1,,,,,,,,,,,,,,,,,,,,,,,,
S16,EMATent,0.0612209178507328,0.0612209178507328,0.9891757965087891,0.0,0.48163372464478016,0.5,0.01836627535521984,0.0,0.0,1,64,64,1.0,0,0.0,0,0.0,1.0,1,,,,,,,,,,,,,,,,,,,,,,,,
S16,EMATent,0.038003794848918915,0.038003794848918915,0.9938360452651978,0.0,0.48859886154532434,0.5,0.011401138454675674,0.0,0.0,2,64,64,1.0,0,0.0,0,0.0,1.0,1,,,,,,,,,,,,,,,,,,,,,,,,
S16,EMATent,0.7559645175933838,0.7559645175933838,0.9232550859451294,1.0,0.27321064472198486,0.5,0.22678935527801514,0.0,0.0,3,64,44,0.6875,20,0.3125,0,0.0,0.6875,2,,,,,,,,,,,,,,,,,,,,,,,,
S16,EMATent,0.004571347963064909,0.004571347963064909,0.9994351863861084,0.0,0.4986285956110805,0.5,0.0013714043889194727,0.0,0.0,4,64,0,0.0,64,1.0,0,0.0,1.0,1,,,,,,,,,,,,,,,,,,,,,,,,
S16,EMATent,0.29679831862449646,0.29679831862449646,0.9295728206634521,1.0,0.4109605044126511,0.5,0.08903949558734893,0.0,0.0,5,64,0,0.0,50,0.78125,14,0.21875,0.78125,2,,,,,,,,,,,,,,,,,,,,,,,,
S16,EMATent,0.49939852952957153,0.49939852952957153,0.7866978049278259,1.0,0.35018044114112856,0.5,0.14981955885887147,0.0,0.0,6,60,0,0.0,0,0.0,60,1.0,1.0,1,,,,,,,,,,,,,,,,,,,,,,,,
S16,DynaMixEMATent,,,,,,,,,,0,64,64,1.0,0,0.0,0,0.0,1.0,1,0.03490421175956726,0.08527723699808121,0.08527723699808121,0.050373028963804245,0.9337423553262962,0.04067447357427942,0.025583171099424363,0.04174237591952512,5.457743167877197,0.19999999999999996,0.0,0.048962026834487915,0.2,0.0,1.0,64.0,1.0,0.0,0.0,0.0,0.0,1.0,1.0,0.6666666666666667
S16,DynaMixEMATent,,,,,,,,,,1,64,64,1.0,0,0.0,0,0.0,1.0,1,0.004384742118418217,0.03518008813261986,0.03518008813261986,0.030795346945524216,0.9316120766321376,0.05783389692807643,0.010554026439785957,0.05845078809101534,7.709268808364868,0.19999999999999996,0.0,0.0377473458647728,0.2,0.0,1.0,64.0,1.0,0.0,0.0,0.0,0.0,1.0,1.0,0.6666666666666667
S16,DynaMixEMATent,,,,,,,,,,2,64,64,1.0,0,0.0,0,0.0,1.0,1,0.0013570114970207214,0.01565198227763176,0.01565198227763176,0.014294969849288464,0.9298227454186933,0.06548165989801727,0.004695594683289527,0.06579058582301833,8.7109956741333,0.19999999999999996,0.0,0.02730494923889637,0.2,0.0,1.0,64.0,1.0,0.0,0.0,0.0,0.0,1.0,1.0,0.6666666666666667
S16,DynaMixEMATent,,,,,,,,,,3,64,44,0.6875,20,0.3125,0,0.0,0.6875,2,0.544975996017456,0.5979365706443787,0.5979365706443787,0.05296057090163231,0.5685197366254332,0.25209929218125315,0.1793809711933136,0.30720624715203904,46.978936195373535,0.19999999999999996,1.0,0.17134742438793182,0.2,0.0,1.0,41.0,0.640625,21.0,0.328125,2.0,0.03125,0.640625,3.0,0.3541666666666667
S16,DynaMixEMATent,,,,,,,,,,4,64,0,0.0,64,1.0,0,0.0,1.0,1,0.00447050342336297,0.014442067593336105,0.014442067593336105,0.009971563704311848,0.6848290690456207,0.3108383106763785,0.004332620278000831,0.3121909153669048,47.903228521347046,0.19999999999999996,0.0,0.002705400111153722,0.2,0.0,1.0,0.0,0.0,64.0,1.0,0.0,0.0,1.0,1.0,0.6666666666666667
S16,DynaMixEMATent,,,,,,,,,,5,64,0,0.0,50,0.78125,14,0.21875,0.78125,2,0.010043096728622913,0.03752431273460388,0.03752431273460388,0.027481216937303543,0.6674256598459181,0.32131704633370073,0.011257293820381164,0.3249753897808567,50.304784536361694,0.19999999999999996,0.0,0.1125776544213295,0.2,0.0,1.0,0.0,0.0,64.0,1.0,0.0,0.0,1.0,1.0,0.4479166666666667
S16,DynaMixEMATent,,,,,,,,,,6,60,0,0.0,0,0.0,60,1.0,1.0,1,0.008143177255988121,0.08600974082946777,0.08600974082946777,0.0778665691614151,0.631621565808749,0.34257551194241076,0.025802922248840333,0.3516490859664796,55.46536898612976,0.19999999999999996,0.0,0.6593358516693115,0.2,0.0,1.0,0.0,0.0,40.0,0.6666666666666666,20.0,0.3333333333333333,0.6666666666666666,2.0,0.6666666666666667
S17,EMATent,0.03007838875055313,0.03007838875055313,0.995313286781311,0.0,0.49097648337483407,0.5,0.009023516625165939,0.0,0.0,0,64,64,1.0,0,0.0,0,0.0,1.0,1,,,,,,,,,,,,,,,,,,,,,,,,
S17,EMATent,0.13484054803848267,0.13484054803848267,0.9717593193054199,0.0,0.4595478355884552,0.5,0.0404521644115448,0.0,0.0,1,64,64,1.0,0,0.0,0,0.0,1.0,1,,,,,,,,,,,,,,,,,,,,,,,,
S17,EMATent,0.9418758749961853,0.9418758749961853,0.538442850112915,1.0,0.2174372375011444,0.5,0.2825627624988556,0.0,0.0,2,64,64,1.0,0,0.0,0,0.0,1.0,1,,,,,,,,,,,,,,,,,,,,,,,,
S17,EMATent,0.9842584729194641,0.9842584729194641,0.5566784143447876,1.0,0.2047224581241608,0.5,0.2952775418758392,0.0,0.0,3,64,45,0.703125,0,0.0,19,0.296875,0.703125,2,,,,,,,,,,,,,,,,,,,,,,,,
S17,EMATent,0.6660618782043457,0.6660618782043457,0.631582498550415,1.0,0.3001814365386963,0.5,0.1998185634613037,0.0,0.0,4,64,0,0.0,9,0.140625,55,0.859375,0.859375,2,,,,,,,,,,,,,,,,,,,,,,,,
S17,EMATent,0.6514753103256226,0.6514753103256226,0.6421020030975342,1.0,0.30455740690231325,0.5,0.19544259309768677,0.0,0.0,5,64,0,0.0,64,1.0,0,0.0,1.0,1,,,,,,,,,,,,,,,,,,,,,,,,
S17,EMATent,0.6424279808998108,0.6424279808998108,0.6545726656913757,1.0,0.30727160573005674,0.5,0.19272839426994323,0.0,0.0,6,64,0,0.0,64,1.0,0,0.0,1.0,1,,,,,,,,,,,,,,,,,,,,,,,,
S17,EMATent,0.6296526193618774,0.6296526193618774,0.6324785351753235,1.0,0.31110421419143675,0.5,0.18889578580856323,0.0,0.0,7,8,0,0.0,8,1.0,0,0.0,1.0,1,,,,,,,,,,,,,,,,,,,,,,,,
S17,DynaMixEMATent,,,,,,,,,,0,64,64,1.0,0,0.0,0,0.0,1.0,1,0.0032022963277995586,0.03007838875055313,0.03007838875055313,0.026876091957092285,0.9761845039468015,0.0147919794280326,0.009023516625165939,0.014926670487333427,1.9250168800354004,0.19999999999999996,0.0,0.04383312165737152,0.2,0.0,1.0,64.0,1.0,0.0,0.0,0.0,0.0,1.0,1.0,0.6666666666666667
S17,DynaMixEMATent,,,,,,,,,,1,64,64,1.0,0,0.0,0,0.0,1.0,1,0.006747908424586058,0.08062177151441574,0.08062177151441574,0.0738738626241684,0.9232696801967257,0.052543788348949544,0.02418653145432472,0.05384613970050989,7.084810256958008,0.19999999999999996,0.0,0.09342554211616516,0.2,0.0,1.0,64.0,1.0,0.0,0.0,0.0,0.0,1.0,1.0,0.6666666666666667
S17,DynaMixEMATent,,,,,,,,,,2,64,64,1.0,0,0.0,0,0.0,1.0,1,0.025210268795490265,0.3681884706020355,0.3681884706020355,0.34297817945480347,0.7001286109257897,0.1894148478935997,0.11045654118061066,0.212934900499401,30.64887237548828,0.19999999999999996,1.0,0.7929312586784363,0.2,0.0,1.0,62.0,0.96875,2.0,0.03125,0.0,0.0,0.96875,2.0,0.6666666666666667
S17,DynaMixEMATent,,,,,,,,,,3,64,45,0.703125,0,0.0,19,0.296875,0.703125,2,0.32324978709220886,0.8974447846412659,0.8974447846412659,0.5741950273513794,0.3672076030238515,0.3635589615837687,0.26923343539237976,0.4975035520118234,88.0853385925293,0.19999999999999996,1.0,0.8400935530662537,0.2,0.0,1.0,15.0,0.234375,16.0,0.25,33.0,0.515625,0.515625,3.0,0.3697916666666667
S17,DynaMixEMATent,,,,,,,,,,4,64,0,0.0,9,0.140625,55,0.859375,0.859375,2,0.02283441089093685,0.7843061089515686,0.7843061089515686,0.761471688747406,0.2596084457950005,0.505099721519529,0.23529183268547058,0.6605130468180003,138.2809295654297,0.19999999999999996,1.0,0.7190595269203186,0.2,0.0,1.0,0.0,0.0,15.0,0.234375,49.0,0.765625,0.765625,2.0,0.5260416666666667
S17,DynaMixEMATent,,,,,,,,,,5,64,0,0.0,64,1.0,0,0.0,1.0,1,0.027676677331328392,0.6842892169952393,0.6842892169952393,0.6566125750541687,0.19162052193842036,0.6030927129630078,0.20528676509857177,0.758880922673714,182.075439453125,0.19999999999999996,1.0,0.6678779125213623,0.2,0.0,1.0,0.0,0.0,39.0,0.609375,25.0,0.390625,0.609375,2.0,0.6666666666666667
S17,DynaMixEMATent,,,,,,,,,,6,64,0,0.0,64,1.0,0,0.0,1.0,1,0.03259766846895218,0.6919306516647339,0.6919306516647339,0.6593329906463623,0.13518752288119493,0.6572332816193849,0.20757919549942017,0.8293993265782612,226.35900115966797,0.19999999999999996,1.0,0.6698479652404785,0.2,0.0,1.0,0.0,0.0,56.0,0.875,8.0,0.125,0.875,2.0,0.6666666666666667
S17,DynaMixEMATent,,,,,,,,,,7,8,0,0.0,8,1.0,0,0.0,1.0,1,0.019083037972450256,0.6760720610618591,0.6760720610618591,0.6569890379905701,0.13037230862666985,0.6668060730547725,0.20282161831855774,0.8364577971222914,231.76757764816284,0.19999999999999996,1.0,0.7058216333389282,0.2,0.0,1.0,0.0,0.0,7.0,0.875,1.0,0.125,0.875,2.0,0.6666666666666667
S2,EMATent,0.023137448355555534,0.023137448355555534,0.996536910533905,0.0,0.49305876549333333,0.5,0.00694123450666666,0.0,0.0,0,64,64,1.0,0,0.0,0,0.0,1.0,1,,,,,,,,,,,,,,,,,,,,,,,,
S2,EMATent,0.054176073521375656,0.054176073521375656,0.9905073046684265,0.0,0.4837471779435873,0.5,0.016252822056412698,0.0,0.0,1,64,64,1.0,0,0.0,0,0.0,1.0,1,,,,,,,,,,,,,,,,,,,,,,,,
S2,EMATent,0.09425278753042221,0.09425278753042221,0.9813370704650879,0.0,0.47172416374087334,0.5,0.028275836259126663,0.0,0.0,2,64,64,1.0,0,0.0,0,0.0,1.0,1,,,,,,,,,,,,,,,,,,,,,,,,
S2,EMATent,0.6277035474777222,0.6277035474777222,0.8698461651802063,1.0,0.3116889357566833,0.5,0.18831106424331664,0.0,0.0,3,64,37,0.578125,27,0.421875,0,0.0,0.578125,2,,,,,,,,,,,,,,,,,,,,,,,,
S2,EMATent,0.6780999898910522,0.6780999898910522,0.7464786171913147,1.0,0.2965700030326843,0.5,0.20342999696731567,0.0,0.0,4,64,0,0.0,64,1.0,0,0.0,1.0,1,,,,,,,,,,,,,,,,,,,,,,,,
S2,EMATent,0.6456448435783386,0.6456448435783386,0.8560023903846741,1.0,0.3063065469264984,0.5,0.19369345307350158,0.0,0.0,5,64,0,0.0,32,0.5,32,0.5,0.5,2,,,,,,,,,,,,,,,,,,,,,,,,
S2,EMATent,0.6814496517181396,0.6814496517181396,0.7173002362251282,1.0,0.2955651044845581,0.5,0.2044348955154419,0.0,0.0,6,40,0,0.0,0,0.0,40,1.0,1.0,1,,,,,,,,,,,,,,,,,,,,,,,,
S2,DynaMixEMATent,,,,,,,,,,0,64,64,1.0,0,0.0,0,0.0,1.0,1,0.0032719303853809834,0.023137448355555534,0.023137448355555534,0.01986551843583584,0.9816365402210555,0.011422225272277873,0.00694123450666666,0.011502063794385342,1.4807966947555542,0.19999999999999996,0.0,0.022667746990919113,0.2,0.0,1.0,64.0,1.0,0.0,0.0,0.0,0.0,1.0,1.0,0.6666666666666667
S2,DynaMixEMATent,,,,,,,,,,1,64,64,1.0,0,0.0,0,0.0,1.0,1,0.004838692955672741,0.03802860900759697,0.03802860900759697,0.033189915120601654,0.9588149458141945,0.029776471483526516,0.011408582702279091,0.03012009912539948,3.9146276712417603,0.19999999999999996,0.0,0.031350668519735336,0.2,0.0,1.0,64.0,1.0,0.0,0.0,0.0,0.0,1.0,1.0,0.6666666666666667
S2,DynaMixEMATent,,,,,,,,,,2,64,64,1.0,0,0.0,0,0.0,1.0,1,0.006053311750292778,0.05874742195010185,0.05874742195010185,0.052694108337163925,0.9252066859478092,0.057169087467160186,0.017624226585030555,0.05819472447740337,7.674462676048279,0.19999999999999996,0.0,0.06024167686700821,0.2,0.0,1.0,64.0,1.0,0.0,0.0,0.0,0.0,1.0,1.0,0.6666666666666667
S2,DynaMixEMATent,,,,,,,,,,3,64,37,0.578125,27,0.421875,0,0.0,0.578125,2,0.138914093375206,0.25291645526885986,0.25291645526885986,0.11400236189365387,0.7669583099624229,0.15716675345691924,0.07587493658065796,0.17007086992683518,23.86111581325531,0.19999999999999996,1.0,0.20153287053108215,0.2,0.0,1.0,55.0,0.859375,0.0,0.0,9.0,0.140625,0.859375,2.0,0.24479166666666669
S2,DynaMixEMATent,,,,,,,,,,4,64,0,0.0,64,1.0,0,0.0,1.0,1,0.011399715207517147,0.07646117359399796,0.07646117359399796,0.06506145745515823,0.780476160157098,0.19658548776470258,0.022938352078199387,0.2012007002657793,28.75463092327118,0.19999999999999996,0.0,0.27899426221847534,0.2,0.0,1.0,62.0,0.96875,0.0,0.0,2.0,0.03125,0.96875,2.0,0.6666666666666667
S2,DynaMixEMATent,,,,,,,,,,5,64,0,0.0,32,0.5,32,0.5,0.5,2,0.13511355221271515,0.4102831184864044,0.4102831184864044,0.27516958117485046,0.5705626769866313,0.3063523874674473,0.12308493554592131,0.3493524058207008,55.01275050640106,0.19999999999999996,1.0,0.4558902382850647,0.2,0.0,1.0,18.0,0.28125,0.0,0.0,46.0,0.71875,0.71875,2.0,0.16666666666666669
S2,DynaMixEMATent,,,,,,,,,,6,40,0,0.0,0,0.0,40,1.0,1.0,1,0.02292679250240326,0.13927613198757172,0.13927613198757172,0.11634933948516846,0.5969083169859414,0.3613088434177871,0.041782839596271514,0.3770636327004995,60.58379578590393,0.19999999999999996,0.0,0.6446975469589233,0.2,0.0,1.0,16.0,0.4,0.0,0.0,24.0,0.6,0.6,2.0,0.6666666666666667
S3,EMATent,0.08264516294002533,0.08264516294002533,0.9843663573265076,0.0,0.4752064511179924,0.5,0.024793548882007597,0.0,0.0,0,64,64,1.0,0,0.0,0,0.0,1.0,1,,,,,,,,,,,,,,,,,,,,,,,,
S3,EMATent,0.0506594143807888,0.0506594143807888,0.9910949468612671,0.0,0.48480217568576334,0.5,0.01519782431423664,0.0,0.0,1,64,64,1.0,0,0.0,0,0.0,1.0,1,,,,,,,,,,,,,,,,,,,,,,,,
S3,EMATent,0.13685202598571777,0.13685202598571777,0.9704316854476929,0.0,0.4589443922042847,0.5,0.04105560779571533,0.0,0.0,2,64,64,1.0,0,0.0,0,0.0,1.0,1,,,,,,,,,,,,,,,,,,,,,,,,
S3,EMATent,0.6418731808662415,0.6418731808662415,0.9714098572731018,1.0,0.30743804574012756,0.5,0.19256195425987244,0.0,0.0,3,64,36,0.5625,28,0.4375,0,0.0,0.5625,2,,,,,,,,,,,,,,,,,,,,,,,,
S3,EMATent,0.08428408205509186,0.08428408205509186,0.9832876920700073,0.0,0.47471477538347245,0.5,0.025285224616527557,0.0,0.0,4,64,0,0.0,64,1.0,0,0.0,1.0,1,,,,,,,,,,,,,,,,,,,,,,,,
S3,EMATent,0.6197126507759094,0.6197126507759094,0.8175292015075684,1.0,0.31408620476722715,0.5,0.18591379523277282,0.0,0.0,5,64,0,0.0,36,0.5625,28,0.4375,0.5625,2,,,,,,,,,,,,,,,,,,,,,,,,
S3,EMATent,0.4948347508907318,0.4948347508907318,0.8454035520553589,1.0,0.3515495747327805,0.5,0.14845042526721955,0.0,0.0,6,47,0,0.0,0,0.0,47,1.0,1.0,1,,,,,,,,,,,,,,,,,,,,,,,,
S3,DynaMixEMATent,,,,,,,,,,0,64,64,1.0,0,0.0,0,0.0,1.0,1,0.014016435481607914,0.08264516294002533,0.08264516294002533,0.06862872838973999,0.9357296617555493,0.03947678936244311,0.024793548882007597,0.040480443209933936,5.289290428161621,0.19999999999999996,0.0,0.07060077786445618,0.2,0.0,1.0,64.0,1.0,0.0,0.0,0.0,0.0,1.0,1.0,0.6666666666666667
S3,DynaMixEMATent,,,,,,,,,,1,64,64,1.0,0,0.0,0,0.0,1.0,1,0.006024194415658712,0.04345805197954178,0.04345805197954178,0.03743385896086693,0.9266542538973476,0.06030833050878991,0.013037415593862534,0.061104981548087633,8.070605754852295,0.19999999999999996,0.0,0.04575078561902046,0.2,0.0,1.0,64.0,1.0,0.0,0.0,0.0,0.0,1.0,1.0,0.6666666666666667
S3,DynaMixEMATent,,,,,,,,,,2,64,64,1.0,0,0.0,0,0.0,1.0,1,0.01565997302532196,0.07571789622306824,0.07571789622306824,0.06005792319774628,0.883478879342538,0.0938057517905415,0.02271536886692047,0.09598611172446414,12.916551113128662,0.19999999999999996,0.0,0.09098128229379654,0.2,0.0,1.0,64.0,1.0,0.0,0.0,0.0,0.0,1.0,1.0,0.6666666666666667
S3,DynaMixEMATent,,,,,,,,,,3,64,36,0.5625,28,0.4375,0,0.0,0.5625,2,0.2993881404399872,0.47468817234039307,0.47468817234039307,0.17530003190040588,0.6114759504506286,0.24611759784725343,0.1424064517021179,0.2869862982711775,43.29659414291382,0.19999999999999996,1.0,0.1724555641412735,0.2,0.0,1.0,39.0,0.609375,25.0,0.390625,0.0,0.0,0.609375,2.0,0.22916666666666669
S3,DynaMixEMATent,,,,,,,,,,4,64,0,0.0,64,1.0,0,0.0,1.0,1,0.2445443868637085,0.693192720413208,0.693192720413208,0.4486483335494995,0.39932021980552795,0.3927219640705097,0.20795781612396239,0.49583465636721,87.66092824935913,0.19999999999999996,1.0,0.35576149821281433,0.2,0.0,1.0,1.0,0.015625,63.0,0.984375,0.0,0.0,0.984375,2.0,0.6666666666666667
S3,DynaMixEMATent,,,,,,,,,,5,64,0,0.0,36,0.5625,28,0.4375,0.5625,2,0.12317392975091934,0.40393736958503723,0.40393736958503723,0.2807634174823761,0.36204156800415815,0.5167772211203308,0.12118121087551116,0.5880361543420833,113.51291990280151,0.19999999999999996,1.0,0.4286056160926819,0.2,0.0,1.0,1.0,0.015625,63.0,0.984375,0.0,0.0,0.984375,2.0,0.22916666666666669
S3,DynaMixEMATent,,,,,,,,,,6,47,0,0.0,0,0.0,47,1.0,1.0,1,0.32449856400489807,0.6540237069129944,0.6540237069129944,0.3295251429080963,0.26044002836724994,0.5433528595588518,0.19620711207389832,0.6759861498162522,144.25203412771225,0.19999999999999996,1.0,0.45919978618621826,0.2,0.0,1.0,1.0,0.02127659574468085,46.0,0.9787234042553191,0.0,0.0,0.9787234042553191,2.0,0.6666666666666667
S4,EMATent,0.025264937430620193,0.025264937430620193,0.9960735440254211,0.0,0.49242051877081394,0.5,0.007579481229186058,0.0,0.0,0,64,64,1.0,0,0.0,0,0.0,1.0,1,,,,,,,,,,,,,,,,,,,,,,,,
S4,EMATent,0.3256304860115051,0.3256304860115051,0.9281567335128784,1.0,0.40231085419654844,0.5,0.09768914580345153,0.0,0.0,1,64,64,1.0,0,0.0,0,0.0,1.0,1,,,,,,,,,,,,,,,,,,,,,,,,
S4,EMATent,0.5927305817604065,0.5927305817604065,0.7821331024169922,1.0,0.32218082547187804,0.5,0.17781917452812193,0.0,0.0,2,64,64,1.0,0,0.0,0,0.0,1.0,1,,,,,,,,,,,,,,,,,,,,,,,,
S4,EMATent,0.649554967880249,0.649554967880249,0.842400312423706,1.0,0.3051335096359253,0.5,0.1948664903640747,0.0,0.0,3,64,40,0.625,0,0.0,24,0.375,0.625,2,,,,,,,,,,,,,,,,,,,,,,,,
S4,EMATent,0.10987649112939835,0.10987649112939835,0.9766724109649658,0.0,0.4670370526611805,0.5,0.0329629473388195,0.0,0.0,4,64,0,0.0,13,0.203125,51,0.796875,0.796875,2,,,,,,,,,,,,,,,,,,,,,,,,
S4,EMATent,0.04602692276239395,0.04602692276239395,0.9912410974502563,0.0,0.4861919231712818,0.5,0.013808076828718185,0.0,0.0,5,64,0,0.0,64,1.0,0,0.0,1.0,1,,,,,,,,,,,,,,,,,,,,,,,,
S4,EMATent,0.13293875753879547,0.13293875753879547,0.9673599004745483,0.0,0.46011837273836137,0.5,0.03988162726163864,0.0,0.0,6,50,0,0.0,50,1.0,0,0.0,1.0,1,,,,,,,,,,,,,,,,,,,,,,,,
S4,DynaMixEMATent,,,,,,,,,,0,64,64,1.0,0,0.0,0,0.0,1.0,1,0.0038100075908005238,0.025264937430620193,0.025264937430620193,0.021454928442835808,0.9799626501008138,0.01245786867000008,0.007579481229186058,0.012553014004013208,1.6169559955596924,0.19999999999999996,0.0,0.021855046972632408,0.2,0.0,1.0,64.0,1.0,0.0,0.0,0.0,0.0,1.0,1.0,0.6666666666666667
S4,DynaMixEMATent,,,,,,,,,,1,64,64,1.0,0,0.0,0,0.0,1.0,1,0.02596173994243145,0.10713175684213638,0.10713175684213638,0.08117002248764038,0.9058643676303908,0.061996105316968315,0.032139527052640914,0.06405479617136944,8.473388433456421,0.19999999999999996,0.0,0.1373828947544098,0.2,0.0,1.0,64.0,1.0,0.0,0.0,0.0,0.0,1.0,1.0,0.6666666666666667
S4,DynaMixEMATent,,,,,,,,,,2,64,64,1.0,0,0.0,0,0.0,1.0,1,0.1869584023952484,0.8566188812255859,0.8566188812255859,0.6696605086326599,0.45314291031427484,0.2898714253180494,0.2569856643676758,0.3901289805819983,63.29699683189392,0.19999999999999996,1.0,0.7308570146560669,0.2,0.0,1.0,11.0,0.171875,50.0,0.78125,3.0,0.046875,0.78125,3.0,0.6666666666666667
S4,DynaMixEMATent,,,,,,,,,,3,64,40,0.625,0,0.0,24,0.375,0.625,2,0.20301517844200134,0.683825671672821,0.683825671672821,0.4808105230331421,0.34437655170496834,0.4504757467931853,0.2051477015018463,0.5667414532792368,107.06183981895447,0.19999999999999996,1.0,0.4987315535545349,0.2,0.0,1.0,0.0,0.0,36.0,0.5625,28.0,0.4375,0.5625,2.0,0.2916666666666667
S4,DynaMixEMATent,,,,,,,,,,4,64,0,0.0,13,0.203125,51,0.796875,0.796875,2,0.056064385920763016,0.2834608256816864,0.2834608256816864,0.22739644348621368,0.34403081340218694,0.570930938893307,0.08503824770450592,0.6239943226707912,125.2033326625824,0.19999999999999996,1.0,0.23327594995498657,0.2,0.0,1.0,0.0,0.0,64.0,1.0,0.0,0.0,1.0,1.0,0.4635416666666667
S4,DynaMixEMATent,,,,,,,,,,5,64,0,0.0,64,1.0,0,0.0,1.0,1,0.02706168219447136,0.08438107371330261,0.08438107371330261,0.057319387793540955,0.3513466925630364,0.6233389853229728,0.025314322113990782,0.6395282083911703,130.60372138023376,0.19999999999999996,0.0,0.09846052527427673,0.2,0.0,1.0,0.0,0.0,64.0,1.0,0.0,0.0,1.0,1.0,0.6666666666666667
S4,DynaMixEMATent,,,,,,,,,,6,50,0,0.0,50,1.0,0,0.0,1.0,1,0.025010550394654274,0.08493613451719284,0.08493613451719284,0.05992558225989342,0.33982284201769225,0.63469631762715,0.025480840355157852,0.6512917794848295,134.8505281060934,0.19999999999999996,0.0,0.26538923382759094,0.2,0.0,1.0,0.0,0.0,50.0,1.0,0.0,0.0,1.0,1.0,0.6666666666666667
S5,EMATent,0.042312245815992355,0.042312245815992355,0.992756724357605,0.0,0.4873063262552023,0.5,0.012693673744797707,0.0,0.0,0,64,64,1.0,0,0.0,0,0.0,1.0,1,,,,,,,,,,,,,,,,,,,,,,,,
S5,EMATent,0.009105642326176167,0.009105642326176167,0.998808741569519,0.0,0.49726830730214716,0.5,0.0027316926978528497,0.0,0.0,1,64,64,1.0,0,0.0,0,0.0,1.0,1,,,,,,,,,,,,,,,,,,,,,,,,
S5,EMATent,0.29225242137908936,0.29225242137908936,0.9218935966491699,1.0,0.4123242735862732,0.5,0.0876757264137268,0.0,0.0,2,64,64,1.0,0,0.0,0,0.0,1.0,1,,,,,,,,,,,,,,,,,,,,,,,,
S5,EMATent,0.6069488525390625,0.6069488525390625,0.819819986820221,1.0,0.31791534423828127,0.5,0.18208465576171876,0.0,0.0,3,64,47,0.734375,0,0.0,17,0.265625,0.734375,2,,,,,,,,,,,,,,,,,,,,,,,,
S5,EMATent,0.6954334378242493,0.6954334378242493,0.8082517385482788,1.0,0.29136996865272524,0.5,0.20863003134727479,0.0,0.0,4,64,0,0.0,6,0.09375,58,0.90625,0.90625,2,,,,,,,,,,,,,,,,,,,,,,,,
S5,EMATent,0.4315375089645386,0.4315375089645386,0.8400960564613342,1.0,0.3705387473106384,0.5,0.12946125268936157,0.0,0.0,5,64,0,0.0,64,1.0,0,0.0,1.0,1,,,,,,,,,,,,,,,,,,,,,,,,
S5,EMATent,0.3803061246871948,0.3803061246871948,0.8889907598495483,1.0,0.38590816259384153,0.5,0.11409183740615844,0.0,0.0,6,59,0,0.0,59,1.0,0,0.0,1.0,1,,,,,,,,,,,,,,,,,,,,,,,,
S5,DynaMixEMATent,,,,,,,,,,0,64,64,1.0,0,0.0,0,0.0,1.0,1,0.012349491007626057,0.042312245815992355,0.042312245815992355,0.029962753877043724,0.9666381523679611,0.020668173887241157,0.012693673744797707,0.020933902009556027,2.7079837322235107,0.19999999999999996,0.0,0.030786875635385513,0.2,0.0,1.0,64.0,1.0,0.0,0.0,0.0,0.0,1.0,1.0,0.6666666666666667
S5,DynaMixEMATent,,,,,,,,,,1,64,64,1.0,0,0.0,0,0.0,1.0,1,0.0007352359825745225,0.006790847983211279,0.006790847983211279,0.006055612117052078,0.9737595452088479,0.024203200396188777,0.0020372543949633837,0.024252609130729685,3.1425980031490326,0.19999999999999996,0.0,0.004740594886243343,0.2,0.0,1.0,64.0,1.0,0.0,0.0,0.0,0.0,1.0,1.0,0.6666666666666667
S5,DynaMixEMATent,,,,,,,,,,2,64,64,1.0,0,0.0,0,0.0,1.0,1,0.017837973311543465,0.06182735413312912,0.06182735413312912,0.043989378958940506,0.9284974864484937,0.052954307311567625,0.018548206239938737,0.053955077211376046,7.099548667669296,0.19999999999999996,0.0,0.0432271882891655,0.2,0.0,1.0,64.0,1.0,0.0,0.0,0.0,0.0,1.0,1.0,0.6666666666666667
S5,DynaMixEMATent,,,,,,,,,,3,64,47,0.734375,0,0.0,17,0.265625,0.734375,2,0.2604560852050781,0.6540594100952148,0.6540594100952148,0.3936033248901367,0.548305919963306,0.2554762570081294,0.19621782302856444,0.3178426498217918,48.959350913763046,0.19999999999999996,1.0,0.6470078825950623,0.2,0.0,1.0,26.0,0.40625,0.0,0.0,38.0,0.59375,0.59375,2.0,0.4010416666666667
S5,DynaMixEMATent,,,,,,,,,,4,64,0,0.0,6,0.09375,58,0.90625,0.90625,2,0.178122416138649,0.889755129814148,0.889755129814148,0.7116326689720154,0.32049716240324255,0.4125762986525131,0.2669265389442444,0.5628034850127164,105.90367922186852,0.19999999999999996,1.0,0.48745009303092957,0.2,0.0,1.0,0.0,0.0,23.0,0.359375,41.0,0.640625,0.640625,2.0,0.5729166666666667
S5,DynaMixEMATent,,,,,,,,,,5,64,0,0.0,64,1.0,0,0.0,1.0,1,0.10320580750703812,0.7432147264480591,0.7432147264480591,0.6400089263916016,0.23427749441617798,0.5427580876494044,0.2229644179344177,0.698498370186084,153.4694217145443,0.19999999999999996,1.0,0.4769379496574402,0.2,0.0,1.0,0.0,0.0,56.0,0.875,8.0,0.125,0.875,2.0,0.6666666666666667
S5,DynaMixEMATent,,,,,,,,,,6,59,0,0.0,59,1.0,0,0.0,1.0,1,0.09786315262317657,0.8750655651092529,0.8750655651092529,0.7772023677825928,0.14854813189661442,0.5889321985706097,0.2625196695327759,0.7985734320500412,205.09829005599022,0.19999999999999996,1.0,0.43186330795288086,0.2,0.0,1.0,0.0,0.0,58.0,0.9830508474576272,1.0,0.01694915254237288,0.9830508474576272,2.0,0.6666666666666667
S6,EMATent,0.06043564900755882,0.06043564900755882,0.989325225353241,0.0,0.48186930529773236,0.5,0.018130694702267646,0.0,0.0,0,64,64,1.0,0,0.0,0,0.0,1.0,1,,,,,,,,,,,,,,,,,,,,,,,,
S6,EMATent,0.08245626091957092,0.08245626091957092,0.9843129515647888,0.0,0.4752631217241287,0.5,0.024736878275871278,0.0,0.0,1,64,64,1.0,0,0.0,0,0.0,1.0,1,,,,,,,,,,,,,,,,,,,,,,,,
S6,EMATent,0.5600141882896423,0.5600141882896423,0.8510106205940247,1.0,0.33199574351310734,0.5,0.16800425648689268,0.0,0.0,2,64,64,1.0,0,0.0,0,0.0,1.0,1,,,,,,,,,,,,,,,,,,,,,,,,
S6,EMATent,0.852838933467865,0.852838933467865,0.8214836716651917,1.0,0.2441483199596405,0.5,0.25585168004035946,0.0,0.0,3,64,44,0.6875,20,0.3125,0,0.0,0.6875,2,,,,,,,,,,,,,,,,,,,,,,,,
S6,EMATent,0.7022824287414551,0.7022824287414551,0.6999104022979736,1.0,0.28931527137756347,0.5,0.2106847286224365,0.0,0.0,4,64,0,0.0,64,1.0,0,0.0,1.0,1,,,,,,,,,,,,,,,,,,,,,,,,
S6,EMATent,0.6407026648521423,0.6407026648521423,0.7423861026763916,1.0,0.3077892005443573,0.5,0.1922107994556427,0.0,0.0,5,64,0,0.0,46,0.71875,18,0.28125,0.71875,2,,,,,,,,,,,,,,,,,,,,,,,,
S6,EMATent,0.8401179313659668,0.8401179313659668,0.6597211956977844,1.0,0.24796462059020996,0.5,0.25203537940979004,0.0,0.0,6,57,0,0.0,0,0.0,57,1.0,1.0,1,,,,,,,,,,,,,,,,,,,,,,,,
S6,DynaMixEMATent,,,,,,,,,,0,64,64,1.0,0,0.0,0,0.0,1.0,1,0.00731620704755187,0.06043564900755882,0.06043564900755882,0.053119443356990814,0.9526431502311671,0.02922615506656522,0.018130694702267646,0.029765830247339253,3.8678815364837646,0.19999999999999996,0.0,0.05752600356936455,0.2,0.0,1.0,64.0,1.0,0.0,0.0,0.0,0.0,1.0,1.0,0.6666666666666667
S6,DynaMixEMATent,,,,,,,,,,1,64,64,1.0,0,0.0,0,0.0,1.0,1,0.007031618617475033,0.06643027812242508,0.06643027812242508,0.05939865857362747,0.9198328505222493,0.060238066041023205,0.019929083436727522,0.06146296663128692,8.11941933631897,0.19999999999999996,0.0,0.06341341882944107,0.2,0.0,1.0,64.0,1.0,0.0,0.0,0.0,0.0,1.0,1.0,0.6666666666666667
S6,DynaMixEMATent,,,,,,,,,,2,64,64,1.0,0,0.0,0,0.0,1.0,1,0.0616435669362545,0.2139451503753662,0.2139451503753662,0.1523015946149826,0.7891953035964442,0.14662115129094597,0.06418354511260986,0.15667725281512535,21.811908960342407,0.19999999999999996,1.0,0.34335237741470337,0.2,0.0,1.0,59.0,0.921875,2.0,0.03125,3.0,0.046875,0.921875,3.0,0.6666666666666667
S6,DynaMixEMATent,,,,,,,,,,3,64,44,0.6875,20,0.3125,0,0.0,0.6875,2,0.3807053864002228,0.7814103960990906,0.7814103960990906,0.4007050395011902,0.43681899310650885,0.32875788806376394,0.23442311882972716,0.4294250468499251,71.8221743106842,0.19999999999999996,1.0,0.4803072214126587,0.2,0.0,1.0,24.0,0.375,14.0,0.21875,26.0,0.40625,0.40625,3.0,0.3541666666666667
S6,DynaMixEMATent,,,,,,,,,,4,64,0,0.0,64,1.0,0,0.0,1.0,1,0.12434156984090805,0.8397167325019836,0.8397167325019836,0.7153751850128174,0.2804926379434038,0.46759234230600116,0.2519150197505951,0.6250524400985968,125.56404519081116,0.19999999999999996,1.0,0.6739919781684875,0.2,0.0,1.0,0.0,0.0,40.0,0.625,24.0,0.375,0.625,2.0,0.6666666666666667
S6,DynaMixEMATent,,,,,,,,,,5,64,0,0.0,46,0.71875,18,0.28125,0.71875,2,0.10952547937631607,0.5696899890899658,0.5696899890899658,0.46016451716423035,0.23381220222542554,0.5952808010475847,0.17090699672698975,0.7179903806902179,162.02420449256897,0.19999999999999996,1.0,0.5693966150283813,0.2,0.0,1.0,0.0,0.0,36.0,0.5625,28.0,0.4375,0.5625,2.0,0.3854166666666667
S6,DynaMixEMATent,,,,,,,,,,6,57,0,0.0,0,0.0,57,1.0,1.0,1,0.18136140704154968,0.8633229732513428,0.8633229732513428,0.6819615960121155,0.14227221229652376,0.5987308957280734,0.2589968919754028,0.8080005188159061,211.2336139678955,0.19999999999999996,1.0,0.7281244993209839,0.2,0.0,1.0,3.0,0.05263157894736842,28.0,0.49122807017543857,26.0,0.45614035087719296,0.49122807017543857,3.0,0.6666666666666667
S7,EMATent,0.054060570895671844,0.054060570895671844,0.9904893040657043,0.0,0.48378182873129844,0.5,0.016218171268701554,0.0,0.0,0,64,64,1.0,0,0.0,0,0.0,1.0,1,,,,,,,,,,,,,,,,,,,,,,,,
S7,EMATent,0.11279728263616562,0.11279728263616562,0.9755935072898865,0.0,0.4661608152091503,0.5,0.033839184790849686,0.0,0.0,1,64,64,1.0,0,0.0,0,0.0,1.0,1,,,,,,,,,,,,,,,,,,,,,,,,
S7,EMATent,0.11385467648506165,0.11385467648506165,0.9760887622833252,0.0,0.46584359705448153,0.5,0.03415640294551849,0.0,0.0,2,64,64,1.0,0,0.0,0,0.0,1.0,1,,,,,,,,,,,,,,,,,,,,,,,,
S7,EMATent,0.5263750553131104,0.5263750553131104,0.9080843925476074,1.0,0.3420874834060669,0.5,0.1579125165939331,0.0,0.0,3,64,45,0.703125,0,0.0,19,0.296875,0.703125,2,,,,,,,,,,,,,,,,,,,,,,,,
S7,EMATent,0.8845400810241699,0.8845400810241699,0.6962800025939941,1.0,0.23463797569274902,0.5,0.265362024307251,0.0,0.0,4,64,0,0.0,8,0.125,56,0.875,0.875,2,,,,,,,,,,,,,,,,,,,,,,,,
S7,EMATent,0.3821617662906647,0.3821617662906647,0.8833485245704651,1.0,0.3853514701128006,0.5,0.1146485298871994,0.0,0.0,5,64,0,0.0,64,1.0,0,0.0,1.0,1,,,,,,,,,,,,,,,,,,,,,,,,
S7,EMATent,0.18454605340957642,0.18454605340957642,0.9494243860244751,0.0,0.44463618397712706,0.5,0.05536381602287292,0.0,0.0,6,56,0,0.0,56,1.0,0,0.0,1.0,1,,,,,,,,,,,,,,,,,,,,,,,,
S7,DynaMixEMATent,,,,,,,,,,0,64,64,1.0,0,0.0,0,0.0,1.0,1,0.003926912322640419,0.054060570895671844,0.054060570895671844,0.050133660435676575,0.957546102051316,0.02623572667998256,0.016218171268701554,0.026668236710385873,3.459876537322998,0.19999999999999996,0.0,0.06414205580949783,0.2,0.0,1.0,64.0,1.0,0.0,0.0,0.0,0.0,1.0,1.0,0.6666666666666667
S7,DynaMixEMATent,,,,,,,,,,1,64,64,1.0,0,0.0,0,0.0,1.0,1,0.009093438275158405,0.08773524314165115,0.08773524314165115,0.07864180952310562,0.9070378789270832,0.06664154813042149,0.026320572942495346,0.06844300729636932,9.074932098388672,0.19999999999999996,0.0,0.09724318236112595,0.2,0.0,1.0,64.0,1.0,0.0,0.0,0.0,0.0,1.0,1.0,0.6666666666666667
S7,DynaMixEMATent,,,,,,,,,,2,64,64,1.0,0,0.0,0,0.0,1.0,1,0.004435467068105936,0.07515574991703033,0.07515574991703033,0.07072027772665024,0.8769716872852231,0.10048158773966778,0.022546724975109098,0.1027993770209722,13.884900093078613,0.19999999999999996,0.0,0.11685479432344437,0.2,0.0,1.0,64.0,1.0,0.0,0.0,0.0,0.0,1.0,1.0,0.6666666666666667
S7,DynaMixEMATent,,,,,,,,,,3,64,45,0.703125,0,0.0,19,0.296875,0.703125,2,0.08520533889532089,0.27949467301368713,0.27949467301368713,0.19428932666778564,0.7147685132645117,0.20138308483138215,0.08384840190410614,0.21981415002706062,31.77255916595459,0.19999999999999996,1.0,0.31497031450271606,0.2,0.0,1.0,52.0,0.8125,0.0,0.0,12.0,0.1875,0.8125,2.0,0.3697916666666667
S7,DynaMixEMATent,,,,,,,,,,4,64,0,0.0,8,0.125,56,0.875,0.875,2,0.17338615655899048,0.6742563843727112,0.6742563843727112,0.5008702278137207,0.44426010584874975,0.3534629788394369,0.20227691531181335,0.4430898210468589,74.9249677658081,0.19999999999999996,1.0,0.7262395620346069,0.2,0.0,1.0,15.0,0.234375,8.0,0.125,41.0,0.640625,0.640625,3.0,0.5416666666666667
S7,DynaMixEMATent,,,,,,,,,,5,64,0,0.0,64,1.0,0,0.0,1.0,1,0.07877935469150543,0.8420616984367371,0.8420616984367371,0.7632823586463928,0.27319712156134723,0.4741843689076316,0.2526185095310211,0.6344609479291263,128.81691646575928,0.19999999999999996,1.0,0.4520716071128845,0.2,0.0,1.0,0.0,0.0,57.0,0.890625,7.0,0.109375,0.890625,2.0,0.6666666666666667
S7,DynaMixEMATent,,,,,,,,,,6,56,0,0.0,56,1.0,0,0.0,1.0,1,0.03450769558548927,0.5747881531715393,0.5747881531715393,0.5402804613113403,0.23524650689533677,0.5923170471532014,0.1724364459514618,0.715736023240169,161.00505304336548,0.19999999999999996,1.0,0.2133929431438446,0.2,0.0,1.0,0.0,0.0,56.0,1.0,0.0,0.0,1.0,1.0,0.6666666666666667
S8,EMATent,0.046477243304252625,0.046477243304252625,0.9921072721481323,0.0,0.4860568270087242,0.5,0.013943172991275787,0.0,0.0,0,64,64,1.0,0,0.0,0,0.0,1.0,1,,,,,,,,,,,,,,,,,,,,,,,,
S8,EMATent,0.9773402810096741,0.9773402810096741,0.6727362275123596,1.0,0.2067979156970978,0.5,0.29320208430290223,0.0,0.0,1,64,64,1.0,0,0.0,0,0.0,1.0,1,,,,,,,,,,,,,,,,,,,,,,,,
S8,EMATent,0.7571327090263367,0.7571327090263367,0.637954831123352,1.0,0.272860187292099,0.5,0.22713981270790098,0.0,0.0,2,64,64,1.0,0,0.0,0,0.0,1.0,1,,,,,,,,,,,,,,,,,,,,,,,,
S8,EMATent,0.9808162450790405,0.9808162450790405,0.6339928507804871,1.0,0.20575512647628785,0.5,0.29424487352371215,0.0,0.0,3,64,42,0.65625,0,0.0,22,0.34375,0.65625,2,,,,,,,,,,,,,,,,,,,,,,,,
S8,EMATent,0.8942054510116577,0.8942054510116577,0.74763423204422,1.0,0.2317383646965027,0.5,0.2682616353034973,0.0,0.0,4,64,0,0.0,12,0.1875,52,0.8125,0.8125,2,,,,,,,,,,,,,,,,,,,,,,,,
S8,EMATent,0.2080283910036087,0.2080283910036087,0.9450353384017944,1.0,0.4375914826989174,0.5,0.06240851730108261,0.0,0.0,5,64,0,0.0,64,1.0,0,0.0,1.0,1,,,,,,,,,,,,,,,,,,,,,,,,
S8,EMATent,0.32626527547836304,0.32626527547836304,0.8997600078582764,1.0,0.40212041735649107,0.5,0.0978795826435089,0.0,0.0,6,58,0,0.0,58,1.0,0,0.0,1.0,1,,,,,,,,,,,,,,,,,,,,,,,,
S8,DynaMixEMATent,,,,,,,,,,0,64,64,1.0,0,0.0,0,0.0,1.0,1,0.004126830026507378,0.046477243304252625,0.046477243304252625,0.042350415140390396,0.9634064268403968,0.022650400168327367,0.013943172991275787,0.02297068439456884,2.974543571472168,0.19999999999999996,0.0,0.06653963029384613,0.2,0.0,1.0,64.0,1.0,0.0,0.0,0.0,0.0,1.0,1.0,0.6666666666666667
S8,DynaMixEMATent,,,,,,,,,,1,64,64,1.0,0,0.0,0,0.0,1.0,1,0.2465064972639084,0.8580747246742249,0.8580747246742249,0.6115682125091553,0.47241194490452976,0.2701656376932028,0.25742241740226746,0.363821429604826,57.89132595062256,0.19999999999999996,1.0,0.666654646396637,0.2,0.0,1.0,18.0,0.28125,17.0,0.265625,29.0,0.453125,0.453125,3.0,0.6666666666666667
S8,DynaMixEMATent,,,,,,,,,,2,64,64,1.0,0,0.0,0,0.0,1.0,1,0.09377779066562653,0.8811485171318054,0.8811485171318054,0.7873706817626953,0.3012413049010656,0.4344141399593928,0.26434455513954164,0.5905130492737588,114.2848310470581,0.19999999999999996,1.0,0.8351816534996033,0.2,0.0,1.0,7.0,0.109375,19.0,0.296875,38.0,0.59375,0.59375,3.0,0.6666666666666667
S8,DynaMixEMATent,,,,,,,,,,3,64,42,0.65625,0,0.0,22,0.34375,0.65625,2,0.23157420754432678,0.9991418123245239,0.9991418123245239,0.7675675749778748,0.1739950609425765,0.5262623953600665,0.29974254369735714,0.7515270142766207,178.22990703582764,0.19999999999999996,1.0,0.8664900064468384,0.2,0.0,1.0,22.0,0.34375,10.0,0.15625,32.0,0.5,0.5,3.0,0.3229166666666667
S8,DynaMixEMATent,,,,,,,,,,4,64,0,0.0,12,0.1875,52,0.8125,0.8125,2,0.4238758683204651,0.8312209248542786,0.8312209248542786,0.4073450565338135,0.12308635743609565,0.6275473651076208,0.24936627745628356,0.8360234109666886,231.42804622650146,0.19999999999999996,1.0,0.9057567119598389,0.2,0.0,1.0,8.0,0.125,49.0,0.765625,7.0,0.109375,0.765625,3.0,0.4791666666666667
S8,DynaMixEMATent,,,,,,,,,,5,64,0,0.0,64,1.0,0,0.0,1.0,1,0.06085802987217903,0.16976134479045868,0.16976134479045868,0.10890331864356995,0.14296101295970534,0.8061105836031571,0.0509284034371376,0.8493675150774189,242.29277229309082,0.19999999999999996,0.0,0.38495302200317383,0.2,0.0,1.0,0.0,0.0,64.0,1.0,0.0,0.0,1.0,1.0,0.6666666666666667
S8,DynaMixEMATent,,,,,,,,,,6,58,0,0.0,58,1.0,0,0.0,1.0,1,0.0725395604968071,0.19332069158554077,0.19332069158554077,0.12078113108873367,0.12999533675386946,0.8120084557704683,0.057996207475662226,0.862001259670607,253.50537240505219,0.19999999999999996,0.0,0.6371054649353027,0.2,0.0,1.0,0.0,0.0,49.0,0.8448275862068966,9.0,0.15517241379310345,0.8448275862068966,2.0,0.6666666666666667
S9,EMATent,0.04053409397602081,0.04053409397602081,0.9932560920715332,0.0,0.48783977180719373,0.5,0.012160228192806244,0.0,0.0,0,64,64,1.0,0,0.0,0,0.0,1.0,1,,,,,,,,,,,,,,,,,,,,,,,,
S9,EMATent,0.3267122507095337,0.3267122507095337,0.9025951623916626,1.0,0.4019863247871399,0.5,0.0980136752128601,0.0,0.0,1,64,64,1.0,0,0.0,0,0.0,1.0,1,,,,,,,,,,,,,,,,,,,,,,,,
S9,EMATent,0.3043893873691559,0.3043893873691559,0.9245911836624146,1.0,0.4086831837892533,0.5,0.09131681621074676,0.0,0.0,2,64,64,1.0,0,0.0,0,0.0,1.0,1,,,,,,,,,,,,,,,,,,,,,,,,
S9,EMATent,0.848183810710907,0.848183810710907,0.8771675825119019,1.0,0.2455448567867279,0.5,0.25445514321327206,0.0,0.0,3,64,44,0.6875,20,0.3125,0,0.0,0.6875,2,,,,,,,,,,,,,,,,,,,,,,,,
S9,EMATent,0.10151553899049759,0.10151553899049759,0.9772615432739258,0.0,0.4695453383028507,0.5,0.030454661697149277,0.0,0.0,4,64,0,0.0,64,1.0,0,0.0,1.0,1,,,,,,,,,,,,,,,,,,,,,,,,
S9,EMATent,0.06519316881895065,0.06519316881895065,0.9874209761619568,0.0,0.4804420493543148,0.5,0.019557950645685194,0.0,0.0,5,64,0,0.0,45,0.703125,19,0.296875,0.703125,2,,,,,,,,,,,,,,,,,,,,,,,,
S9,EMATent,0.1592286229133606,0.1592286229133606,0.9587222933769226,0.0,0.4522314131259918,0.5,0.04776858687400818,0.0,0.0,6,55,0,0.0,0,0.0,55,1.0,1.0,1,,,,,,,,,,,,,,,,,,,,,,,,
S9,DynaMixEMATent,,,,,,,,,,0,64,64,1.0,0,0.0,0,0.0,1.0,1,0.004213718697428703,0.04053409397602081,0.04053409397602081,0.03632037714123726,0.9680206922350342,0.019819079572159594,0.012160228192806244,0.02006305084872395,2.594182014465332,0.19999999999999996,0.0,0.05200973153114319,0.2,0.0,1.0,64.0,1.0,0.0,0.0,0.0,0.0,1.0,1.0,0.6666666666666667
S9,DynaMixEMATent,,,,,,,,,,1,64,64,1.0,0,0.0,0,0.0,1.0,1,0.03720516338944435,0.18475428223609924,0.18475428223609924,0.147549107670784,0.8439468702924001,0.10062684503677012,0.05542628467082977,0.10653148971195237,14.418456077575684,0.19999999999999996,0.0,0.2262856364250183,0.2,0.0,1.0,63.0,0.984375,0.0,0.0,1.0,0.015625,0.984375,2.0,0.6666666666666667
S9,DynaMixEMATent,,,,,,,,,,2,64,64,1.0,0,0.0,0,0.0,1.0,1,0.022902892902493477,0.12207333743572235,0.12207333743572235,0.09917044639587402,0.8097819387833747,0.15359605998590864,0.036622001230716704,0.15943488452313404,22.231149673461914,0.19999999999999996,0.0,0.20161625742912292,0.2,0.0,1.0,63.0,0.984375,0.0,0.0,1.0,0.015625,0.984375,2.0,0.6666666666666667
S9,DynaMixEMATent,,,,,,,,,,3,64,44,0.6875,20,0.3125,0,0.0,0.6875,2,0.3883892595767975,0.7122101187705994,0.7122101187705994,0.3238208591938019,0.4629409426132134,0.3233960217556068,0.2136630356311798,0.4112690060490689,67.81259727478027,0.19999999999999996,1.0,0.4558104872703552,0.2,0.0,1.0,35.0,0.546875,24.0,0.375,5.0,0.078125,0.546875,3.0,0.3541666666666667
S9,DynaMixEMATent,,,,,,,,,,4,64,0,0.0,64,1.0,0,0.0,1.0,1,0.03578482195734978,0.4205586016178131,0.4205586016178131,0.38477379083633423,0.41689041794732135,0.4569420015673347,0.12616758048534393,0.5229171994112205,94.72834777832031,0.19999999999999996,1.0,0.21946710348129272,0.2,0.0,1.0,0.0,0.0,63.0,0.984375,1.0,0.015625,0.984375,2.0,0.6666666666666667
S9,DynaMixEMATent,,,,,,,,,,5,64,0,0.0,45,0.703125,19,0.296875,0.703125,2,0.023200642317533493,0.24451565742492676,0.24451565742492676,0.22131501138210297,0.39121129774432956,0.5354340050281925,0.07335469722747802,0.5778198016287077,110.37734985351562,0.19999999999999996,1.0,0.1279301643371582,0.2,0.0,1.0,0.0,0.0,64.0,1.0,0.0,0.0,1.0,1.0,0.3697916666666667
S9,DynaMixEMATent,,,,,,,,,,6,55,0,0.0,0,0.0,55,1.0,1.0,1,0.017407754436135292,0.20863227546215057,0.20863227546215057,0.19122451543807983,0.3618216334766733,0.5755886838846815,0.06258968263864517,0.6140200008731101,121.8521250039339,0.19999999999999996,1.0,0.3272223174571991,0.2,0.0,1.0,0.0,0.0,55.0,1.0,0.0,0.0,1.0,1.0,0.6666666666666667
