Subject,Source_Acc,Source_F1_0,Source_F1_1,Source_MacroF1,Norm_Acc,Norm_F1_0,Norm_F1_1,Norm_MacroF1,Tent_Acc,Tent_F1_0,Tent_F1_1,Tent_MacroF1,OFTTA_Acc,OFTTA_F1_0,OFTTA_F1_1,OFTTA_MacroF1,EMATentSafe_Acc,EMATentSafe_F1_0,EMATentSafe_F1_1,EMATentSafe_MacroF1,EmaTentGridS40E50B10M085_Acc,EmaTentGridS40E50B10M085_F1_0,EmaTentGridS40E50B10M085_F1_1,EmaTentGridS40E50B10M085_MacroF1,EmaTentGridS30E50B20M085_Acc,EmaTentGridS30E50B20M085_F1_0,EmaTentGridS30E50B20M085_F1_1,EmaTentGridS30E50B20M085_MacroF1,EmaTentGridS20E50B30M075_Acc,EmaTentGridS20E50B30M075_F1_0,EmaTentGridS20E50B30M075_F1_1,EmaTentGridS20E50B30M075_MacroF1,EMATent_Acc,EMATent_F1_0,EMATent_F1_1,EMATent_MacroF1,EMATentAdaptive_Acc,EMATentAdaptive_F1_0,EMATentAdaptive_F1_1,EMATentAdaptive_MacroF1,EmaTentGridS20E50B30M090_Acc,EmaTentGridS20E50B30M090_F1_0,EmaTentGridS20E50B30M090_F1_1,EmaTentGridS20E50B30M090_MacroF1,EmaTentGridS20E50B30M095_Acc,EmaTentGridS20E50B30M095_F1_0,EmaTentGridS20E50B30M095_F1_1,EmaTentGridS20E50B30M095_MacroF1,EmaTentGridS10E50B40M085_Acc,EmaTentGridS10E50B40M085_F1_0,EmaTentGridS10E50B40M085_F1_1,EmaTentGridS10E50B40M085_MacroF1
S1,0.49624060150375937,0.6298342541436464,0.21176470588235294,0.42079948001299966,0.6578947368421053,0.7129337539432177,0.5767441860465117,0.6448389699948647,0.6578947368421053,0.7129337539432177,0.5767441860465117,0.6448389699948647,0.6466165413533834,0.7235294117647059,0.5104166666666666,0.6169730392156862,0.5451127819548872,0.5898305084745763,0.48945147679324896,0.5396409926339126,0.5338345864661654,0.5694444444444444,0.4918032786885246,0.5306238615664844,0.5488721804511278,0.5683453237410072,0.5275590551181102,0.5479521894295587,0.6240601503759399,0.6551724137931034,0.5867768595041323,0.6209746366486179,0.6165413533834586,0.6458333333333334,0.5819672131147541,0.6139002732240437,0.6165413533834586,0.6458333333333334,0.5819672131147541,0.6139002732240437,0.631578947368421,0.6573426573426573,0.6016260162601627,0.62948433680141,0.6165413533834586,0.6330935251798561,0.5984251968503937,0.6157593610151249,0.6090225563909775,0.6438356164383562,0.5666666666666667,0.6052511415525115
S2,0.6007905138339921,0.6576271186440678,0.5213270142180095,0.5894770664310387,0.6086956521739131,0.6775244299674267,0.5025125628140703,0.5900184963907484,0.6086956521739131,0.6775244299674267,0.5025125628140703,0.5900184963907484,0.7628458498023716,0.8235294117647058,0.6385542168674698,0.7310418143160878,0.6679841897233202,0.732484076433121,0.5625,0.6474920382165605,0.6758893280632411,0.7388535031847133,0.5729166666666666,0.65588508492569,0.7035573122529645,0.7619047619047619,0.6073298429319371,0.6846173024183495,0.7193675889328063,0.7731629392971247,0.6321243523316062,0.7026436458143654,0.7272727272727273,0.7795527156549521,0.6424870466321243,0.7110198811435382,0.7233201581027668,0.7770700636942676,0.6354166666666666,0.7062433651804672,0.7154150197628458,0.7735849056603774,0.6170212765957447,0.6953030911280611,0.7114624505928854,0.7711598746081505,0.6096256684491979,0.6903927715286742,0.7312252964426877,0.7806451612903226,0.6530612244897959,0.7168531928900592
S3,0.45318352059925093,0.0,0.6237113402061856,0.3118556701030928,0.6629213483146067,0.6959459459459459,0.6218487394957983,0.6588973427208722,0.6629213483146067,0.6959459459459459,0.6218487394957983,0.6588973427208722,0.6404494382022472,0.673469387755102,0.6,0.636734693877551,0.4606741573033708,0.1,0.6149732620320856,0.3574866310160428,0.4943820224719101,0.21965317919075145,0.6260387811634349,0.4228459801770932,0.5056179775280899,0.27472527472527475,0.625,0.4498626373626374,0.5805243445692884,0.4954954954954955,0.6410256410256411,0.5682605682605683,0.5468164794007491,0.41545893719806765,0.6299694189602446,0.5227141780791561,0.5056179775280899,0.3125,0.6140350877192983,0.46326754385964913,0.5056179775280899,0.26666666666666666,0.6271186440677966,0.44689265536723166,0.4756554307116105,0.17647058823529413,0.6153846153846154,0.3959276018099548,0.5205992509363296,0.38461538461538464,0.6073619631901841,0.49598867390278434
S4,0.5692883895131086,0.3783783783783784,0.670487106017192,0.5244327421977852,0.3258426966292135,0.256198347107438,0.3835616438356164,0.31987999547152723,0.3258426966292135,0.256198347107438,0.3835616438356164,0.31987999547152723,0.3146067415730337,0.3487544483985765,0.2766798418972332,0.31271714514790483,0.5767790262172284,0.25165562913907286,0.7049608355091384,0.4783082323241056,0.6067415730337079,0.3225806451612903,0.7229551451187335,0.5227678951400119,0.6067415730337079,0.3712574850299401,0.7138964577656676,0.5425769713978038,0.5655430711610487,0.44761904761904764,0.6419753086419753,0.5447971781305114,0.5955056179775281,0.46,0.6766467065868264,0.5683233532934132,0.5805243445692884,0.3978494623655914,0.6781609195402298,0.5380051909529107,0.5917602996254682,0.3699421965317919,0.6980609418282548,0.5340015691800234,0.550561797752809,0.22077922077922077,0.6842105263157895,0.4524948735475051,0.5655430711610487,0.4368932038834951,0.6463414634146342,0.5416173336490646
S5,0.6564625850340136,0.7262872628726287,0.5388127853881278,0.6325500241303783,0.6836734693877551,0.6825938566552902,0.6847457627118644,0.6836698096835773,0.6836734693877551,0.6825938566552902,0.6847457627118644,0.6836698096835773,0.7312925170068028,0.7584097859327217,0.6973180076628352,0.7278638967977784,0.6462585034013606,0.6790123456790124,0.6060606060606061,0.6425364758698092,0.6394557823129252,0.6748466257668712,0.5954198473282443,0.6351332365475577,0.6462585034013606,0.6923076923076923,0.584,0.6381538461538461,0.6360544217687075,0.6707692307692308,0.5931558935361216,0.6319625621526762,0.6428571428571429,0.6808510638297872,0.5945945945945946,0.6377228292121909,0.6496598639455783,0.6850152905198776,0.6053639846743295,0.6451896375971036,0.6530612244897959,0.6946107784431138,0.5984251968503937,0.6465179876467537,0.6564625850340136,0.7020648967551623,0.5943775100401606,0.6482212033976614,0.6598639455782312,0.6987951807228916,0.609375,0.6540850903614458
S6,0.5,0.0,0.6666666666666666,0.3333333333333333,0.4566929133858268,0.5,0.4051724137931034,0.4525862068965517,0.4566929133858268,0.5,0.4051724137931034,0.4525862068965517,0.5708661417322834,0.6706948640483383,0.384180790960452,0.5274378275043952,0.49606299212598426,0.0,0.6631578947368421,0.33157894736842103,0.47244094488188976,0.22093023255813954,0.6011904761904762,0.4110603543743079,0.452755905511811,0.38222222222222224,0.508833922261484,0.44552807224185315,0.4330708661417323,0.5294117647058824,0.2871287128712871,0.4082702387885847,0.421259842519685,0.4280155642023346,0.41434262948207173,0.42117909684220317,0.4251968503937008,0.4016393442622951,0.44696969696969696,0.424304520615996,0.484251968503937,0.22485207100591717,0.6135693215339233,0.41921069626992025,0.5,0.0,0.6666666666666666,0.3333333333333333,0.41338582677165353,0.4063745019920319,0.42023346303501946,0.4133039825135257
S7,0.7086956521739131,0.8295165394402035,0.0,0.41475826972010177,0.32608695652173914,0.46366782006920415,0.0935672514619883,0.2786175357655962,0.32608695652173914,0.46366782006920415,0.0935672514619883,0.2786175357655962,0.49130434782608695,0.6422018348623854,0.12030075187969924,0.3812512933710423,0.6478260869565218,0.7828418230563002,0.06896551724137931,0.4259036701488398,0.6391304347826087,0.7675070028011205,0.1941747572815534,0.48084088004133696,0.6173913043478261,0.75,0.18518518518518517,0.46759259259259256,0.46956521739130436,0.6139240506329114,0.1527777777777778,0.3833509142053446,0.5173913043478261,0.6605504587155964,0.16541353383458646,0.4129819962750914,0.5826086956521739,0.7209302325581395,0.1724137931034483,0.4466720128307939,0.6304347826086957,0.7605633802816901,0.19047619047619047,0.4755197853789403,0.6565217391304348,0.7859078590785907,0.13186813186813187,0.4588879954733613,0.5347826086956522,0.6786786786786787,0.15748031496062992,0.4180794968196543
S8,0.43014705882352944,0.5481049562682215,0.22885572139303484,0.38848033883062816,0.5441176470588235,0.5921052631578947,0.48333333333333334,0.537719298245614,0.5441176470588235,0.5921052631578947,0.48333333333333334,0.537719298245614,0.5404411764705882,0.6312684365781711,0.3902439024390244,0.5107561695085978,0.43014705882352944,0.5230769230769231,0.2922374429223744,0.40765718299964876,0.41544117647058826,0.49842271293375395,0.29955947136563876,0.39899109214969636,0.4117647058823529,0.49044585987261147,0.30434782608695654,0.397396842979784,0.4117647058823529,0.4838709677419355,0.3162393162393162,0.40005514199062586,0.4117647058823529,0.48717948717948717,0.3103448275862069,0.39876215738284704,0.41911764705882354,0.5,0.30701754385964913,0.4035087719298246,0.4227941176470588,0.5078369905956113,0.3022222222222222,0.4050296064089167,0.43014705882352944,0.5171339563862928,0.30493273542600896,0.41103334590615087,0.4411764705882353,0.525,0.32142857142857145,0.42321428571428577
S9,0.31007751937984496,0.011111111111111112,0.47023809523809523,0.24067460317460318,0.5852713178294574,0.6666666666666666,0.4512820512820513,0.558974358974359,0.5852713178294574,0.6666666666666666,0.4512820512820513,0.558974358974359,0.5310077519379846,0.5980066445182725,0.4372093023255814,0.517607973421927,0.36046511627906974,0.1708542713567839,0.4794952681388013,0.3251747697477926,0.3682170542635659,0.2048780487804878,0.4758842443729904,0.34038114657673907,0.39147286821705424,0.2559241706161137,0.4852459016393443,0.370585036127729,0.46511627906976744,0.4609375,0.46923076923076923,0.4650841346153846,0.4689922480620155,0.44081632653061226,0.4944649446494465,0.4676406355900294,0.43410852713178294,0.3706896551724138,0.4859154929577465,0.42830257406508015,0.41472868217054265,0.30414746543778803,0.49498327759197325,0.39956537151488064,0.38372093023255816,0.20100502512562815,0.49842271293375395,0.34971386902969104,0.4844961240310077,0.46153846153846156,0.5055762081784386,0.4835573348584501
S10,0.3591549295774648,0.0,0.5284974093264249,0.26424870466321243,0.4647887323943662,0.5529411764705883,0.3333333333333333,0.44313725490196076,0.4647887323943662,0.5529411764705883,0.3333333333333333,0.44313725490196076,0.46830985915492956,0.5746478873239437,0.29107981220657275,0.4328638497652582,0.3591549295774648,0.0,0.5284974093264249,0.26424870466321243,0.3415492957746479,0.010582010582010581,0.5065963060686016,0.2585891583253061,0.352112676056338,0.0707070707070707,0.5027027027027027,0.2867048867048867,0.35563380281690143,0.2591093117408907,0.42990654205607476,0.34450792689848275,0.323943661971831,0.16521739130434782,0.4319526627218935,0.2985850270131206,0.35563380281690143,0.08955223880597014,0.5013623978201635,0.2954573183130668,0.3485915492957746,0.0,0.5169712793733682,0.2584856396866841,0.3591549295774648,0.0,0.5284974093264249,0.26424870466321243,0.36971830985915494,0.14354066985645933,0.5013927576601671,0.3224667137583132
S11,0.41333333333333333,0.5849056603773585,0.0,0.29245283018867924,0.55,0.5229681978798587,0.5741324921135647,0.5485503449967117,0.55,0.5229681978798587,0.5741324921135647,0.5485503449967117,0.5433333333333333,0.5623003194888179,0.5226480836236934,0.5424742015562556,0.4166666666666667,0.5591939546599496,0.13793103448275862,0.34856249457135413,0.37666666666666665,0.4932249322493225,0.19047619047619047,0.3418505613627565,0.41,0.4553846153846154,0.3563636363636364,0.40587412587412586,0.5433333333333333,0.5159010600706714,0.5678233438485805,0.541862201959626,0.49333333333333335,0.46853146853146854,0.5159235668789809,0.4922275177052247,0.4633333333333333,0.45791245791245794,0.46864686468646866,0.4632796612994633,0.44333333333333336,0.48615384615384616,0.3927272727272727,0.43944055944055943,0.46,0.547486033519553,0.3305785123966942,0.43903227295812364,0.51,0.4842105263157895,0.5333333333333333,0.5087719298245614
S12,0.5080645161290323,0.6737967914438503,0.0,0.33689839572192515,0.7943548387096774,0.8075471698113208,0.7792207792207793,0.79338397451605,0.7943548387096774,0.8075471698113208,0.7792207792207793,0.79338397451605,0.6774193548387096,0.7297297297297297,0.6,0.6648648648648648,0.5282258064516129,0.6759002770083102,0.13333333333333333,0.40461680517082177,0.5443548387096774,0.6646884272997032,0.2893081761006289,0.4769983017001661,0.5685483870967742,0.6624605678233438,0.4022346368715084,0.5323476023474261,0.6895161290322581,0.72,0.6515837104072398,0.68579185520362,0.6451612903225806,0.6923076923076923,0.580952380952381,0.6366300366300366,0.6290322580645161,0.6827586206896552,0.5533980582524272,0.6180783394710412,0.592741935483871,0.6873065015479877,0.4161849710982659,0.5517457363231268,0.5524193548387096,0.6819484240687679,0.24489795918367346,0.4634231916262207,0.6411290322580645,0.6898954703832753,0.5741626794258373,0.6320290749045563
S13,0.7689530685920578,0.8279569892473119,0.6483516483516484,0.7381543187994801,0.5631768953068592,0.6824146981627297,0.30057803468208094,0.49149636642240535,0.5595667870036101,0.6789473684210526,0.2988505747126437,0.48889897156684814,0.5306859205776173,0.6306818181818182,0.3564356435643564,0.4935587308730873,0.6678700361010831,0.727810650887574,0.5740740740740741,0.650942362480824,0.6570397111913358,0.7129909365558912,0.5739910313901345,0.6434909839730129,0.6353790613718412,0.691131498470948,0.5550660792951542,0.623098788883051,0.6462093862815884,0.7100591715976331,0.5462962962962963,0.6281777339469647,0.6534296028880866,0.7176470588235294,0.5514018691588785,0.634524463991204,0.6534296028880866,0.7159763313609467,0.5555555555555556,0.6357659434582512,0.6353790613718412,0.6966966966966966,0.5429864253393665,0.6198415610180316,0.631768953068592,0.6909090909090909,0.5446428571428571,0.6177759740259741,0.6498194945848376,0.7204610951008645,0.5314009661835749,0.6259310306422197
S14,0.6721311475409836,0.803921568627451,0.0,0.4019607843137255,0.6352459016393442,0.7244582043343654,0.46060606060606063,0.592532132470213,0.6352459016393442,0.7244582043343654,0.46060606060606063,0.592532132470213,0.5737704918032787,0.6867469879518072,0.3333333333333333,0.5100401606425703,0.6639344262295082,0.795,0.06818181818181818,0.43159090909090914,0.6639344262295082,0.795,0.06818181818181818,0.43159090909090914,0.6557377049180327,0.7868020304568528,0.10638297872340426,0.44659250459012856,0.6270491803278688,0.7636363636363637,0.11650485436893204,0.44007060900264783,0.6475409836065574,0.7794871794871795,0.12244897959183673,0.4509680795395081,0.6516393442622951,0.782608695652174,0.12371134020618557,0.45316001792917976,0.6434426229508197,0.7786259541984732,0.08421052631578947,0.4314182402571314,0.639344262295082,0.7766497461928934,0.06382978723404255,0.42023976671346797,0.6352459016393442,0.7700258397932817,0.1188118811881188,0.44441886049070023
S15,0.465625,0.38267148014440433,0.5289256198347108,0.45579854998955754,0.678125,0.7565011820330969,0.5253456221198156,0.6409234020764563,0.678125,0.7565011820330969,0.5253456221198156,0.6409234020764563,0.69375,0.7782805429864253,0.5050505050505051,0.6416655240184652,0.478125,0.4524590163934426,0.5014925373134328,0.4769757768534377,0.4625,0.4625,0.4625,0.4625,0.5125,0.5465116279069767,0.47297297297297297,0.5097423004399748,0.55,0.6149732620320856,0.45864661654135336,0.5368099392867195,0.534375,0.5962059620596206,0.45018450184501846,0.5231952319523195,0.51875,0.5698324022346368,0.45390070921985815,0.5118665557272475,0.509375,0.547550432276657,0.4641638225255973,0.5058571274011272,0.509375,0.525679758308157,0.4919093851132686,0.5087945717107129,0.53125,0.601063829787234,0.4318181818181818,0.5164410058027079
S16,0.45248868778280543,0.6134185303514377,0.06201550387596899,0.33771701711370333,0.6063348416289592,0.6789667896678967,0.49122807017543857,0.5850974299216676,0.6063348416289592,0.6789667896678967,0.49122807017543857,0.5850974299216676,0.6244343891402715,0.7313915857605178,0.37593984962406013,0.553665717692289,0.4751131221719457,0.6233766233766234,0.13432835820895522,0.37885249079278926,0.4751131221719457,0.6233766233766234,0.13432835820895522,0.37885249079278926,0.5203619909502263,0.6490066225165563,0.24285714285714285,0.4459318826868496,0.5475113122171946,0.6644295302013423,0.3055555555555556,0.48499254287844895,0.5384615384615384,0.6577181208053692,0.2916666666666667,0.4746923937360179,0.5384615384615384,0.6577181208053692,0.2916666666666667,0.4746923937360179,0.5248868778280543,0.6511627906976745,0.2553191489361702,0.4532409698169223,0.497737556561086,0.6384364820846905,0.17777777777777778,0.40810712993123416,0.5339366515837104,0.6555183946488294,0.27972027972027974,0.4676193371845546
S17,0.6398601398601399,0.7444168734491315,0.3905325443786982,0.5674747089139149,0.541958041958042,0.5919003115264797,0.47808764940239046,0.534993980464435,0.541958041958042,0.5919003115264797,0.47808764940239046,0.534993980464435,0.486013986013986,0.5787965616045845,0.34080717488789236,0.4598018682462384,0.6293706293706294,0.735,0.38372093023255816,0.5593604651162791,0.6293706293706294,0.736318407960199,0.3764705882352941,0.5563944980977465,0.6503496503496503,0.7524752475247525,0.40476190476190477,0.5786185761433287,0.6433566433566433,0.7315789473684211,0.46875,0.6001644736842106,0.6433566433566433,0.7397959183673469,0.43333333333333335,0.5865646258503401,0.6468531468531469,0.749379652605459,0.40236686390532544,0.5758732582553923,0.6643356643356644,0.7647058823529411,0.4146341463414634,0.5896700143472022,0.6643356643356644,0.7647058823529411,0.4146341463414634,0.5896700143472022,0.6573426573426573,0.7474226804123711,0.4673913043478261,0.6074069923800987
S18,0.7254901960784313,0.7244094488188977,0.7265625,0.7254859744094488,0.5843137254901961,0.6214285714285714,0.5391304347826087,0.5802795031055901,0.5843137254901961,0.6214285714285714,0.5391304347826087,0.5802795031055901,0.5843137254901961,0.6442953020134228,0.5,0.5721476510067114,0.6745098039215687,0.6914498141263941,0.6556016597510373,0.6735257369387158,0.6431372549019608,0.6666666666666666,0.6160337552742616,0.6413502109704641,0.6352941176470588,0.6618181818181819,0.6042553191489362,0.633036750483559,0.615686274509804,0.6549295774647887,0.5663716814159292,0.610650629440359,0.615686274509804,0.65,0.5739130434782609,0.6119565217391305,0.6274509803921569,0.6643109540636042,0.5814977973568282,0.6229043757102162,0.6235294117647059,0.6595744680851063,0.5789473684210527,0.6192609182530795,0.6235294117647059,0.6496350364963503,0.5932203389830508,0.6214276877397006,0.6196078431372549,0.6596491228070176,0.5688888888888889,0.6142690058479532
S19,0.7014925373134329,0.7637795275590551,0.5945945945945946,0.6791870610768249,0.582089552238806,0.6347826086956522,0.5116279069767442,0.5732052578361981,0.582089552238806,0.6347826086956522,0.5116279069767442,0.5732052578361981,0.6218905472636815,0.6779661016949152,0.5421686746987951,0.6100673881968552,0.6567164179104478,0.7315175097276264,0.5241379310344828,0.6278277203810546,0.6368159203980099,0.7203065134099617,0.48226950354609927,0.6012880084780304,0.5970149253731343,0.6896551724137931,0.425531914893617,0.5575935436537051,0.5671641791044776,0.6614785992217899,0.4,0.5307392996108949,0.5870646766169154,0.6795366795366795,0.4195804195804196,0.5495585495585495,0.5970149253731343,0.6872586872586872,0.43356643356643354,0.5604125604125604,0.6119402985074627,0.7022900763358778,0.44285714285714284,0.5725736095965104,0.6467661691542289,0.7360594795539034,0.46616541353383456,0.601112446543869,0.6019900497512438,0.6850393700787402,0.4594594594594595,0.5722494147690999
S20,0.5053003533568905,0.6111111111111112,0.32038834951456313,0.4657497303128372,0.568904593639576,0.6139240506329114,0.512,0.5629620253164558,0.568904593639576,0.6139240506329114,0.512,0.5629620253164558,0.5335689045936396,0.6373626373626373,0.3465346534653465,0.4919486454139919,0.5265017667844523,0.6598984771573604,0.22093023255813954,0.44041435485774993,0.558303886925795,0.6786632390745502,0.2937853107344633,0.4862242749045067,0.5865724381625441,0.7037974683544304,0.3157894736842105,0.5097934710193204,0.6289752650176679,0.7300771208226221,0.4067796610169492,0.5684283909197856,0.6042402826855123,0.7171717171717171,0.3411764705882353,0.5291740938799763,0.5971731448763251,0.7135678391959799,0.32142857142857145,0.5174982053122756,0.6007067137809188,0.7153652392947103,0.33136094674556216,0.5233630930201363,0.5724381625441696,0.7041564792176039,0.22929936305732485,0.4667279211374644,0.6219081272084805,0.7304785894206549,0.3668639053254438,0.5486712473730493
S21,0.6284722222222222,0.3668639053254438,0.7371007371007371,0.5519823212130904,0.6041666666666666,0.5681818181818182,0.6346153846153846,0.6013986013986015,0.6041666666666666,0.5681818181818182,0.6346153846153846,0.6013986013986015,0.5381944444444444,0.5581395348837209,0.5163636363636364,0.5372515856236786,0.6701388888888888,0.4508670520231214,0.7642679900744417,0.6075675210487815,0.6736111111111112,0.45977011494252873,0.7661691542288557,0.6129696345856922,0.65625,0.4342857142857143,0.7531172069825436,0.5937014606341289,0.6284722222222222,0.49765258215962443,0.7052341597796143,0.6014433709696194,0.6215277777777778,0.4467005076142132,0.712401055408971,0.5795507815115921,0.625,0.425531914893617,0.7216494845360825,0.5735906997148498,0.6458333333333334,0.43333333333333335,0.7424242424242424,0.5878787878787879,0.6527777777777778,0.42528735632183906,0.7512437810945274,0.5882655687081833,0.6388888888888888,0.5,0.717391304347826,0.6086956521739131
S22,0.408,0.0,0.5795454545454546,0.2897727272727273,0.648,0.674074074074074,0.6173913043478261,0.6457326892109501,0.648,0.674074074074074,0.6173913043478261,0.6457326892109501,0.66,0.750733137829912,0.46540880503144655,0.6080709714306793,0.396,0.32286995515695066,0.4548736462093863,0.3888718006831685,0.436,0.4149377593360996,0.4555984555984556,0.4352681074672776,0.508,0.5653710247349824,0.43317972350230416,0.49927537411864326,0.504,0.5947712418300654,0.36082474226804123,0.47779799204905327,0.516,0.5925925925925926,0.4039408866995074,0.49826673964604995,0.512,0.5821917808219178,0.41346153846153844,0.4978266596417281,0.508,0.5743944636678201,0.41706161137440756,0.49572803752111383,0.464,0.5179856115107914,0.3963963963963964,0.4571910039535939,0.504,0.5753424657534246,0.40384615384615385,0.48959430979978924
S23,0.551440329218107,0.660436137071651,0.3393939393939394,0.49991503823279526,0.6584362139917695,0.7224080267558528,0.5561497326203209,0.6392788796880868,0.6584362139917695,0.7224080267558528,0.5561497326203209,0.6392788796880868,0.5679012345679012,0.6974063400576369,0.2446043165467626,0.47100532830219977,0.5185185185185185,0.6548672566371682,0.20408163265306123,0.4294744446451147,0.5185185185185185,0.6548672566371682,0.20408163265306123,0.4294744446451147,0.51440329218107,0.6609195402298851,0.14492753623188406,0.40292353823088456,0.5308641975308642,0.6761363636363636,0.14925373134328357,0.4126950474898236,0.5267489711934157,0.6742209631728046,0.13533834586466165,0.4047796545187331,0.522633744855967,0.672316384180791,0.12121212121212122,0.3967642526964561,0.522633744855967,0.672316384180791,0.12121212121212122,0.3967642526964561,0.522633744855967,0.672316384180791,0.12121212121212122,0.3967642526964561,0.5349794238683128,0.6852367688022284,0.11023622047244094,0.3977364946373347
S24,0.5076142131979695,0.5125628140703518,0.5025641025641026,0.5075634583172272,0.37055837563451777,0.44144144144144143,0.27906976744186046,0.36025560444165095,0.37055837563451777,0.44144144144144143,0.27906976744186046,0.36025560444165095,0.3604060913705584,0.47058823529411764,0.19230769230769232,0.33144796380090497,0.4263959390862944,0.4840182648401826,0.35428571428571426,0.4191519895629484,0.39593908629441626,0.45662100456621,0.32,0.38831050228310504,0.350253807106599,0.452991452991453,0.2,0.3264957264957265,0.3147208121827411,0.43037974683544306,0.14012738853503184,0.28525356768523746,0.3147208121827411,0.43983402489626555,0.11764705882352941,0.2787405418598975,0.3147208121827411,0.43983402489626555,0.11764705882352941,0.2787405418598975,0.3197969543147208,0.45081967213114754,0.10666666666666667,0.2787431693989071,0.3350253807106599,0.46963562753036436,0.10884353741496598,0.2892395824726652,0.3096446700507614,0.4380165289256198,0.10526315789473684,0.2716398434101783
S25,0.49795918367346936,0.016,0.663013698630137,0.3395068493150685,0.5306122448979592,0.5692883895131086,0.484304932735426,0.5267966611242673,0.5306122448979592,0.5692883895131086,0.484304932735426,0.5267966611242673,0.5346938775510204,0.6346153846153846,0.3595505617977528,0.4970829732065687,0.563265306122449,0.3270440251572327,0.676737160120846,0.5018905926390393,0.5673469387755102,0.4536082474226804,0.6418918918918919,0.5477500696572861,0.5795918367346938,0.5296803652968036,0.6199261992619927,0.5748032822793981,0.5469387755102041,0.5432098765432098,0.5506072874493927,0.5469085819963013,0.5551020408163265,0.5439330543933054,0.5657370517928287,0.554835053093067,0.5591836734693878,0.5423728813559322,0.5748031496062992,0.5585880154811157,0.5673469387755102,0.5391304347826087,0.5923076923076923,0.5657190635451506,0.6122448979591837,0.5581395348837209,0.6545454545454545,0.6063424947145877,0.5469387755102041,0.5506072874493927,0.5432098765432098,0.5469085819963013
S26,0.768976897689769,0.8195876288659794,0.6788990825688074,0.7492433557173934,0.6963696369636964,0.7371428571428571,0.640625,0.6888839285714285,0.6963696369636964,0.7371428571428571,0.640625,0.6888839285714285,0.6831683168316832,0.7362637362637363,0.6033057851239669,0.6697847606938516,0.594059405940594,0.5287356321839081,0.6434782608695652,0.5861069465267366,0.5346534653465347,0.4050632911392405,0.6178861788617886,0.5114747350005145,0.5247524752475248,0.36283185840707965,0.6210526315789474,0.49194224499301353,0.594059405940594,0.5527272727272727,0.6283987915407855,0.5905630321340292,0.5808580858085809,0.5207547169811321,0.6275659824046921,0.5741603496929121,0.5742574257425742,0.49411764705882355,0.6324786324786325,0.563298139768728,0.5610561056105611,0.4435146443514644,0.6376021798365122,0.5405584120939884,0.5511551155115512,0.4188034188034188,0.6344086021505376,0.5266060104769782,0.6402640264026402,0.6175438596491228,0.660436137071651,0.638989998360387
S27,0.42679127725856697,0.576036866359447,0.11538461538461539,0.3457107408720312,0.6012461059190031,0.630057803468208,0.5675675675675675,0.5988126855178878,0.6012461059190031,0.630057803468208,0.5675675675675675,0.5988126855178878,0.6573208722741433,0.6875,0.6206896551724138,0.6540948275862069,0.45482866043613707,0.5257452574525745,0.358974358974359,0.44235980821346677,0.4672897196261682,0.5390835579514824,0.36900369003690037,0.4540436239941914,0.4797507788161994,0.5399449035812672,0.4014336917562724,0.4706892976687698,0.49221183800623053,0.5484764542936288,0.4199288256227758,0.4842026399582023,0.4953271028037383,0.55,0.425531914893617,0.4877659574468085,0.5046728971962616,0.5571030640668524,0.4381625441696113,0.49763280411823185,0.4953271028037383,0.5524861878453039,0.42142857142857143,0.48695737963693764,0.48598130841121495,0.5403899721448467,0.4169611307420495,0.4786755514434481,0.5264797507788161,0.5824175824175825,0.45323741007194246,0.5178274962447624
S28,0.36018957345971564,0.0,0.5296167247386759,0.26480836236933797,0.6018957345971564,0.6585365853658537,0.5227272727272727,0.5906319290465631,0.6018957345971564,0.6585365853658537,0.5227272727272727,0.5906319290465631,0.6398104265402843,0.7142857142857143,0.5128205128205128,0.6135531135531136,0.4028436018957346,0.19230769230769232,0.5263157894736842,0.35931174089068824,0.4312796208530806,0.3939393939393939,0.4642857142857143,0.4291125541125541,0.4218009478672986,0.42990654205607476,0.41346153846153844,0.42168404025880657,0.44549763033175355,0.5145228215767634,0.35359116022099446,0.43405699089887895,0.43601895734597157,0.4978902953586498,0.3567567567567568,0.4273235260577033,0.41706161137440756,0.462882096069869,0.3626943005181347,0.4127881982940019,0.4075829383886256,0.3902439024390244,0.423963133640553,0.4071035180397887,0.44075829383886256,0.3058823529411765,0.5317460317460317,0.4188141923436041,0.4265402843601896,0.48068669527896996,0.35978835978835977,0.42023752753366483
S29,0.6770833333333334,0.7372881355932204,0.581081081081081,0.6591846083371506,0.7760416666666666,0.8244897959183674,0.6906474820143885,0.7575686389663779,0.7760416666666666,0.8244897959183674,0.6906474820143885,0.7575686389663779,0.8020833333333334,0.8652482269503546,0.6274509803921569,0.7463496036712558,0.8333333333333334,0.8787878787878788,0.7333333333333333,0.806060606060606,0.8229166666666666,0.8721804511278195,0.711864406779661,0.7920224289537403,0.8385416666666666,0.8864468864468864,0.7207207207207207,0.8035838035838035,0.84375,0.8905109489051095,0.7272727272727273,0.8088918380889184,0.84375,0.8905109489051095,0.7272727272727273,0.8088918380889184,0.8385416666666666,0.8872727272727273,0.7155963302752294,0.8014345287739784,0.8385416666666666,0.8872727272727273,0.7155963302752294,0.8014345287739784,0.8385416666666666,0.8872727272727273,0.7155963302752294,0.8014345287739784,0.8645833333333334,0.9037037037037037,0.7719298245614035,0.8378167641325536
S30,0.30903790087463556,0.2616822429906542,0.3506849315068493,0.3061835872487517,0.5685131195335277,0.6636363636363637,0.3983739837398374,0.5310051736881005,0.5685131195335277,0.6636363636363637,0.3983739837398374,0.5310051736881005,0.6297376093294461,0.7315010570824524,0.40375586854460094,0.5676284628135266,0.46647230320699706,0.5067385444743935,0.41904761904761906,0.4628930817610063,0.5889212827988338,0.6618705035971223,0.4758364312267658,0.5688534674119441,0.6151603498542274,0.6930232558139535,0.484375,0.5886991279069768,0.6472303206997084,0.7328918322295805,0.48068669527896996,0.6067892637542752,0.6384839650145773,0.7244444444444444,0.4745762711864407,0.5995103578154426,0.6122448979591837,0.6956521739130435,0.46586345381526106,0.5807578138641523,0.5743440233236151,0.6507177033492823,0.4552238805970149,0.5529707919731486,0.4956268221574344,0.5575447570332481,0.4135593220338983,0.4855520395335732,0.6034985422740525,0.6880733944954128,0.456,0.5720366972477064
Average,0.5357448227117925,0.4820568444088338,0.4269671990800224,0.4545120217444281,0.5825442875340077,0.63082420665515,0.5033176918665679,0.567070949260859,0.5824239505905661,0.6307086289970942,0.5032601098675867,0.5669843694323404,0.5880079074785747,0.6649448355661544,0.4438386341751486,0.5543917348706515,0.5411118158466534,0.5117781153191391,0.4493142375657834,0.4805461764424612,0.5423598355025873,0.5364458577552083,0.45335004206519336,0.4948979499102009,0.5498936145675392,0.5590761479213749,0.4574170400586693,0.508246593990022,0.5622415784571668,0.6045938498316134,0.4584859467325719,0.5315398982820926,0.5587844140799806,0.5914252874465881,0.45898442871134976,0.5252048580789688,0.5565261408178095,0.5780559359006899,0.45926434237222474,0.5186601391364574,0.5562789432143346,0.561440281765303,0.46057841892902407,0.5110093503471635,0.551222927256344,0.5358846367158356,0.4511293140545447,0.4935069753851902,0.5642620304475924,0.5975103354746534,0.4634035652437592,0.5304569503592061
Std,0.13221547335831513,0.29736846985231535,0.2391783585832812,0.15339625738431595,0.1089316273315451,0.11385575503948885,0.13615485164737234,0.11228345384826428,0.10895494760259156,0.11380507425811687,0.1362409192992196,0.11234268050422692,0.10469928772736298,0.1008631471886184,0.14115032867041002,0.10769096837122227,0.11443650498355896,0.23735151460271026,0.2058893049211821,0.12527775363392302,0.11225971082952371,0.20019863018300532,0.18155905690820556,0.11341606157370909,0.10979205913083596,0.18089298601574041,0.169139297012213,0.10859066171557488,0.10842938810424817,0.12833143778511658,0.17135104043607485,0.1124663282845072,0.10986361358237562,0.14684806189971056,0.16984912731273435,0.11189220386542899,0.10915078129824311,0.16737117068036075,0.16980059475470882,0.1114727735470279,0.10979304833152473,0.1933447053744788,0.17719876043427962,0.11442213421181353,0.1104750887823499,0.22690955940592478,0.19687842393650276,0.12134666613386282,0.10904236102460886,0.14976563485080746,0.1740713718990013,0.11542260245000595
